CLAVE,SITIO,ESTADO,LATITUD,LONGITUD,SEMAFORO,CLUSTER
DLAGU8,PRESA EL SAUCILLO 100M AGUAS ARRIBA DE LA CORTINA,AGUASCALIENTES,22.2473,-102.33911,Rojo,0
DLBAJ100,"LOS CABOS SEG 22, 2 ISA10B",BAJA CALIFORNIA SUR,22.90473,-109.8429,Verde,0
DLBAJ101,"LOS CABOS SEG 22, 1 ISA10B",BAJA CALIFORNIA SUR,22.8988,-109.86442,Verde,0
DLBAJ102,LOS CABOS 3,BAJA CALIFORNIA SUR,22.89609,-109.88604,Verde,0
DLBAJ103,LOS CABOS 1,BAJA CALIFORNIA SUR,22.87694,-109.89657,Verde,0
DLBAJ104,BAHIA CABO SAN LUCAS,BAJA CALIFORNIA SUR,22.88,-109.9025,Verde,0
DLBAJ105,LOS CABOS 2,BAJA CALIFORNIA SUR,22.8831,-109.9054,Verde,0
DLBAJ106W2,LAGUNA TODOS SANTOS - CENTRO DE LA LAGUNA,BAJA CALIFORNIA SUR,23.4393,-110.23902,Rojo,0
DLBAJ109,MANANTIAL SAN REGIS,BAJA CALIFORNIA SUR,23.45805,-110.22379,Amarillo,0
DLBAJ112,AGUA CALIENTE II,BAJA CALIFORNIA SUR,23.43995,-109.80786,Amarillo,1
DLBAJ120M1,BOCA DE LA SIERRA,BAJA CALIFORNIA SUR,23.39128,-109.8261,Amarillo,1
DLBAJ121,HUMEDAL OASIS DE LA SIERRA EL PILAR 1,BAJA CALIFORNIA SUR,24.50289,-110.95153,Amarillo,2
DLBAJ123,OASIS DE LA SIERRA EL PILAR 2,BAJA CALIFORNIA SUR,24.46953,-111.00268,Verde,1
DLBAJ124,MANANTIAL CADUAÑO,BAJA CALIFORNIA SUR,23.337,-109.77912,Amarillo,0
DLBAJ126,MANANTIAL SAN BARTOLO,BAJA CALIFORNIA SUR,23.73546,-109.84545,Verde,1
DLBAJ132,HUMEDAL LOS COMONDU 1,BAJA CALIFORNIA SUR,26.06218,-111.80531,Verde,1
DLBAJ133,ESTERO EL COYOTE,BAJA CALIFORNIA SUR,26.80955,-113.46249,Verde,0
DLBAJ134,ESTERO SAN JORGE LA POZA GRANDE,BAJA CALIFORNIA SUR,25.69695,-112.09347,Verde,0
DLBAJ135,HUMEDAL LOS COMONDU 2,BAJA CALIFORNIA SUR,26.03686,-111.8325,Amarillo,1
DLBAJ138,PARQUE NACIONAL BAHIA DE LORETO 1,BAJA CALIFORNIA SUR,25.7233,-111.23517,Verde,0
DLBAJ139,BAHIA DE LORETO 4,BAJA CALIFORNIA SUR,25.74527,-111.2583,Verde,0
DLBAJ140,"PLAYA JUNTO A PUERTO ESCONDIDO BCS SEG 24, 1 ISA8A",BAJA CALIFORNIA SUR,25.80818,-111.30427,Verde,0
DLBAJ141,PARQUE NACIONAL BAHIA DE LORETO 2,BAJA CALIFORNIA SUR,25.8758,-111.33986,Verde,0
DLBAJ143,BAHIA DE LORETO,BAJA CALIFORNIA SUR,25.8363,-111.33105,Verde,0
DLBAJ144,BAHIA LORETO 2,BAJA CALIFORNIA SUR,26.00486,-111.33488,Verde,0
DLBAJ145,BAHIA LORETO 1,BAJA CALIFORNIA SUR,26.02468,-111.34405,Verde,0
DLBAJ146,PARQUE NACIONAL BAHIA DE LORETO 3,BAJA CALIFORNIA SUR,26.061,-111.326,Verde,0
DLBAJ147,BAHIA CONCEPCION 5,BAJA CALIFORNIA SUR,26.56365,-111.77255,Verde,0
DLBAJ151,BAHIA CONCEPCION 3,BAJA CALIFORNIA SUR,26.62937,-111.8147,Verde,0
DLBAJ152,BAHIA CONCEPCION 1,BAJA CALIFORNIA SUR,26.70713,-111.88428,Verde,0
DLBAJ153,BAHIA CONCEPCION 2,BAJA CALIFORNIA SUR,26.88707,-111.93964,Verde,0
DLBAJ154,RIO MULEGE (DESEMBOCADURA),BAJA CALIFORNIA SUR,26.9002,-111.9534,Verde,0
DLBAJ155,RIO MULEGE 2,BAJA CALIFORNIA SUR,26.88692,-111.98679,Amarillo,1
DLBAJ156,RIO MULEGE 1,BAJA CALIFORNIA SUR,26.88867,-111.98267,Amarillo,1
DLBAJ159,"PLAYA SANTA ROSALIA SEG23, 2 ISA8A",BAJA CALIFORNIA SUR,27.33785,-112.26147,Verde,0
DLBAJ160,"PLAYA SANTA ROSALIA SEG23, 1 ISA8A",BAJA CALIFORNIA SUR,27.35023,-112.26933,Rojo,0
DLBAJ164,LAGUNA SAN IGNACIO 5,BAJA CALIFORNIA SUR,26.96917,-113.17406,Verde,0
DLBAJ165,LAGUNA SAN IGNACIO 3,BAJA CALIFORNIA SUR,26.94383,-113.14605,Verde,0
DLBAJ166,LAGUNA SAN IGNACIO 1,BAJA CALIFORNIA SUR,26.9028,-113.14135,Verde,0
DLBAJ167,LAGUNA SAN IGNACIO 8,BAJA CALIFORNIA SUR,26.87106,-113.17136,Verde,0
DLBAJ168,LAGUNA SAN IGNACIO 7,BAJA CALIFORNIA SUR,26.786,-113.15,Verde,0
DLBAJ169,"PLAYA SANTA ROSALIA, EL BOLEO",BAJA CALIFORNIA SUR,27.37706,-112.2933,Verde,0
DLBAJ170,LAGUNA SAN IGNACIO,BAJA CALIFORNIA SUR,26.7362,-113.2707,Verde,0
DLBAJ171,LAGUNA SAN IGNACIO 2,BAJA CALIFORNIA SUR,26.81313,-113.26459,Verde,0
DLBAJ172,"LA BOCANA SEG18, 2 ISA10B",BAJA CALIFORNIA SUR,26.7894,-113.70728,Verde,0
DLBAJ173,"LA BOCANA SEG18, 1 ISA10B",BAJA CALIFORNIA SUR,26.76086,-113.65367,Verde,0
DLBAJ174,SAN JUANICO,BAJA CALIFORNIA SUR,26.25615,-112.47136,Verde,0
DLBAJ175,LAGUNA OJO DE LIEBRE 1,BAJA CALIFORNIA SUR,27.75162,-114.19292,Verde,0
DLBAJ176,LAGUNA OJO DE LIEBRE 5,BAJA CALIFORNIA SUR,27.76011,-114.283,Verde,0
DLBAJ177,LAGUNA OJO DE LIEBRE 3,BAJA CALIFORNIA SUR,27.6475,-114.10713,Verde,0
DLBAJ178,LAGUNA OJO DE LIEBRE 6,BAJA CALIFORNIA SUR,27.68167,-114.14141,Verde,0
DLBAJ179,LAGUNA OJO DE LIEBRE 7,BAJA CALIFORNIA SUR,27.8463,-114.2036,Verde,0
DLBAJ180,LAGUNA OJO DE LIEBRE 2 SEG16 ISA10B (DESEMBOCADURA),BAJA CALIFORNIA SUR,27.86918,-114.27864,Verde,0
DLBAJ181,LAGUNA OJO DE LIEBRE 4,BAJA CALIFORNIA SUR,27.74018,-113.97281,Verde,0
DLBAJ190,HUMEDAL LA SIERRA DE GUADALUPE (VERTIENTE OCCIDENTAL) 1,BAJA CALIFORNIA SUR,26.38214,-112.50886,Amarillo,1
DLBAJ191M1,DESEMBOCADURA ARROYO LAS CUEVAS,BAJA CALIFORNIA SUR,23.61961,-109.60857,Amarillo,1
DLBAJ192,RIO SAN IGNACIO - REPRESO,BAJA CALIFORNIA SUR,27.29764,-112.89735,Amarillo,1
DLBAJ193,RIO LA PURISIMA 1,BAJA CALIFORNIA SUR,26.2298,-112.00876,Amarillo,1
DLBAJ194,RIO LA PURISIMA 2,BAJA CALIFORNIA SUR,26.15856,-112.12748,Rojo,0
DLBAJ195,BAHIA MAGDALENA (PUERTO ADOLFO LOPEZ MATEOS),BAJA CALIFORNIA SUR,25.1991,-112.12343,Rojo,0
DLBAJ196,BAHIA MAGDALENA (PUERTO SAN CARLOS),BAJA CALIFORNIA SUR,24.78773,-112.12122,Rojo,0
DLBAJ197,BAHIA MAGDALENA 1,BAJA CALIFORNIA SUR,24.6799,-112.0109,Amarillo,0
DLBAJ198,ISLA MARGARITA,BAJA CALIFORNIA SUR,24.4793,-111.8176,Verde,0
DLBAJ199,PUERTO MAGDALENA,BAJA CALIFORNIA SUR,24.63284,-112.13747,Verde,0
DLBAJ200,"PUERTO CANCUN BCS SEG20, 1 ISA10B",BAJA CALIFORNIA SUR,24.54675,-111.74285,Verde,0
DLBAJ201,FINAL DE ESTERO LA BOCANA,BAJA CALIFORNIA SUR,26.73946,-113.63021,Verde,0
DLBAJ203,"PUERTO CHALE SEG 20, 3 ISA10B",BAJA CALIFORNIA SUR,24.40499,-111.55928,Verde,0
DLBAJ204,MANANTIAL SAN PEDRITO,BAJA CALIFORNIA SUR,23.39026,-110.21183,Amarillo,2
DLBAJ205,BOCANA LOPEZ MATEOS,BAJA CALIFORNIA SUR,25.26685,-112.11671,Verde,0
DLBAJ55,HUMEDALES EL MOGOTE - ENSENADA DE LA PAZ 2,BAJA CALIFORNIA SUR,24.16496,-110.31682,Rojo,0
DLBAJ56,"BAHIA DE LA PAZ SEG 26, 1 ISA10B",BAJA CALIFORNIA SUR,24.17006,-110.32484,Verde,0
DLBAJ57,BAHIA DE LA PAZ PUERTO PILCHILINGUE,BAJA CALIFORNIA SUR,24.27517,-110.32851,Verde,0
DLBAJ58,BAHIA DE LA PAZ,BAJA CALIFORNIA SUR,24.21409,-110.30345,Verde,0
DLBAJ59,MAR - PEMEX LA PAZ,BAJA CALIFORNIA SUR,24.21853,-110.31084,Rojo,0
DLBAJ60,MAR - PEMEX Y CFE LA PAZ,BAJA CALIFORNIA SUR,24.2243,-110.3137,Verde,0
DLBAJ61,BAHIA LA PAZ SEG 27 ISA8,BAJA CALIFORNIA SUR,24.24291,-110.31742,Verde,0
DLBAJ62,HUMEDALES EL MOGOTE - ENSENADA DE LA PAZ 3,BAJA CALIFORNIA SUR,24.2582,-110.3164,Verde,0
DLBAJ63,HUMEDALES EL MOGOTE - ENSENADA DE LA PAZ 4,BAJA CALIFORNIA SUR,24.26563,-110.32374,Verde,0
DLBAJ64,"BAHIA DE LA PAZ SEG 25, 3 ISA9",BAJA CALIFORNIA SUR,24.15676,-110.42535,Verde,0
DLBAJ65,"BAHIA DE LA PAZ SEG 25, 2 ISA9",BAJA CALIFORNIA SUR,24.13794,-110.42442,Verde,0
DLBAJ66,"BAHIA DE LA PAZ SEG 25, 1 ISA9",BAJA CALIFORNIA SUR,24.11737,-110.42209,Verde,0
DLBAJ67,HUMEDALES EL MOGOTE - ENSENADA DE LA PAZ 1,BAJA CALIFORNIA SUR,24.11762,-110.35493,Verde,0
DLBAJ78,EL SARGENTO Y LA VENTANA,BAJA CALIFORNIA SUR,24.07696,-109.99047,Verde,0
DLBAJ84,ENSENADA LOS MUERTOS,BAJA CALIFORNIA SUR,23.98474,-109.83324,Verde,0
DLBAJ85,MANANTIAL SAN JOSE DEL CABO,BAJA CALIFORNIA SUR,23.09,-109.70028,Amarillo,0
DLBAJ86,LOS BARRILES,BAJA CALIFORNIA SUR,23.69201,-109.69258,Verde,0
DLBAJ87,BUENAVISTA,BAJA CALIFORNIA SUR,23.67178,-109.69636,Verde,0
DLBAJ88,LA RIBERA,BAJA CALIFORNIA SUR,23.62191,-109.6072,Verde,0
DLBAJ89,CABO PULMO 2,BAJA CALIFORNIA SUR,23.43498,-109.42626,Verde,0
DLBAJ90,CABO PULMO 1,BAJA CALIFORNIA SUR,23.40421,-109.42467,Verde,0
DLBAJ94,SISTEMA RIPARIO DE LA CUENCA Y ESTERO DE SAN JOSE DEL CABO 3,BAJA CALIFORNIA SUR,23.05754,-109.69102,Amarillo,0
DLBAJ95,SISTEMA RIPARIO DE LA CUENCA Y ESTERO DE SAN JOSE DEL CABO 2,BAJA CALIFORNIA SUR,23.05032,-109.68738,Amarillo,1
DLBAJ96,BAHIA SAN JOSE DEL CABO,BAJA CALIFORNIA SUR,23.04306,-109.68889,Verde,0
DLBAJ97,SISTEMA RIPARIO DE LA CUENCA Y ESTERO DE SAN JOSE DEL CABO 1,BAJA CALIFORNIA SUR,23.04946,-109.68059,Amarillo,2
DLBAJ98,BAHIA SAN JOSE DEL CABO 2,BAJA CALIFORNIA SUR,23.06673,-109.64452,Verde,0
DLBAJ99,BAHIA SAN JOSE DEL CABO1,BAJA CALIFORNIA SUR,23.01398,-109.71361,Verde,0
DLCAM206,ISLA ARENA,CAMPECHE,20.69907,-90.45546,Verde,0
DLCAM207,RESERVA DE LA BIOSFERA LOS PETENES 3,CAMPECHE,20.44502,-90.50431,Verde,0
DLCAM208,RESERVA DE LA BIOSFERA LOS PETENES 5,CAMPECHE,20.33071,-90.49591,Verde,0
DLCAM209,RESERVA DE LA BIOSFERA LOS PETENES 4,CAMPECHE,20.25984,-90.49703,Verde,0
DLCAM210,RESERVA DE LA BIOSFERA LOS PETENES 2,CAMPECHE,20.0496,-90.4997,Verde,0
DLCAM211,RESERVA DE LA BIOSFERA LOS PETENES 1,CAMPECHE,19.87422,-90.51683,Verde,0
DLCAM222,MAR CAMPECHE 2,CAMPECHE,19.81477,-90.59334,Verde,0
DLCAM223,PLAYA BONITA,CAMPECHE,19.79481,-90.62183,Verde,0
DLCAM224,MAR CAMPECHE 5,CAMPECHE,19.79623,-90.61815,Verde,0
DLCAM229,PAYUCAN,CAMPECHE,19.6606,-90.70394,Verde,0
DLCAM231,DESEMBOCADURA RIO ICAJAO,CAMPECHE,19.46154,-90.70601,Verde,0
DLCAM232,DESEMBOCADURA RIO CHAMPOTON 2,CAMPECHE,19.35815,-90.72509,Amarillo,0
DLCAM234,PUENTE EL ZAPOTE,CAMPECHE,19.28103,-90.61368,Rojo,0
DLCAM235,CANASAYAB,CAMPECHE,19.29644,-90.57425,Rojo,0
DLCAM236,SAN JUAN CARPIZO,CAMPECHE,19.30365,-90.46921,Rojo,2
DLCAM237,PLAYA TORTUGUERA CHENKAN,CAMPECHE,19.10951,-91.01078,Verde,0
DLCAM238,PUNTA XEN,CAMPECHE,19.21135,-90.86936,Verde,0
DLCAM239,LAGUNA AQUILES SERDAN,CAMPECHE,18.96285,-90.71163,Verde,0
DLCAM240,EJIDO LOPEZ MATEOS,CAMPECHE,18.64079,-90.29456,Rojo,0
DLCAM241,LAGUNA CENTENARIO KM. 50,CAMPECHE,18.64156,-90.27489,Rojo,0
DLCAM242,LAGUNA LAS MARAVILLAS,CAMPECHE,18.49958,-90.27154,Rojo,0
DLCAM243,LAGUNA CHAMA-HA,CAMPECHE,18.47998,-90.21145,Rojo,0
DLCAM254,EMILIANO ZAPATA II,CAMPECHE,18.6726,-92.3104,Amarillo,0
DLCAM255,RIO PALIZADA AGUAS ABAJO DEL POBLADO,CAMPECHE,18.25307,-92.09435,Amarillo,2
DLCAM257,PUENTE SAN FRANCISCO,CAMPECHE,18.12662,-92.10888,Amarillo,0
DLCAM258,MANANTIAL AGUAS VERDES,CAMPECHE,17.89107,-90.84356,Verde,0
DLCAM259,BAHIA DE CAMPECHE 2,CAMPECHE,19.85149,-90.53662,Verde,0
DLCAM260,PUENTE NUEVO COAHUILA,CAMPECHE,17.89364,-90.79433,Verde,0
DLCAM261,BAHIA DE CAMPECHE 1,CAMPECHE,19.85821,-90.52646,Verde,0
DLCAM263,EL PEDREGAL,CAMPECHE,18.17039,-90.73634,Verde,0
DLCAM264,CENOTE MIGUEL COLORADO,CAMPECHE,18.81138,-90.64638,Rojo,0
DLCAM265,PUENTE PABLO TORRES BURGOS,CAMPECHE,18.29958,-90.70095,Rojo,0
DLCAM268,RIO MAMANTEL PUENTE,CAMPECHE,18.543,-91.09881,Rojo,0
DLCAM269,FINCA-PITAL AGUAS ABAJO RIO MAMANTEL,CAMPECHE,18.54964,-91.12435,Rojo,0
DLCAM270W1,LAGUNA DE TERMINOS 3,CAMPECHE,18.6236,-91.29465,Verde,0
DLCAM271W1,LAGUNA DE TERMINOS 4,CAMPECHE,18.74618,-91.24166,Verde,0
DLCAM272,LAGUNA DE TERMINOS 5,CAMPECHE,18.9408,-91.25088,Verde,0
DLCAM273W1,SABANCUY,CAMPECHE,18.99385,-91.18438,Verde,0
DLCAM274,ISLA AGUADA,CAMPECHE,18.7777,-91.5304,Verde,0
DLCAM275,LAGUNA DE TERMINOS 9,CAMPECHE,18.61958,-91.52096,Verde,0
DLCAM276W1,LAGUNA DE TERMINOS 2,CAMPECHE,18.52607,-91.41981,Verde,0
DLCAM277W1,LAGUNA DE TERMINOS 1,CAMPECHE,18.45576,-91.52379,Verde,0
DLCAM278,SANTA RITA CAMPECHE,CAMPECHE,18.32112,-91.54404,Rojo,0
DLCAM279,PUENTE CARRETERA CAM-VILLAHERMOSA,CAMPECHE,18.21123,-91.5135,Rojo,0
DLCAM280,CANDELARIA,CAMPECHE,18.26325,-91.30214,Rojo,0
DLCAM281,IGNACIO ZARAGOZA,CAMPECHE,18.38922,-91.30887,Rojo,0
DLCAM282,BAHIA DE CAMPECHE 3,CAMPECHE,19.83253,-90.55929,Verde,0
DLCAM283,CANDELARIA PUENTE AGUAS ABAJO DEL POBLADO,CAMPECHE,18.1873,-91.04966,Verde,0
DLCAM284,VENUSTIANO CARRANZA,CAMPECHE,18.1481,-91.0242,Rojo,0
DLCAM285W1,LAGUNA DE TERMINOS 6,CAMPECHE,18.5538,-91.88743,Verde,0
DLCAM286W1,LAGUNA DE TERMINO 8,CAMPECHE,18.50796,-91.84436,Verde,0
DLCAM287W1,LAGUNA DE TERMINO 7,CAMPECHE,18.49624,-91.78525,Verde,0
DLCAM288,ZACATAL,CAMPECHE,18.61465,-91.85875,Verde,0
DLCHI294,PLANTA NORTE,CHIHUAHUA,31.70936,-106.3704,Verde,1
DLCHI295,PLANTA SUR,CHIHUAHUA,31.64078,-106.3323,Rojo,0
DLCHI298,LOMA BLANCA,CHIHUAHUA,31.57044,-106.2915,Rojo,2
DLCHI299,GUADALUPE,CHIHUAHUA,31.39817,-106.11747,Rojo,2
DLCHI308,RIO PARRAL,CHIHUAHUA,26.95994,-105.63465,Rojo,2
DLCHI310,RIO CASAS GRANDES 6,CHIHUAHUA,30.24881,-107.9738,Verde,1
DLCHI335,PAPIGOCHI,CHIHUAHUA,28.38869,-107.43668,Verde,1
DLCHI350,PRESA LUIS L. LEON 7,CHIHUAHUA,28.93573,-105.31327,Verde,0
DLCHI351,PRESA LUIS L. LEON 8,CHIHUAHUA,28.92951,-105.31778,Verde,0
DLCHI352,RIO CHUVISCAR 4,CHIHUAHUA,28.65974,-106.0635,Rojo,0
DLCHI353,"PAPELERA DE CHIHUAHUA, S.A. DE C.V. (AGUAS ARRIBA)",CHIHUAHUA,28.66067,-106.06481,Rojo,2
DLCHI354,"PAPELERA DE CHIHUAHUA, S.A. DE C.V. (AGUAS ABAJO)",CHIHUAHUA,28.6603,-106.06249,Rojo,0
DLCHI356,PRESA LUIS L. LEON 9,CHIHUAHUA,28.96984,-105.29129,Verde,0
DLCHI357,PRESA LUIS L. LEON 10,CHIHUAHUA,28.97921,-105.27562,Verde,0
DLCHI360,RIO CHUVISCAR 5,CHIHUAHUA,28.71177,-105.98519,Rojo,0
DLCHI371,PRESA LUIS L. LEON 3,CHIHUAHUA,28.87382,-105.30391,Verde,0
DLCHI372,PRESA LUIS L. LEON 2,CHIHUAHUA,28.91117,-105.30691,Verde,0
DLCHI373,PRESA LUIS L. LEON 1,CHIHUAHUA,28.92445,-105.30842,Verde,0
DLCHI374,PRESA LUIS L. LEON 4,CHIHUAHUA,28.96204,-105.30365,Verde,0
DLCHI375,PRESA LUIS L. LEON 5,CHIHUAHUA,28.9668,-105.3012,Verde,0
DLCHI376,PRESA LUIS L. LEON 6,CHIHUAHUA,28.98241,-105.27812,Verde,0
DLCHI377,CONCHOS-PRESA EL GRANERO O PRESA LUIS L. LEON,CHIHUAHUA,28.9877,-105.28213,Verde,1
DLCHI381,RH24-8 BRAVO CONCHOS,CHIHUAHUA,29.55439,-104.86591,Amarillo,1
DLCHI382M1,PUENTE OJINAGA,CHIHUAHUA,29.54503,-104.47619,Amarillo,1
DLCHI384,PUENTE PRESIDIO-OJINAGA,CHIHUAHUA,29.55618,-104.39498,Amarillo,1
DLCHI385,RIO BRAVO 18,CHIHUAHUA,29.54219,-104.37767,Amarillo,1
DLCHI391,OJO VARELEÑO,CHIHUAHUA,30.40249,-107.97746,Amarillo,1
DLCHI396,OJO DE DOLORES,CHIHUAHUA,27.03243,-104.95257,Amarillo,1
DLCHI411,PUENTE CD. CAMARGO,CHIHUAHUA,27.7057,-105.1714,Rojo,1
DLCHI425,CANAL PRINCIPAL 32+221 DESCARGA AGUAS RESIDUALES,CHIHUAHUA,28.165,-105.62596,Verde,1
DLCHI427,RIO SAN PEDRO-PUENTE MEOQUI,CHIHUAHUA,28.26253,-105.47205,Amarillo,0
DLCHI428,PUENTE JULIMES,CHIHUAHUA,28.42361,-105.43816,Amarillo,1
DLCOA431,"PRESA VENUSTIANO CARRANZA, ENTRADA RIO SABINES",COAHUILA DE ZARAGOZA,27.51147,-100.67499,Amarillo,0
DLCOA432,"PRESA VENUSTIANO CARRANZA, CENTRO",COAHUILA DE ZARAGOZA,27.49669,-100.64442,Verde,0
DLCOA433,"PRESA VENUSTIANO CARRANZA, ENTRADA RIO SALADO",COAHUILA DE ZARAGOZA,27.48473,-100.70438,Amarillo,0
DLCOA434,"PRESA VENUSTIANO CARRANZA, SURESTE",COAHUILA DE ZARAGOZA,27.44855,-100.61208,Amarillo,0
DLCOA435,"PRESA VENUSTIANO CARRANZA, SUROESTE",COAHUILA DE ZARAGOZA,27.45079,-100.69417,Amarillo,0
DLCOA437,CORTINA PRESA VENUSTIANO CARRANZA,COAHUILA DE ZARAGOZA,27.50921,-100.6149,Amarillo,0
DLCOA439,RIO SABINAS 4,COAHUILA DE ZARAGOZA,27.76779,-101.02054,Amarillo,1
DLCOA441,PUENTE RIO SABINAS,COAHUILA DE ZARAGOZA,27.84027,-101.1227,Rojo,1
DLCOA442,AGUAS ABAJO DE SABINAS,COAHUILA DE ZARAGOZA,27.84842,-101.12512,Amarillo,1
DLCOA444,AGUAS ABAJO DEL POBLADO NUEVA ROSITA,COAHUILA DE ZARAGOZA,27.89212,-101.19206,Rojo,1
DLCOA448,RIO SABINAS 3,COAHUILA DE ZARAGOZA,27.97685,-101.41911,Amarillo,1
DLCOA450,ANTES DEL POBLADO MELCHOR OCAMPO (MUZQUIZ),COAHUILA DE ZARAGOZA,27.96737,-101.57022,Verde,1
DLCOA451,RIO SABINAS 1,COAHUILA DE ZARAGOZA,27.96926,-101.58122,Amarillo,1
DLCOA462,"FERSINSA GB, S.A. DE C.V. (AGUAS ABAJO)",COAHUILA DE ZARAGOZA,25.56572,-100.94548,Rojo,0
DLCOA464,"GENERAL MOTORS DE MEXICO, S.A. DE C.V. (A) (AGUAS ARRIBA)",COAHUILA DE ZARAGOZA,25.49958,-100.98693,Rojo,2
DLCOA466,"GENERAL MOTORS DE MEXICO, S.A. DE C.V. (B) (AGUAS ARRIBA)",COAHUILA DE ZARAGOZA,25.50166,-100.98679,Amarillo,0
DLCOA467,"GENERAL MOTORS DE MEXICO, S.A. DE C.V. (B) (AGUAS ABAJO)",COAHUILA DE ZARAGOZA,25.5244,-100.95989,Rojo,2
DLCOA468,"GENERAL MOTORS DE MEXICO, S.A. DE C.V. (C) (AGUAS ARRIBA)",COAHUILA DE ZARAGOZA,25.50274,-100.98609,Amarillo,0
DLCOA469,"GENERAL MOTORS DE MEXICO, S.A. DE C.V. (C) (AGUAS ABAJO)",COAHUILA DE ZARAGOZA,25.53042,-100.9586,Rojo,2
DLCOA478,TOMA DE AGUA DE CFE,COAHUILA DE ZARAGOZA,28.53229,-100.40237,Amarillo,1
DLCOA479,RIO BRAVO 11,COAHUILA DE ZARAGOZA,28.67511,-100.50545,Amarillo,1
DLCOA480,AGUAS ARRIBA DE CONFLUENCIA CON RIO BRAVO,COAHUILA DE ZARAGOZA,28.66191,-100.50154,Amarillo,1
DLCOA481,PUENTE INTERNACIONAL PIEDRAS NEGRAS,COAHUILA DE ZARAGOZA,28.70915,-100.5111,Amarillo,1
DLCOA483,AGUAS ABAJO DE CONFLUENCIA CON RIO BRAVO,COAHUILA DE ZARAGOZA,29.0716,-100.68181,Verde,1
DLCOA484,RIO BRAVO POBLADO BALCONES,COAHUILA DE ZARAGOZA,29.28122,-100.87948,Amarillo,0
DLCOA486,PARQUE INDUSTRIAL ACUÑA,COAHUILA DE ZARAGOZA,29.36448,-101.00435,Amarillo,1
DLCOA487,CORTINA PRESA LA AMISTAD,COAHUILA DE ZARAGOZA,29.45219,-101.06331,Verde,0
DLCOA488,PRESA INTERNACIONAL LA AMISTAD 4,COAHUILA DE ZARAGOZA,29.45434,-101.11588,Amarillo,0
DLCOA489,REPRESA HIDRAULICA DEL RIO,COAHUILA DE ZARAGOZA,29.4667,-101.15818,Verde,0
DLCOA490,PRESA INTERNACIONAL LA AMISTAD 5,COAHUILA DE ZARAGOZA,29.51944,-101.25259,Verde,0
DLCOA491,PRESA INTERNACIONAL LA AMISTAD 6,COAHUILA DE ZARAGOZA,29.57344,-101.24739,Verde,0
DLCOA494,PRESA INTERNACIONAL LA AMISTAD 1,COAHUILA DE ZARAGOZA,29.49842,-101.30838,Amarillo,0
DLCOA495,PRESA INTERNACIONAL LA AMISTAD 2,COAHUILA DE ZARAGOZA,29.47494,-101.30058,Amarillo,0
DLCOA496,PRESA INTERNACIONAL LA AMISTAD 3,COAHUILA DE ZARAGOZA,29.46176,-101.27306,Verde,0
DLCOA501,AREA DE PROTECCION DE FLORA Y FAUNA CUATRO CIENEGAS  1,COAHUILA DE ZARAGOZA,26.78061,-101.99227,Amarillo,0
DLCOA502,AREA DE PROTECCION DE FLORA Y FAUNA CUATRO CIENEGAS  3,COAHUILA DE ZARAGOZA,26.88327,-102.00291,Amarillo,0
DLCOA503,AREA DE PROTECCION DE FLORA Y FAUNA CUATRO CIENEGAS  4,COAHUILA DE ZARAGOZA,26.91218,-102.02923,Verde,0
DLCOA504,AREA DE PROTECCION DE FLORA Y FAUNA CUATRO CIENEGAS  6,COAHUILA DE ZARAGOZA,26.90826,-102.07235,Verde,1
DLCOA505,AREA DE PROTECCION DE FLORA Y FAUNA CUATRO CIENEGAS  2,COAHUILA DE ZARAGOZA,26.87806,-102.13817,Verde,0
DLCOL535,MANANTIAL ZACUALPAN,COLIMA,19.39268,-103.81945,Verde,0
DLCOL536,DERIVADORA PEÑITAS,COLIMA,19.32752,-103.81367,Rojo,1
DLCOL537,PICACHOS ARROYO SAN PALMAR,COLIMA,19.30709,-103.84142,Amarillo,1
DLCOL540,PUENTE PUEBLO JUAREZ,COLIMA,19.19427,-103.83638,Amarillo,1
DLCOL542,DREN ASMOLES,COLIMA,19.16825,-103.82355,Rojo,0
DLCOL544,AGUAS ARRIBA PLANTA DE TRATAMIENTO CIAPACOV,COLIMA,19.20653,-103.76331,Amarillo,1
DLCOL545,AV. 20 DE NOVIEMBRE,COLIMA,19.23628,-103.73276,Amarillo,1
DLCOL546,AV. TECNOLOGICO,COLIMA,19.25769,-103.72225,Amarillo,1
DLCOL547,LA CUMBRE,COLIMA,19.19417,-103.69386,Amarillo,1
DLCOL549,PUENTE NARANJO,COLIMA,19.16461,-103.50256,Rojo,1
DLCOL552,PASO POTRERILLOS,COLIMA,18.95295,-103.50424,Rojo,1
DLCOL553,LAS CONCHAS,COLIMA,18.87958,-103.63775,Amarillo,1
DLCOL5538,A.P. EL NARANJAL,COLIMA,19.40773,-103.65246,Verde,0
DLCOL5539,A.P OBRA DE TOMA LA LIMA NUEVO NARANJAL,COLIMA,19.4057,-103.67206,Amarillo,1
DLCOL554,DERIVADORA CALLEJONES,COLIMA,18.83518,-103.62505,Rojo,1
DLCOL5541,BARRANCA MONTE GRANDE,COLIMA,19.40362,-103.58024,Amarillo,1
DLCOL5542,ARROYO MONTE GRANDE M. D. (MARGEN DERECHA),COLIMA,19.40441,-103.58248,Amarillo,1
DLCOL5543,OBRA DE TOMA LA HEMBRILLA,COLIMA,19.42499,-103.61676,Amarillo,1
DLCOL556,DESEMBOCADURA RIO COAHUAYANA,MICHOACAN DE OCAMPO,18.68668,-103.73711,Amarillo,0
DLCOL557,CANAL BOCA DE APIZA,COLIMA,18.70275,-103.74891,Rojo,0
DLCOL558,EL CHUPADERO TECUANILLO 3,COLIMA,18.74973,-103.80032,Verde,0
DLCOL560,LAGUNA DE AMELA,COLIMA,18.81111,-103.7732,Amarillo,0
DLCOL561,LAGUNA DE ALCUZAHUE,COLIMA,18.91745,-103.77939,Rojo,0
DLCOL563,AGUAS ABAJO COLONIA RUIZ CORTINEZ,COLIMA,18.92628,-103.94326,Rojo,1
DLCOL565W1,BOCA DE PASCUALES,COLIMA,18.86184,-103.96651,Amarillo,0
DLCOL568W1,ESTERO TECUANILLO,COLIMA,18.81339,-103.89779,Amarillo,0
DLCOL569,PUENTE PERIQUILLOS,COLIMA,18.95472,-103.94611,Amarillo,1
DLCOL570,ARROYO CHARCOVERDE,COLIMA,18.96534,-103.95161,Amarillo,1
DLCOL574,DERIVADORA JALA 1,COLIMA,19.11253,-103.88231,Amarillo,1
DLCOL575,DERIVADORA JALA 2,COLIMA,19.11089,-103.88447,Rojo,1
DLCOL578,AGUAS ARRIBA DEL POBLADO PEÑA COLORADA,COLIMA,19.36876,-104.08454,Amarillo,1
DLCOL579,AGUAS ABAJO DEL POBLADO PEÑA COLORADA,COLIMA,19.3455,-104.10577,Amarillo,1
DLCOL580,SAN JOSE PATICAJO,COLIMA,19.30604,-104.15924,Amarillo,1
DLCOL581,ARROYO SAN JOSE,COLIMA,19.27994,-104.31712,Amarillo,1
DLCOL582,DERIVADORA LAS PAROTAS,COLIMA,19.25073,-104.53696,Verde,1
DLCOL584,FONDO DE LA LAGUNA DE JULUAPAN,COLIMA,19.11945,-104.40282,Rojo,0
DLCOL585,CENTRO LAGUNA DE JULUAPAN,COLIMA,19.11115,-104.40465,Rojo,0
DLCOL586,DESEMBOCADURA LAGUNA DE JULUAPAN,COLIMA,19.1045,-104.39872,Verde,0
DLCOL587,PLAYA MIRAMAR (FRENTE AL HOTEL DELFOS),COLIMA,19.11362,-104.39407,Verde,0
DLCOL588,PLAYA MIRAMAR (FRENTE AL HOTEL GRAN FESTIVALL),COLIMA,19.11592,-104.37769,Verde,0
DLCOL589,PLAYA MIRAMAR (FRENTE AL HOTEL VISTA PLAYA DE ORO),COLIMA,19.11735,-104.36697,Verde,0
DLCOL590,DESEMBOCADURA ARROYO SANTIAGO,COLIMA,19.11425,-104.35258,Rojo,0
DLCOL591,PLAYA LA AUDIENCIA,COLIMA,19.10265,-104.35351,Verde,0
DLCOL592W1,ARROYO SALAGUA,COLIMA,19.10442,-104.3409,Amarillo,0
DLCOL595W1,LAGUNA VALLE DE LAS GARZAS MANZANILLO,COLIMA,19.08616,-104.30395,Amarillo,0
DLCOL596,PUERTO INTERIOR SAN PEDRITO,COLIMA,19.06152,-104.30353,Rojo,0
DLCOL597,PLAYA SAN PEDRITO,COLIMA,19.05731,-104.30674,Verde,0
DLCOL598,EL TUNEL COOPERATIVA DE PESCADORES,COLIMA,19.05033,-104.31192,Rojo,0
DLCOL599,PUENTE DEL FERROCARRIL,COLIMA,19.03365,-104.31573,Verde,0
DLCOL600,RAMADA DE VENTANAS,COLIMA,19.03271,-104.32828,Verde,0
DLCOL601,CANAL VENTANAS,COLIMA,19.03092,-104.33144,Verde,0
DLCOL602,COLONIA PADRE HIDALGO-BONANZA,COLIMA,19.04383,-104.32355,Amarillo,0
DLCOL604W1,LAGUNA DE CUYUTLAN 14 (ARROYO LAS ADJUNTAS),COLIMA,19.04234,-104.25948,Amarillo,0
DLCOL609,LAGUNA DE CUYUTLAN 11,COLIMA,19.006,-104.16694,Amarillo,0
DLCOL610,PUENTE TEPALCATES,COLIMA,19.01049,-104.24582,Verde,0
DLCOL611,CANAL DE TEPALCATES,COLIMA,19.00376,-104.25638,Rojo,0
DLCOL612M1,AGUAS ABAJO PLANTA DE TRATAMIENTO CIAPACOV,COLIMA,19.18165,-103.82305,Amarillo,1
DLCOL622,CARRETERA LIBRE CRUCERO DE CUYUTLAN,COLIMA,18.94119,-104.03984,Amarillo,0
DLCOL624,LA PRESA,COLIMA,19.01096,-103.70659,Rojo,1
DLCOL625,JOYITAS,COLIMA,19.33391,-103.67317,Amarillo,1
DLCOL626,LAGUNA CARRIZALILLOS,COLIMA,19.4136,-103.67449,Rojo,0
DLCOL627,ARROYO CORDOVAN-ZARCO,COLIMA,19.45146,-103.71805,Amarillo,2
DLCOL628,LAGUNA LA MARIA,COLIMA,19.46118,-103.70843,Amarillo,0
DLCOL629,LA LUMBRE,COLIMA,19.47611,-103.70551,Amarillo,1
DLDUR632,EL POTRERO,DURANGO,25.9407,-105.82877,Amarillo,1
DLDUR634,RIO PIAXTLA 6,DURANGO,24.29637,-105.54945,Verde,1
DLDUR635,SAPIORIS,DURANGO,24.55902,-105.85848,Verde,1
DLDUR641,RIO SANTIAGO 6,DURANGO,25.08054,-105.42908,Amarillo,1
DLDUR642,RIO SANTIAGO 5,DURANGO,25.0466,-105.41535,Amarillo,1
DLDUR646M1,SANTA CLARA AGUAS ABAJO PTAR,DURANGO,24.48981,-103.34792,Amarillo,1
DLDUR648,ATOTONILCO,DURANGO,25.16405,-105.44094,Amarillo,1
DLDUR649,LOS HERRERA - DURANGO,DURANGO,25.16101,-105.49664,Amarillo,1
DLDUR651,J. SALOME ACOSTA,DURANGO,25.22384,-105.44807,Amarillo,1
DLDUR659,LA CIENEGA,DURANGO,25.04165,-106.34385,Verde,1
DLDUR660,EL SALTO - DURANGO,DURANGO,23.80203,-105.35438,Amarillo,0
DLDUR675M1,PRESA SANTIAGO BAYACORA 1,DURANGO,23.87358,-104.69426,Verde,0
DLDUR676M1,PRESA SANTIAGO BAYACORA,DURANGO,23.87458,-104.67751,Verde,0
DLDUR679,RIO DE SANTIAGO,DURANGO,24.35877,-103.43297,Rojo,2
DLDUR693,COVADONGA,DURANGO,24.90783,-104.07961,Verde,1
DLDUR709,RIO SUCHIL,DURANGO,23.667,-103.95268,Amarillo,1
DLDUR714,CONFLUENCIA RIOS DURANGO Y NOMBRE DE DIOS,DURANGO,23.83395,-104.25949,Amarillo,0
DLDUR715,RIO NOMBRE DE DIOS,DURANGO,23.83386,-104.25755,Rojo,0
DLDUR716,PUENTE MELONES,DURANGO,23.8717,-104.26804,Verde,1
DLDUR717,RIO TEPEHUANES 2,DURANGO,25.31575,-105.68786,Amarillo,1
DLDUR718,"BIO PAPPEL PACKAGING, S.A. DE C.V. (ANTES EMPAQUES DE CARTON TITAN, S.A. DE C.V. FUSIONANTE DE EMPAQUES DEL NORTE, S.A. DE C.V.) (AGUAS ARRIBA)",DURANGO,24.02379,-104.40838,Rojo,0
DLDUR719,"BIO PAPPEL PACKAGING, S.A. DE C.V. (ANTES EMPAQUES DE CARTON TITAN, S.A. DE C.V. FUSIONANTE DE EMPAQUES DEL NORTE, S.A. DE C.V.) (AGUAS ABAJO)",DURANGO,24.02408,-104.4064,Rojo,0
DLDUR721,RIO TEPEHUANES 1,DURANGO,25.35233,-105.84055,Amarillo,1
DLDUR722,QUEBRADA SAN QUINTIN,DURANGO,23.90783,-104.20925,Verde,1
DLDUR724,DERIVADORA FRANCISCO VILLA,DURANGO,24.06653,-104.5002,Amarillo,1
DLDUR727,ACEQUIA GRANDE,DURANGO,24.07711,-104.55011,Rojo,2
DLDUR733,EMBOTELLADORA GUADIANA S.A. DE C.V. (AGUAS ARRIBA),DURANGO,23.98647,-104.60928,Amarillo,0
DLDUR734,EMBOTELLADORA GUADIANA S.A. DE C.V. (AGUAS ABAJO),DURANGO,23.98766,-104.61034,Amarillo,0
DLDUR737,PRESA GARAVITOS,DURANGO,24.01523,-104.75098,Verde,0
DLDUR738,PRESA PRESIDENTE GPE VICTORIA 3,DURANGO,23.95995,-104.75429,Amarillo,0
DLDUR739,PRESA PRESIDENTE GPE VICTORIA 2,DURANGO,23.93793,-104.75609,Verde,0
DLDUR740,PRESA PRESIDENTE GPE VICTORIA 1,DURANGO,23.90495,-104.76603,Verde,0
DLDUR741M1,PRESA SANTIAGO BAYACORA 2,DURANGO,23.86417,-104.68114,Verde,0
DLDUR744,PRESA SANTIAGO BAYACORA 4,DURANGO,23.82643,-104.69621,Verde,0
DLDUR745M1,PRESA LA ROSILLA 2,DURANGO,23.72022,-105.41547,Verde,0
DLDUR747,MANANTIAL 27 DE NOVIEMBRE 2,DURANGO,24.21564,-104.50614,Verde,0
DLDUR748,MANANTIAL 27 DE NOVIEMBRE 3,DURANGO,24.21219,-104.50117,Verde,1
DLDUR749M1,EL TANQUE SUCHIL,DURANGO,23.63772,-103.92712,Amarillo,0
DLDUR750,MANANTIAL 27 DE NOVIEMBRE 1,DURANGO,24.22104,-104.51038,Verde,0
DLDUR752M1,OJO DE AGUA SUCHIL,DURANGO,23.64111,-103.91931,Verde,0
DLDUR753,MALAGA 4,DURANGO,24.21475,-104.5302,Amarillo,1
DLDUR754,PRESA PEÑA DEL AGUILA,DURANGO,24.20168,-104.66357,Rojo,0
DLDUR768,JOSE MA. PATONI,DURANGO,24.85471,-104.45369,Verde,1
DLDUR773M1,PUENTE LOS IDOLOS,DURANGO,25.90154,-105.86652,Amarillo,1
DLDUR774,LAGUNA DE SANTIAGUILLO 4,DURANGO,24.93564,-104.92756,Rojo,0
DLDUR775,LAGUNA DE SANTIAGUILLO 2,DURANGO,24.89664,-104.88981,Rojo,0
DLDUR776,LAGUNA DE SANTIAGUILLO 1,DURANGO,24.87196,-104.8794,Rojo,0
DLDUR778,LAGUNA DE SANTIAGUILLO 3,DURANGO,24.91804,-104.9058,Rojo,0
DLDUR779,LAGUNA SANTIAGUILLO 5,DURANGO,24.95752,-104.94588,Rojo,0
DLDUR786,SANTA TERESA DEL PACHON,DURANGO,24.80967,-105.31738,Amarillo,1
DLDUR787,PRESA CABORACA,DURANGO,24.54309,-104.81612,Amarillo,0
DLDUR793,PRESA FRANCISCO VILLA,DURANGO,24.00179,-103.95161,Verde,0
DLDUR794,RIO MEZQUITAL,DURANGO,23.45977,-104.41149,Amarillo,1
DLDUR838,PRESA VILLA HIDALGO,DURANGO,26.24026,-104.92955,Verde,0
DLDUR848,PUENTE RIO FLORIDO,DURANGO,26.38829,-105.35418,Amarillo,0
DLDUR850,PRESA FEDERALISMO MEXICANO 3,DURANGO,26.44226,-105.58365,Verde,0
DLDUR851,PRESA FEDERALISMO MEXICANO 2,DURANGO,26.4188,-105.58257,Amarillo,0
DLDUR852,PRESA FEDERALISMO MEXICANO 1,DURANGO,26.46471,-105.59589,Amarillo,0
DLEST853,CRUZ DE LA MISION,MEXICO,19.34523,-99.48038,Rojo,0
DLEST855,RIO LERMA 2,MEXICO,19.36104,-99.53863,Rojo,2
DLEST856,TOLUCA ORIENTE  (A) AGUAS ARRIBA,MEXICO,19.34433,-99.53486,Rojo,2
DLEST857,TOLUCA ORIENTE  (A) AGUAS ABAJO,MEXICO,19.34542,-99.53542,Rojo,2
DLEST858,PUENTE CARRETERA TOLUCA-NAUCALPAN,MEXICO,19.37743,-99.55517,Rojo,2
DLEST859,TOLUCA NORTE  (A) AGUAS ARRIBA,MEXICO,19.37942,-99.58126,Rojo,2
DLEST861,TOLUCA NORTE  (A) AGUAS ABAJO,MEXICO,19.38105,-99.58033,Rojo,2
DLEST862,PUENTE CARRETERA TOLUCA-TEMOAYA,MEXICO,19.41124,-99.61836,Rojo,2
DLEST863,RIO LERMA 54,MEXICO,19.40455,-99.5938,Rojo,2
DLEST864,RIO LERMA 4,MEXICO,19.41108,-99.6176,Rojo,2
DLEST865,RH12-1 LERMA,MEXICO,19.41846,-99.62254,Rojo,2
DLEST866,RIO LERMA 43,MEXICO,19.45122,-99.66059,Rojo,2
DLEST867,RIO LERMA 3,MEXICO,19.46678,-99.70518,Rojo,2
DLEST868M1,PUENTE CARRETERA TOLUCA-PALMILLAS (CORTINA PRESA JOSE ANTONIO ALZATE AGUAS ABAJO),MEXICO,19.47189,-99.73607,Rojo,2
DLEST869,PRESA IGNACIO RAMIREZ 3,MEXICO,19.4621,-99.77581,Rojo,0
DLEST870,PRESA IGNACIO RAMIREZ 2,MEXICO,19.44394,-99.7896,Rojo,0
DLEST871,PRESA IGNACIO RAMIREZ 1,MEXICO,19.44514,-99.79881,Rojo,0
DLEST874,IXTLAHUACA (RANCHO DE GANADO LECHERO),MEXICO,19.57341,-99.77823,Rojo,2
DLEST875,RIO LERMA 5,MEXICO,19.61633,-99.79553,Rojo,0
DLEST876,RIO LERMA 68,MEXICO,19.617,-99.79858,Rojo,2
DLEST878,RIO LERMA 6,MEXICO,19.64552,-99.87715,Amarillo,2
DLEST879,RIO LERMA 69,MEXICO,19.64624,-99.87824,Amarillo,2
DLEST880,RIO LERMA 7,MEXICO,19.70211,-99.88459,Rojo,2
DLEST882,ATLACOMULCO,MEXICO,19.80509,-99.90792,Rojo,2
DLEST883,LAGO FRANCISCO JOSE TRINIDAD FABELA 1,MEXICO,19.82863,-99.78794,Rojo,0
DLEST884,LAGO FRANCISCO JOSE TRINIDAD FABELA 2,MEXICO,19.82381,-99.78669,Rojo,0
DLEST885,PRESA TEPETITLAN 3,MEXICO,19.6609,-99.96128,Amarillo,0
DLEST886,PRESA TEPETITLAN 2,MEXICO,19.61868,-99.98378,Rojo,0
DLEST887,PRESA TEPETITLAN 1,MEXICO,19.63797,-99.96533,Amarillo,0
DLEST888,RIO EL SALTO,MEXICO,19.49746,-99.98131,Amarillo,2
DLEST889,PRESA VILLA VICTORIA 3,MEXICO,19.45822,-99.99081,Amarillo,0
DLEST890,PRESA VILLA VICTORIA 4,MEXICO,19.46325,-99.99544,Amarillo,0
DLEST891,PRESA VILLA VICTORIA 2,MEXICO,19.45484,-99.99575,Rojo,0
DLEST892,RIO LA COMPAÑIA,MEXICO,19.50094,-100.05059,Rojo,2
DLEST893,PRESA VILLA VICTORIA 1,MEXICO,19.46159,-100.05466,Amarillo,0
DLEST895,EFLUENTE PP LOS BERROS (TAC),MEXICO,19.39813,-100.06237,Verde,1
DLEST896,CANAL DONATO GUERRA,MEXICO,19.30045,-100.11623,Amarillo,0
DLEST897,INFLUENTE DE LA PRESA VALLE DE BRAVO,MEXICO,19.22051,-100.13108,Amarillo,1
DLEST898,SALIDA MANIANTAL AGUA ESCONDIDA EN CANAL HECTOR MARTINEZ DE MEZA,MEXICO,19.3325,-100.07281,Verde,1
DLEST899,PRESA VALLE DE BRAVO 4,MEXICO,19.2147,-100.1495,Amarillo,0
DLEST900M1,RIO TIZATES,MEXICO,19.20146,-100.13621,Amarillo,2
DLEST901,PRESA VALLE DE BRAVO 3,MEXICO,19.194,-100.1519,Verde,0
DLEST902,RIO CHIQUITO EL MOLINO,MEXICO,19.17361,-100.11028,Verde,1
DLEST903,PRESA VALLE DE BRAVO 2,MEXICO,19.1807,-100.1594,Verde,0
DLEST904,PRESA VALLE DE BRAVO 5,MEXICO,19.18,-100.1351,Amarillo,0
DLEST905M1,CORTINA PRESA TILOXTOC,MEXICO,19.21598,-100.19485,Amarillo,0
DLEST906,CORTINA PRESA VALLE DE BRAVO,MEXICO,19.2078,-100.1801,Rojo,0
DLEST907,PRESA COLORINES 2,MEXICO,19.17455,-100.2229,Verde,0
DLEST908,CANAL RIO MALACATEPEC-(DURAZNOS),MEXICO,19.17467,-100.21635,Amarillo,1
DLEST909,INFLUENTE PRESA EL BOSQUE A COLORINES,MEXICO,19.17515,-100.2247,Amarillo,1
DLEST910,PUENTE RIO AMANALCO DE BECERRA,MEXICO,19.2568,-100.01614,Amarillo,1
DLEST911,PUENTE TEMASCALTEPEC,MEXICO,19.044,-100.04524,Amarillo,1
DLEST914,"INDUSTRIA EMBOTELLADORA DE MEXICO, S.A. DE C.V. (AGUAS ARRIBA)",MEXICO,19.30309,-99.60037,Rojo,2
DLEST915M1,"INDUSTRIA EMBOTELLADORA DE MEXICO, S.A. DE C.V (AGUAS ABAJO)",MEXICO,19.30328,-99.59706,Rojo,2
DLEST920,LAG. DE ALMOLOYA DEL RIO,MEXICO,19.15527,-99.49637,Rojo,0
DLEST921,LAGUNA DE ALMOLOYA DEL RIO,MEXICO,19.15518,-99.49633,Rojo,0
DLEST922,ARROYO MEZAPA,MEXICO,19.18689,-99.51384,Rojo,2
DLEST923,RIO LERMA 1,MEXICO,19.20268,-99.51442,Rojo,2
DLEST925,PUENTE CARRETERA MEXICO-TOLUCA,MEXICO,19.28614,-99.52185,Rojo,2
DLEST928,LAGUNAS DE ZEMPOALA 2,MORELOS,19.05462,-99.31622,Amarillo,0
DLEST929,LAGUNAS DE ZEMPOALA 1,MORELOS,19.05127,-99.31483,Amarillo,0
DLEST930,EL SALTO TENANCINGO,MEXICO,18.95594,-99.59893,Rojo,0
DLEST931,PUENTE RIO EL SALTO (TGO) FONDO,MEXICO,18.95748,-99.60122,Amarillo,0
DLEST933,MANANTIALES DE LOCALIDAD SAN PEDRO ZICTEPEC,MEXICO,19.03302,-99.57984,Verde,0
DLEST934,ARROYO ACALCO INFLUENTE RIO CHALMITA,MEXICO,18.94583,-99.42536,Amarillo,1
DLEST935M1,PUENTE CHALMITA,MEXICO,18.92783,-99.43947,Amarillo,1
DLEST937M1,PUENTE DIF SOLIS,MEXICO,19.97889,-100.05231,Rojo,0
DLEST938M1,RIO LERMA 11,MEXICO,19.95478,-100.02037,Rojo,0
DLEST939,PUENTE SOLIS(DIF),MEXICO,19.90299,-100.02271,Rojo,1
DLEST940,RIO LERMA 9,MEXICO,19.84705,-99.93285,Rojo,2
DLEST941,RIO LERMA 8,MEXICO,19.83501,-99.92303,Rojo,2
DLEST942M1,PRESA LA VICTORIA 1,MEXICO,19.77555,-100.14488,Rojo,0
DLEST943M1,PRESA LA VICTORIA 2,MEXICO,19.77593,-100.14494,Rojo,0
DLEST944M1,PRESA BROCKMAN 2,MEXICO,19.7699,-100.14576,Rojo,0
DLEST945,PRESA BROCKMAN 1,MEXICO,19.76984,-100.14367,Rojo,0
DLEST946,RM6 AGUAS ARRIBA DE LA PRESA SAN ILDEFONSO,MEXICO,20.14898,-99.90883,Verde,0
DLEST947M1,CORTINA PRESA COFRADIA,MEXICO,20.11086,-99.85493,Rojo,0
DLEST948M1,RM5 AGUAS ABAJO DE LA PRESA COFRADIA,MEXICO,20.11042,-99.8551,Rojo,2
DLEST949M2,PRESA ZIMAPAN FRENTE A LA CONFLUENCIA CON EL RIO SAN JUAN DEL RIO,QUERETARO ARTEAGA,20.6016,-99.62596,Rojo,0
DLEST950M1,RM3 AGUAS ABAJO DE LIBERTEX,MEXICO,20.10822,-99.83144,Rojo,2
DLEST951M1,RM2 AGUAS ARRIBA DE LIBERTEX,MEXICO,20.10071,-99.82106,Rojo,2
DLEST952,PRESA HUAPANGO 2,MEXICO,20.05229,-99.70128,Rojo,0
DLEST953,CORTINA PRESA HUAPANGO,MEXICO,20.04692,-99.69695,Rojo,0
DLEST954,PRESA HUAPANGO 1,MEXICO,20.00697,-99.70754,Rojo,0
DLEST955,PRESA ZARCO,MEXICO,19.99945,-99.69406,Rojo,0
DLGUA1007,AGUAS ARRIBA DE SU CONFL. CON EL RIO LERMA,GUANAJUATO,20.52945,-101.14776,Rojo,2
DLGUA1009,RIO LERMA 29,GUANAJUATO,20.54223,-101.16326,Rojo,2
DLGUA1010,RIO LERMA 32,GUANAJUATO,20.52828,-101.16263,Amarillo,2
DLGUA1011,RIO LAJA ANTES DE SU CONFLUENCIA CON EL RIO LERMA,GUANAJUATO,20.53103,-101.157,Rojo,2
DLGUA1012,AGUAS ARRIBA DE LA DESCARGA DE SALAMANCA (DESP.R.LAJA),GUANAJUATO,20.51222,-101.1767,Rojo,2
DLGUA1013,PUENTE EL MOLINITO,GUANAJUATO,20.56522,-101.19977,Rojo,2
DLGUA1015,RIO LERMA 30,GUANAJUATO,20.56306,-101.22373,Rojo,2
DLGUA1016,CANAL TEMASCATIO,GUANAJUATO,20.57045,-101.27362,Rojo,2
DLGUA1017,RIO LERMA 31,GUANAJUATO,20.56673,-101.27621,Rojo,2
DLGUA1018,PUEBLO NUEVO (ANTES RIO GUANAJUATO),GUANAJUATO,20.53899,-101.31352,Rojo,2
DLGUA1019,CERRO BLANCO,GUANAJUATO,20.53615,-101.34245,Amarillo,2
DLGUA1020,RIO LERMA 28,GUANAJUATO,20.52333,-101.36828,Rojo,2
DLGUA1021,RIO LERMA 27,GUANAJUATO,20.51021,-101.36929,Rojo,2
DLGUA1022,SAN GUILLERMO (DESEP.RIO GUANAJUATO),GUANAJUATO,20.48646,-101.37294,Rojo,2
DLGUA1023,RIO LERMA 48 (SAN JOSE DE AYALA),GUANAJUATO,20.37993,-101.4281,Rojo,0
DLGUA1030W1,RIO TURBIO 24,GUANAJUATO,20.30842,-101.6302,Rojo,0
DLGUA1031M1,SAN GABRIEL RIO TURBIO 20,GUANAJUATO,20.95792,-101.88651,Rojo,2
DLGUA1032M1,LA DESCUBRIDORA,GUANAJUATO,20.96818,-101.88756,Rojo,2
DLGUA1037M1,EL TULE,GUANAJUATO,20.9171,-101.89794,Rojo,2
DLGUA1042M1,CERRO BLANCO DE MANCERA,GUANAJUATO,20.57603,-101.25357,Rojo,2
DLGUA1046,RIO TURBIO 12,GUANAJUATO,20.6905,-101.63516,Rojo,2
DLGUA1047,RIO TURBIO 11,GUANAJUATO,20.6932,-101.63638,Rojo,2
DLGUA1048,RIO TURBIO 10,GUANAJUATO,20.69144,-101.66573,Rojo,2
DLGUA1049,RT-9 RIO TURBIO-PUENTE RIO TURBIO (T. BLANCAS),GUANAJUATO,20.7229,-101.70436,Rojo,2
DLGUA1050,RIO TURBIO 9,GUANAJUATO,20.72212,-101.70407,Rojo,2
DLGUA1060,PUENTE ESTANCIA DE VAQUEROS,GUANAJUATO,21.0621,-101.76163,Rojo,2
DLGUA1061,RT-4 RIO TURBIO-ESTANCIA DE VAQUEROS,GUANAJUATO,21.06217,-101.76118,Rojo,2
DLGUA1062,AF-3 ARROYO HONDO-A.A. RIO TURBIO,GUANAJUATO,21.08019,-101.73097,Rojo,2
DLGUA1063,AF-2 ARROYO LAS MULAS-A.A. ARROYO HONDO,GUANAJUATO,21.08511,-101.73049,Rojo,2
DLGUA1067,LEON  (A) AGUAS ARRIBA,GUANAJUATO,21.09266,-101.73346,Rojo,1
DLGUA1068W1,LEON  (A) AGUAS ABAJO,GUANAJUATO,21.08193,-101.72978,Rojo,2
DLGUA1070,PRESA EL PALOTE 2,GUANAJUATO,21.1733,-101.68842,Rojo,0
DLGUA1071,PRESA EL PALOTE 3,GUANAJUATO,21.17567,-101.68037,Rojo,0
DLGUA1072M1,PRESA LA CEBADA,GUANAJUATO,21.10128,-100.52988,Rojo,0
DLGUA1076M1,RIO TEMASCATIO,GUANAJUATO,20.6151,-101.28599,Rojo,2
DLGUA1077W1,RIO SANTIAGO 1,GUANAJUATO,21.00885,-101.82957,Rojo,2
DLGUA1078,AF-4 RIO SANTIAGO-A.A. RIO TURBIO,GUANAJUATO,20.99657,-101.83697,Rojo,2
DLGUA1079,RT-6 RIO TURBIO-PASO DE OVEJAS,GUANAJUATO,20.99406,-101.84492,Rojo,2
DLGUA1080,PUENTE PASO DE OVEJAS,GUANAJUATO,20.99406,-101.84492,Rojo,2
DLGUA1081W1,RIO TURBIO 1,GUANAJUATO,20.9939,-101.84523,Rojo,2
DLGUA1087,GUANAJUATO,GUANAJUATO,20.92949,-101.28874,Rojo,2
DLGUA1089,PRESA LAS TORRES 1,GUANAJUATO,21.02435,-101.22611,Amarillo,0
DLGUA1090,PRESA LAS TORRES 3,GUANAJUATO,21.02534,-101.21945,Verde,0
DLGUA1091,PRESA LAS TORRES 2,GUANAJUATO,21.02792,-101.22189,Verde,0
DLGUA1092,PRESA LA ESPERANZA 3,GUANAJUATO,21.04857,-101.2514,Verde,0
DLGUA1093,PRESA LA ESPERANZA 1,GUANAJUATO,21.04986,-101.25558,Amarillo,0
DLGUA1094,PRESA LA ESPERANZA 2,GUANAJUATO,21.05366,-101.25394,Verde,0
DLGUA1095,PRESA LA SOLEDAD 1,GUANAJUATO,21.04272,-101.27984,Verde,0
DLGUA1096,PRESA LA SOLEDAD 2,GUANAJUATO,21.04037,-101.2792,Amarillo,0
DLGUA1112,PRESA MELCHOR ORTEGA 2,GUANAJUATO,21.1557,-100.2973,Verde,0
DLGUA1113,PRESA MELCHOR ORTEGA 1,GUANAJUATO,21.1571,-100.2993,Verde,0
DLGUA1114,PRESA MELCHOR ORTEGA 3,GUANAJUATO,21.1551,-100.2941,Verde,0
DLGUA1117,PRESA PASO DE VAQUEROS 3,GUANAJUATO,21.3531,-100.3773,Verde,0
DLGUA1118,PRESA PASO DE VAQUEROS 2,GUANAJUATO,21.3592,-100.384,Verde,0
DLGUA1119,PRESA PASO DE VAQUEROS 1,GUANAJUATO,21.36422,-100.38885,Verde,0
DLGUA1124,PRESA IGNACIO ALLENDE 1,GUANAJUATO,20.8466,-100.8223,Verde,0
DLGUA1133,"LALA DERIVADOS LACTEOS, S.A. DE C.V. (AGUAS ARRIBA)",GUANAJUATO,20.62459,-101.2981,Rojo,0
DLGUA1135,"LALA  DERIVADOS LACTEOS, S.A. DE C.V. (AGUAS ARRIBA)",GUANAJUATO,20.6164,-101.29482,Rojo,2
DLGUA1136,AGUAS ARRIBADE CONFL.CON EL RIO LERMA,GUANAJUATO,20.61349,-101.3521,Amarillo,2
DLGUA1137,IRAPUATO  (A) AGUAS ARRIBA,GUANAJUATO,20.66603,-101.33189,Rojo,1
DLGUA1138,RIO GUANAJUATO,GUANAJUATO,20.67083,-101.33083,Rojo,0
DLGUA1140,RIO TURBIO 8,GUANAJUATO,20.68502,-101.81313,Rojo,2
DLGUA1141,RT-8 RIO TURBIO-LAS ADJUNTAS,GUANAJUATO,20.67323,-101.84734,Rojo,2
DLGUA1142,RIO TURBIO 7,GUANAJUATO,20.67531,-101.85239,Rojo,2
DLGUA1143,AF-7 RIO PENJAMO,GUANAJUATO,20.42392,-101.71178,Rojo,0
DLGUA1144,PENJAMO,GUANAJUATO,20.2147,-101.73075,Rojo,2
DLGUA1145,RIO LERMA 17,MICHOACAN DE OCAMPO,20.18902,-101.7018,Rojo,2
DLGUA1148,RIO LERMA 35,GUANAJUATO,20.07664,-100.82544,Rojo,2
DLGUA1149,RIO LERMA 36,GUANAJUATO,20.08111,-100.82854,Rojo,2
DLGUA1151,ACAMBARO (PUENTE FERROCARIL),GUANAJUATO,20.0533,-100.7616,Rojo,2
DLGUA1152,PUENTE FFCC ACAMBARO,GUANAJUATO,20.04902,-100.73071,Rojo,0
DLGUA1156,RIO LERMA 34 (AGUA CALIENTE 1),GUANAJUATO,20.04193,-100.6816,Rojo,0
DLGUA1157,RIO LERMA 15,GUANAJUATO,20.04858,-100.67931,Rojo,1
DLGUA1158,PRESA SOLIS 1,GUANAJUATO,20.05221,-100.66697,Rojo,0
DLGUA1159,PRESA SOLIS 3,GUANAJUATO,20.04113,-100.63615,Rojo,0
DLGUA1160,PRESA SOLIS 2,GUANAJUATO,20.06526,-100.63361,Rojo,0
DLGUA1161,PRESA SOLIS 4,GUANAJUATO,20.08571,-100.61889,Rojo,0
DLGUA1162,PRESA SOLIS 5,GUANAJUATO,20.07576,-100.57757,Rojo,0
DLGUA1163,PRESA SOLIS 7,GUANAJUATO,20.07873,-100.54172,Rojo,0
DLGUA1164,PRESA SOLIS 6,GUANAJUATO,20.05404,-100.58251,Rojo,0
DLGUA1165M1,RIO GUANAJUATO,GUANAJUATO,20.51801,-101.37832,Rojo,2
DLGUA1168,RIO LERMA 71,GUANAJUATO,20.00932,-100.47961,Rojo,1
DLGUA1171,RIO LERMA 37,GUANAJUATO,20.18021,-100.88409,Rojo,2
DLGUA1172,EJIDO DE LA ANGOSTURA,GUANAJUATO,20.22455,-100.8886,Rojo,0
DLGUA1174,RIO LERMA 44,GUANAJUATO,20.27301,-100.93744,Rojo,0
DLGUA1175,RIO LERMA 45,GUANAJUATO,20.27388,-100.93905,Rojo,2
DLGUA1176,ARMADILLO,GUANAJUATO,20.28375,-101.02229,Rojo,0
DLGUA1177,RIO LERMA 24,GUANAJUATO,20.33619,-101.03851,Rojo,2
DLGUA1179,RIO LERMA 64,GUANAJUATO,20.41454,-101.02727,Rojo,2
DLGUA1180,RIO LERMA 26,GUANAJUATO,20.4137,-101.0311,Rojo,2
DLGUA1181,AGUAS ARRIBA RIO LAJA,GUANAJUATO,20.47891,-101.14575,Rojo,2
DLGUA1183,LAGO DE YURIRIA 3,GUANAJUATO,20.23812,-101.09267,Rojo,0
DLGUA1184,LAGO DE YURIRIA 2,GUANAJUATO,20.23743,-101.13328,Rojo,0
DLGUA1185,LAGO DE YURIRIA 1,GUANAJUATO,20.24038,-101.15874,Rojo,0
DLGUA1186,LAGO DE YURIRIA 4,GUANAJUATO,20.24636,-101.17537,Rojo,0
DLGUA1187,LAGO DE YURIRIA 5,GUANAJUATO,20.26025,-101.1697,Rojo,0
DLGUA956,RIO LERMA 39,GUANAJUATO,20.20827,-101.93056,Rojo,0
DLGUA957,RIO LERMA 19,GUANAJUATO,20.25134,-101.93991,Rojo,0
DLGUA958,RIO LERMA 53,GUANAJUATO,20.3309,-101.94698,Rojo,2
DLGUA959,RIO LERMA 55,GUANAJUATO,20.33449,-101.94617,Rojo,2
DLGUA960,AF-6 RIO COLORADO,GUANAJUATO,20.6521,-101.88312,Rojo,1
DLGUA962,RT-7 BIS CANAL ISABELOTA EN MARAVILLAS,GUANAJUATO,20.75381,-101.89861,Rojo,2
DLGUA963,RIO TURBIO 6,GUANAJUATO,20.74185,-101.90831,Rojo,2
DLGUA965,SAN JOSE DE LA PAZ,GUANAJUATO,20.77489,-101.91853,Rojo,0
DLGUA967,RIO TURBIO 4,GUANAJUATO,20.82276,-101.93858,Amarillo,2
DLGUA969,RIO TURBIO 3,GUANAJUATO,20.90354,-101.89172,Rojo,2
DLGUA970,RIO TURBIO 2,GUANAJUATO,20.92304,-101.89496,Rojo,2
DLGUA992,TRES GUERRAS,GUANAJUATO,20.51607,-100.7751,Rojo,2
DLGUE1196,ARROYO CAMARON,GUERRERO,16.85535,-99.8919,Verde,0
DLGUE1197,ARROYO PAPAGAYO,GUERRERO,16.85835,-99.88617,Verde,0
DLGUE1198,ARROYO MICHOACAN,GUERRERO,16.8567,-99.88928,Verde,0
DLGUE1199,ARROYO GARITA,GUERRERO,16.85715,-99.87402,Verde,0
DLGUE1200,ARROYO MAGALLANES,GUERRERO,16.85871,-99.88335,Verde,0
DLGUE1201,TORRE ACAPULCO,GUERRERO,16.85351,-99.86224,Verde,0
DLGUE1202,PLAYA COPACABANA,GUERRERO,16.851,-99.85779,Verde,0
DLGUE1203,ARROYO ICACOS,GUERRERO,16.84192,-99.85229,Rojo,0
DLGUE1204,ASTILLERO MARINA,GUERRERO,16.84015,-99.85243,Rojo,0
DLGUE1205,PLAYA DEL SECRETO,GUERRERO,16.83467,-99.85841,Verde,0
DLGUE1206,LA CONDESA BRISAS,GUERRERO,16.82499,-99.86954,Verde,0
DLGUE1207,PLAYA CONDESA,GUERRERO,16.85511,-99.86918,Verde,0
DLGUE1208,MAJAHUA,GUERRERO,16.79515,-99.84035,Verde,0
DLGUE1209,PICHILINGUE,GUERRERO,16.80903,-99.84921,Verde,0
DLGUE1210,LAS PALAPAS,GUERRERO,16.79992,-99.83754,Verde,0
DLGUE1211,"INDUSTRIA DE REFRESCOS, S. DE R.L. DE C.V. (AGUAS ARRIBA)",GUERRERO,16.80672,-99.8035,Rojo,2
DLGUE1212W1,"INDUSTRIA DE REFRESCOS, S. DE R.L. DE C.V. (AGUAS ABAJO)",GUERRERO,16.80929,-99.81782,Amarillo,2
DLGUE1214,"PLAYA REVOLCADERO SEG 45, 2 ISA6",GUERRERO,16.78523,-99.81763,Verde,0
DLGUE1215,"PLAYA REVOLCADERO SEG 45, 4 ISA6",GUERRERO,16.7767,-99.80037,Rojo,0
DLGUE1216,"PLAYA REVOLCADERO SEG 45, 6 ISA6",GUERRERO,16.76493,-99.78537,Rojo,0
DLGUE1217,"PLAYA REVOLCADERO SEG 45, 8 ISA6",GUERRERO,16.75915,-99.77824,Rojo,0
DLGUE1218,LAGUNA TRES PALOS 4,GUERRERO,16.79477,-99.77139,Verde,0
DLGUE1219,LAGUNA TRES PALOS 5,GUERRERO,16.78861,-99.71626,Verde,0
DLGUE1220,LAGUNA TRES PALOS 2,GUERRERO,16.77862,-99.73878,Verde,0
DLGUE1221,LAGUNA TRES PALOS 3,GUERRERO,16.75494,-99.67574,Verde,0
DLGUE1222,RH20-1 COSTA CHICA-RIO VERDE,GUERRERO,16.72495,-99.61594,Amarillo,0
DLGUE1223,RIO PAPAGAYO 10,GUERRERO,16.71689,-99.60551,Amarillo,0
DLGUE1224,LAGUNA TRES PALOS 1,GUERRERO,16.73268,-99.65485,Verde,0
DLGUE1225,MAR - DESEMBOCADURA LAGUNA TRES PALOS,GUERRERO,16.68846,-99.6236,Rojo,0
DLGUE1226,RIO PAPAGAYO 12,GUERRERO,16.71004,-99.60515,Amarillo,0
DLGUE1227,DESEMBOCADURA RIO PAPAGAYO 11,GUERRERO,16.68564,-99.60733,Amarillo,2
DLGUE1228,RIO PAPAGAYO 9,GUERRERO,16.7855,-99.60081,Amarillo,0
DLGUE1229,RIO PAPAGAYO 8,GUERRERO,16.83558,-99.62777,Amarillo,0
DLGUE1230,RIO PAPAGAYO 7,GUERRERO,16.85023,-99.64279,Amarillo,0
DLGUE1231,RIO PAPAGAYO 6,GUERRERO,16.88752,-99.61662,Amarillo,0
DLGUE1232,RIO MARQUELIA 2,GUERRERO,16.59374,-98.81804,Amarillo,0
DLGUE1233,RIO MARQUELIA 3,GUERRERO,16.55633,-98.81301,Amarillo,0
DLGUE1234,RIO PAPAGAYO 5,GUERRERO,17.1083,-99.554,Verde,0
DLGUE1235,RIO NEXPA DERIVADORA,GUERRERO,16.79421,-99.17747,Amarillo,0
DLGUE1236,RIO OMITLAN 2,GUERRERO,17.13432,-99.53475,Amarillo,0
DLGUE1237,RIO OMITLAN 1,GUERRERO,17.11856,-99.50828,Amarillo,0
DLGUE1238,PUENTE PAPAGAYO,GUERRERO,17.15749,-99.58989,Amarillo,0
DLGUE1239,PUENTE LAS HORQUETAS,GUERRERO,16.77465,-99.60395,Amarillo,0
DLGUE1240,RIO PAPAGAYO 3,GUERRERO,17.15563,-99.59099,Amarillo,0
DLGUE1241,RIO PAPAGAYO 2,GUERRERO,17.1631,-99.59324,Amarillo,0
DLGUE1242,RIO PAPAGAYO 1,GUERRERO,17.16245,-99.62843,Verde,0
DLGUE1243,RIO PAPAGAYO 4,GUERRERO,17.15216,-99.5932,Amarillo,0
DLGUE1244,RIO COPALA 2,GUERRERO,16.64324,-98.9393,Amarillo,0
DLGUE1245,RIO MEZCALA OAPAN,GUERRERO,17.91955,-99.518,Rojo,0
DLGUE1246,RIO NEXPA 1,GUERRERO,16.75789,-99.1993,Amarillo,0
DLGUE1247,PUENTE TUNCINGO,GUERRERO,16.8522,-99.79348,Amarillo,0
DLGUE1251,ALFREDO MENDIZABAL,GUERRERO,16.8133,-99.79034,Verde,0
DLGUE1252,ARROYO AGUAS BLANCAS AGUAS ARRIBA,GUERRERO,16.85437,-99.89776,Rojo,0
DLGUE1253,ARROYO AGUAS BLANCAS AGUAS ABAJO,GUERRERO,16.85384,-99.89717,Rojo,0
DLGUE1254,LA BOCANA CENTRO BAHIA ACAPULCO,GUERRERO,16.8207,-99.88808,Verde,0
DLGUE1255,PLAYA PTO. MARQUEZ SUR,GUERRERO,16.80356,-99.85783,Verde,0
DLGUE1256,PLAYA CALETILLA,GUERRERO,16.82963,-99.9053,Verde,0
DLGUE1257,PLAYA LA LANGOSTA,GUERRERO,16.84179,-99.91639,Rojo,0
DLGUE1258,CANAL BOCA CHICA,GUERRERO,16.82596,-99.91444,Verde,0
DLGUE1259,PLAYA CALETA,GUERRERO,16.83064,-99.90337,Rojo,0
DLGUE1260,PLAYA LA ROQUETA,GUERRERO,16.82356,-99.90514,Rojo,0
DLGUE1261,PLAYA OLVIDADA,GUERRERO,16.85342,-99.92345,Rojo,0
DLGUE1262,PLAYA GARROBO,GUERRERO,16.85802,-99.92538,Rojo,0
DLGUE1263,CLUB DE YATES,GUERRERO,16.83972,-99.90678,Rojo,0
DLGUE1264,ENSENADA DE LOS PRESOS,GUERRERO,16.83458,-99.89287,Verde,0
DLGUE1265,PLAYA COCOS,GUERRERO,16.84101,-99.9002,Rojo,0
DLGUE1266,MUELLE MALECON,GUERRERO,16.84783,-99.90179,Verde,0
DLGUE1267,PLAYA MANZANILLO,GUERRERO,16.84292,-99.90991,Rojo,0
DLGUE1268,AGUAS BLANCAS,GUERRERO,16.85112,-99.89571,Verde,0
DLGUE1269,ARNOLD-SIROCO,GUERRERO,16.8509,-99.89916,Verde,0
DLGUE1270,PLAYA TLACOPANOCHA,GUERRERO,16.8461,-99.9073,Rojo,0
DLGUE1271,LAGUNA DE COYUCA 1,GUERRERO,16.92691,-99.97947,Verde,0
DLGUE1272,LAGUNA DE COYUCA 2,GUERRERO,16.93873,-100.00039,Amarillo,0
DLGUE1273,LAGUNA DE COYUCA 5,GUERRERO,16.95765,-100.00307,Verde,0
DLGUE1274W1,LAGUNA DE COYUCA 3,GUERRERO,16.94869,-100.07731,Verde,0
DLGUE1275W1,LAGUNA DE COYUCA 4,GUERRERO,16.95404,-100.10701,Rojo,0
DLGUE1276,RIO COYUCA 1,GUERRERO,16.95195,-100.11352,Amarillo,0
DLGUE1277,PUENTE COYUCA,GUERRERO,17.01015,-100.09058,Amarillo,0
DLGUE1278,RIO COYUCA 2,GUERRERO,17.05132,-100.09443,Amarillo,0
DLGUE1279,RIO COYUCA 3,GUERRERO,17.05639,-100.09457,Amarillo,0
DLGUE1280W1,LAGUNA DE MITLA 1,GUERRERO,17.00855,-100.25011,Rojo,0
DLGUE1281W1,LAGUNA DE MITLA 2,GUERRERO,17.04409,-100.2957,Verde,0
DLGUE1282W1,LAGUNA DE MITLA 3,GUERRERO,17.04308,-100.34402,Rojo,0
DLGUE1283W1,LAGUNA DE MITLA 4,GUERRERO,17.06592,-100.34353,Rojo,0
DLGUE1286,PUENTE SAN JERONIMO,GUERRERO,17.14158,-100.46367,Amarillo,0
DLGUE1287,"GUERRERO SEG 42, 1 ISA10B",GUERRERO,17.0809,-100.48653,Rojo,0
DLGUE1288,"GUERRERO SEG 42, 2 ISA10B",GUERRERO,17.07909,-100.48071,Verde,0
DLGUE1289,GUERRERO SEGMENTO 41 ISA10B,GUERRERO,17.13128,-100.64953,Verde,0
DLGUE1290,"GUERRERO SEGMENTO 41, 2 ISA10B",GUERRERO,17.13527,-100.66705,Rojo,0
DLGUE1291,PUENTE TECPAN,GUERRERO,17.23529,-100.62556,Verde,0
DLGUE1292,LAGUNA DE NUXCO 1,GUERRERO,17.18317,-100.78136,Rojo,0
DLGUE1293,LAGUNA DE NUXCO 2,GUERRERO,17.20187,-100.79287,Verde,0
DLGUE1294,LAGUNA DE NUXCO 3,GUERRERO,17.21104,-100.79151,Verde,0
DLGUE1295,LAGUNA DE NUXCO 4,GUERRERO,17.21184,-100.80975,Verde,0
DLGUE1296,PUENTE SAN LUIS,GUERRERO,17.27119,-100.88875,Amarillo,0
DLGUE1297W1,ESTERO TETITLAN,GUERRERO,17.13792,-100.64642,Rojo,2
DLGUE1298,GUERRERO SEG 40 ISA10B,GUERRERO,17.13162,-100.65159,Verde,0
DLGUE1299,DESEMBOCADURA RIO TECPAN,GUERRERO,17.13409,-100.65755,Amarillo,0
DLGUE1300,RIO PAPANOA DESEMBOCADURA,GUERRERO,17.3131,-101.06513,Rojo,0
DLGUE1301,OCEANO PACIFICO PAPANOA 1,GUERRERO,17.30882,-101.05819,Rojo,0
DLGUE1302,OCEANO PACIFICO PAPANOA 2,GUERRERO,17.30391,-101.05437,Verde,0
DLGUE1303,PUENTE COYUQUILLA,GUERRERO,17.37617,-101.053,Amarillo,0
DLGUE1304,PUENTE PETATLAN,GUERRERO,17.54192,-101.27355,Amarillo,0
DLGUE1305,PUENTE PALOS BLANCOS,GUERRERO,17.56114,-101.33629,Amarillo,0
DLGUE1306,DESEMBOCADURA RIO PETATLAN 2,GUERRERO,17.48599,-101.34158,Amarillo,0
DLGUE1307,DESEMBOCADURA RIO PETATLAN,GUERRERO,17.48653,-101.33229,Amarillo,2
DLGUE1308,BARRA DE POTOSI 1,GUERRERO,17.53407,-101.44196,Verde,0
DLGUE1309,BARRA DE POTOSI 2,GUERRERO,17.5385,-101.4371,Verde,0
DLGUE1310,BARRA DE POTOSI 4,GUERRERO,17.53791,-101.42773,Rojo,0
DLGUE1311,BARRA DE POTOSI 5,GUERRERO,17.53102,-101.44172,Verde,0
DLGUE1312,BARRA DE POTOSI 3,GUERRERO,17.53588,-101.44477,Verde,0
DLGUE1313,PLAYA LA ROPA,GUERRERO,17.62717,-101.54612,Verde,0
DLGUE1314,FRENTE ARROYO DE CORREA,GUERRERO,17.63781,-101.55538,Verde,0
DLGUE1315,PLAYA LA MADERA,GUERRERO,17.63815,-101.55234,Verde,0
DLGUE1316,CENTRO DE LA BAHIA ZIHUATANEJO,GUERRERO,17.62921,-101.55482,Verde,0
DLGUE1317,FRENTE A LA LAGUNA SALINA,GUERRERO,17.63566,-101.55877,Verde,0
DLGUE1318,LAGUNA SALINA 1,GUERRERO,17.6403,-101.56122,Amarillo,0
DLGUE1319,LAGUNA SALINA B,GUERRERO,17.63665,-101.55988,Verde,0
DLGUE1320,PLAYA ZIHUATANEJO-H. AYUNTAMIENTO 1,GUERRERO,17.63794,-101.55641,Verde,0
DLGUE1321,PLAYA ZIHUATANEJO-H. AYUNTAMIENTO 2,GUERRERO,17.63723,-101.55796,Verde,0
DLGUE1322,PLAYA LAS GATAS,GUERRERO,17.62185,-101.55256,Verde,0
DLGUE1323,PLAYA DEL ALMACEN,GUERRERO,17.6304,-101.56175,Verde,0
DLGUE1324,LA BOCANA ZIHUATANEJO,GUERRERO,17.62314,-101.56036,Verde,0
DLGUE1325,DESEMBOCADURA RIO IXTAPA A PLAYA SAN JOSE DE IXTAPA1,GUERRERO,17.69957,-101.64631,Verde,0
DLGUE1326,DESEMBOCADURA RIO IXTAPA A PLAYA SAN JOSE DE IXTAPA2,GUERRERO,17.69955,-101.64867,Verde,0
DLGUE1327,CENTRO DE LA BAHIA IXTAPA,GUERRERO,17.65599,-101.6122,Verde,0
DLGUE1328,JUNTO A LA DESCARGA DEL ESTERO,GUERRERO,17.65213,-101.60119,Verde,0
DLGUE1329,FRENTE AL HOTEL VIVA IXTAPA,GUERRERO,17.66113,-101.6128,Verde,0
DLGUE1331,FRENTE AL HOTEL PRESIDENTE 1,GUERRERO,17.65875,-101.60585,Verde,0
DLGUE1332,PUENTE LA UNION (ANTES RIO LA UNION),GUERRERO,17.94764,-101.84677,Amarillo,0
DLGUE1333,TERMOELECTRICA P. ELIAS CALLES AL MAR,GUERRERO,17.98401,-102.10008,Verde,0
DLGUE1334,TERMOELECTRICA P. ELIAS CALLES  DESCARGA AL MAR,GUERRERO,17.98201,-102.0994,Rojo,0
DLGUE1336,PRESA LA VILLITA 3,GUERRERO,18.04837,-102.18002,Amarillo,0
DLGUE1339,PRESA LA CALERA-CANAL DERIVACION,GUERRERO,18.42492,-100.99958,Amarillo,0
DLGUE1340,ZIRANDARO,GUERRERO,18.48903,-100.98592,Amarillo,0
DLGUE1342,PUENTE CIUDAD ALTAMIRANO,GUERRERO,18.3626,-100.66531,Amarillo,0
DLGUE1343,LAS QUERENDAS (RIO CUTZAMALA),GUERRERO,18.3715,-100.62911,Rojo,0
DLGUE1344,PUENTE MIGUEL ALEMAN (COYUCA DE CATALAN),GUERRERO,18.32804,-100.69509,Amarillo,0
DLGUE1345,PRESA EL CARACOL 1,GUERRERO,17.96404,-99.99335,Verde,0
DLGUE1346,PRESA EL CARACOL 3,GUERRERO,17.95471,-100.02019,Verde,0
DLGUE1347,PRESA EL CARACOL 2,GUERRERO,17.95039,-99.9908,Amarillo,0
DLGUE1348,PRESA EL CARACOL 4,GUERRERO,17.95108,-100.01574,Amarillo,0
DLGUE1349,RH16-5 BALSAS,GUERRERO,18.0053,-99.76834,Rojo,0
DLGUE1350,RIO COCULA 5,GUERRERO,18.03032,-99.74701,Amarillo,0
DLGUE1351,RIO COCULA 4,GUERRERO,18.10778,-99.71528,Rojo,0
DLGUE1352,PUENTE MEZCALA,GUERRERO,17.93858,-99.58798,Rojo,0
DLGUE1354,PUENTE NEXPA,GUERRERO,16.77731,-99.19708,Amarillo,0
DLGUE1355,LAGUNA TECOMATE 2,GUERRERO,16.66816,-99.292,Rojo,0
DLGUE1356,LAGUNA TECOMATE 1,GUERRERO,16.65612,-99.26447,Rojo,0
DLGUE1357,LAGUNA TECOMATE 3,GUERRERO,16.67789,-99.30379,Rojo,0
DLGUE1358,LAGUNA TECOMATE 4,GUERRERO,16.69125,-99.34852,Rojo,0
DLGUE1359,LAGUNA TECOMATE 5,GUERRERO,16.69428,-99.32942,Rojo,0
DLGUE1360,LAGUNA TECOMATE 8,GUERRERO,16.69505,-99.36753,Rojo,0
DLGUE1361,LAGUNA TECOMATE 7,GUERRERO,16.69761,-99.37516,Rojo,0
DLGUE1362,LAGUNA TECOMATE 6,GUERRERO,16.69452,-99.36176,Rojo,0
DLGUE1363,RIO COPALA 3,GUERRERO,16.61559,-98.9929,Amarillo,0
DLGUE1364,RIO EL CORTES,GUERRERO,16.77485,-99.50993,Amarillo,1
DLGUE1365,LAGUNA DE CHAUTENGO 1,GUERRERO,16.62995,-99.09683,Verde,0
DLGUE1366,LAGUNA DE CHAUTENGO 2,GUERRERO,16.6381,-99.12775,Rojo,0
DLGUE1367,LAGUNA DE CHAUTENGO 4,GUERRERO,16.6097,-99.11191,Verde,0
DLGUE1368W1,MAR - DESEMBOCADURA LAGUNA DE CHAUTENGO,GUERRERO,16.60634,-99.11574,Rojo,0
DLGUE1369,LAGUNA DE CHAUTENGO 3,GUERRERO,16.59964,-99.05421,Rojo,0
DLGUE1370,PUENTE COPALA,GUERRERO,16.61197,-98.99679,Amarillo,0
DLGUE1371,PUENTE MARQUELIA,GUERRERO,16.58369,-98.81954,Amarillo,0
DLGUE1372,DESEMBOCADURA RIO SANTA CATARINA 1,GUERRERO,16.50247,-98.72772,Verde,0
DLGUE1373,DESEMBOCADURA RIO SANTA CATARINA 2,GUERRERO,16.50196,-98.72668,Verde,0
DLGUE1374,PLAYA TORTUGUERA CAHUITLAN 3,GUERRERO,16.5068,-98.72108,Rojo,0
DLGUE1375,PLAYA TORTUGUERA CAHUITLAN 2,GUERRERO,16.4223,-98.64846,Rojo,0
DLGUE1376,RH20-2 COSTA CHICA-RIO VERDE,GUERRERO,16.57681,-98.49267,Amarillo,0
DLGUE1377,RIO CORTIJO BARAJILLA 2,GUERRERO,16.5102,-98.51686,Amarillo,0
DLGUE1378,RIO CORTIJO BARAJILLA 1,GUERRERO,16.5009,-98.40589,Verde,0
DLGUE1379,PLAYA TORTUGUERA CAHUITLAN 1,GUERRERO,16.46915,-98.6982,Rojo,0
DLGUE1380,PUENTE BARAJILLAS,GUERRERO,16.50958,-98.46294,Amarillo,0
DLGUE1381,PUENTE MILPILLAS,GUERRERO,16.57824,-98.46145,Amarillo,0
DLGUE1382,RIO SANTA CATARINA 3,GUERRERO,16.57693,-98.45635,Amarillo,0
DLGUE1383,RIO QUETZALA 2 VISTA HERMOSA,GUERRERO,16.60707,-98.49025,Amarillo,0
DLGUE1384,PUENTE QUETZALA,GUERRERO,16.64963,-98.50459,Amarillo,0
DLGUE1385,RIO QUETZALA 1,GUERRERO,16.66705,-98.50607,Amarillo,0
DLGUE1386,RIO SANTA CATARINA 4,GUERRERO,16.67843,-98.33309,Amarillo,0
DLGUE1387,RIO SANTA CATARINA 5,GUERRERO,16.68327,-98.32685,Amarillo,0
DLGUE1388,FRENTE AL HOTEL PRESIDENTE 2,GUERRERO,16.85545,-99.8634,Verde,0
DLGUE1389,ARROYO SALADO (GUERRERO),GUERRERO,18.7117,-99.61785,Amarillo,1
DLGUE1390M1,TAXCO EL VIEJO,GUERRERO,18.47374,-99.5788,Amarillo,1
DLGUE1391,LAGO DE TUXPAN 1,GUERRERO,18.3673,-99.49746,Amarillo,0
DLGUE1392,LAGO DE TUXPAN 2,GUERRERO,18.35819,-99.48194,Amarillo,0
DLGUE1393,PRESA VALERIO TRUJANO 3,GUERRERO,18.31167,-99.4595,Verde,0
DLGUE1394,PRESA VALERIO TRUJANO 2,GUERRERO,18.29875,-99.4589,Amarillo,0
DLGUE1395,PRESA VALERIO TRUJANO 1,GUERRERO,18.29656,-99.46387,Verde,0
DLGUE1396,PRESA VALERIO TRUJANO 4,GUERRERO,18.30916,-99.42946,Rojo,0
DLGUE1397,PUENTE AHUEHUEPAN,GUERRERO,18.34067,-99.65093,Amarillo,1
DLGUE1398M1,RIO CACALOTENANGO,GUERRERO,18.52291,-99.62709,Verde,1
DLGUE1399M1,RIO ACAMIXTLA,GUERRERO,18.55234,-99.56319,Amarillo,0
DLGUE1400M1,EL PUENTE,GUERRERO,18.52547,-99.58652,Amarillo,1
DLGUE1401M1,HUEYMATLA,GUERRERO,18.51043,-99.58075,Amarillo,0
DLGUE1415,PAPALUTLA,GUERRERO,18.02307,-98.90701,Amarillo,1
DLGUE6482,RIO ATOYAC-A,GUERRERO,17.22419,-100.43683,Amarillo,0
DLGUE6483,RIO ATOYAC-B,GUERRERO,17.1906,-100.44397,Amarillo,0
DLHID1416,"PLASTICOS PLYMOUTH DE MEXICO, S.A. DE C.V. (AGUAS ARRIBA)",HIDALGO,19.84925,-98.91425,Rojo,2
DLHID1417,"PLASTICOS PLYMOUTH DE MEXICO, S.A. DE C.V. (AGUAS ABAJO)",HIDALGO,19.8456,-98.91546,Rojo,2
DLHID1422,AHUACATITLAN,HIDALGO,20.31942,-98.75175,Amarillo,2
DLHID1425,CANAL PRINCIPAL EL TUMBA 3,HIDALGO,20.20305,-99.05058,Rojo,2
DLHID1426,CANAL PRINCIPAL ALTO REQUENA,HIDALGO,20.20879,-99.05669,Rojo,2
DLHID1428,CANAL PRINCIPAL EL TUMBA 2,HIDALGO,20.20945,-99.08676,Rojo,2
DLHID1429,CANAL PRINCIPAL EL TUMBA 1,HIDALGO,20.21629,-99.13118,Rojo,2
DLHID1431,OBRA DE TOMA CANAL PRINCIPAL EL TUMBA,HIDALGO,20.14758,-99.19325,Rojo,2
DLHID1435,PRESA DERIVADORA TLAMACO-JUANDHO (RS1),HIDALGO,20.0347,-99.22298,Rojo,2
DLHID1443,OBRA DE TOMA PRESA REQUENA (OTPR),HIDALGO,19.96261,-99.31116,Rojo,0
DLHID1447,"SALMITEX, S.A. DE C.V. (AGUAS ABAJO)",HIDALGO,19.97141,-99.3649,Rojo,0
DLHID1450,RIO TEPEJI,HIDALGO,19.89509,-99.34277,Rojo,2
DLHID1451,"PILGRIM´S PRIDE, S.A. DE C.V. AGUAS ARRIBA RIO TEPEJI",HIDALGO,19.88919,-99.34299,Verde,0
DLHID1452,"TEJIDOS FLANEL, S.A DE C.V. AGUAS ARRIBA RIO TEPEJI",HIDALGO,19.88671,-99.34304,Amarillo,2
DLHID1454,"MANUFACTURAS KALTEX, S.A. DE C.V. TLAUTLA AGUAS ARRIBA ARROYO LA COLMENA",HIDALGO,19.96577,-99.36947,Amarillo,0
DLHID1455,"MANUFACTURAS KALTEX, S.A. DE C.V. TLAUTLA AGUAS ARRIBA D 2 RIO JILOTEPEC",HIDALGO,19.95589,-99.37576,Amarillo,0
DLHID1457,"MANUFACTURAS KALTEX, S.A. DE C.V. TLAUTLA AGUAS ARRIBA D 3 RIO JILOTEPEC",HIDALGO,19.97276,-99.36358,Verde,0
DLHID1458,KM 0+00 CANAL ENDHO (SOT),HIDALGO,20.15875,-99.35682,Rojo,2
DLHID1462,PISCICOLA TEZONTEPEC DE ALDAMA (RT-2A),HIDALGO,20.1946,-99.28088,Amarillo,0
DLHID1469,TLACOTEPEC,HIDALGO,20.65081,-98.82925,Rojo,0
DLHID1470,RIO CHINAMECA,HIDALGO,20.75222,-98.64994,Rojo,0
DLHID1471,LAGUNA DE ZUPITLAN 1,HIDALGO,20.15273,-98.39645,Rojo,0
DLHID1472,LAGUNA DE ZUPITLAN 2,HIDALGO,20.14794,-98.39377,Rojo,0
DLHID1473,MANANTIAL DE LA LAGUNA DE HUEYAPAN,HIDALGO,20.02808,-98.28221,Verde,0
DLHID1474,RIO SAN LORENZO 3,HIDALGO,20.02255,-98.30894,Rojo,2
DLHID1479,PRESA OMILTEMETL 1,HIDALGO,20.15736,-98.1358,Amarillo,0
DLHID1480,LAGUNA DE TEJOCOTAL 1,HIDALGO,20.1352,-98.12936,Verde,0
DLHID1481,LAGUNA DE TEJOCOTAL 2,HIDALGO,20.12749,-98.14241,Verde,0
DLHID1482,PRESA OMILTEMETL 2,HIDALGO,20.17025,-98.1394,Verde,0
DLHID1483,LA ISLETA LAGUNA DE TECOCOMULCO,HIDALGO,19.86751,-98.36839,Rojo,0
DLHID1484,THALIMEDES LAGUNA TECOCOMULCO,HIDALGO,19.86899,-98.39119,Rojo,0
DLHID1485,TULTENGO LAGUNA DE TECOCOMULCO,HIDALGO,19.84471,-98.39931,Rojo,0
DLHID1487,RH17 AGUAS ARRIBA DE LA DESCARGA DEL GEISER,HIDALGO,20.57444,-99.69615,Rojo,0
DLHID1490,PRESA LA ESTANZUELA 1,HIDALGO,20.16492,-98.75667,Rojo,0
DLHID1491,RH26-3 PANUCO,HIDALGO,20.58118,-99.69259,Verde,2
DLHID1492,PRESA ZIMAPAN 3,HIDALGO,20.66189,-99.5012,Rojo,0
DLHID1493,PRESA ZIMAPAN 4,HIDALGO,20.63485,-99.47875,Rojo,0
DLHID1494,RH26-7 PANUCO,HIDALGO,20.58547,-99.368,Verde,2
DLHID1495,RIO TULA (PUENTE DE FIERRO),HIDALGO,20.5754,-99.34621,Rojo,2
DLHID1497,OBRA DE TOMA PRESA VICENTE AGUIRRE (PVA),HIDALGO,20.43658,-99.37778,Rojo,2
DLHID1500,OBRA DE TOMA PRESA ROJO GOMEZ (PRG),HIDALGO,20.3742,-99.32684,Rojo,2
DLHID1502,PUENTE DE LA CD. DE IXMIQUILPAN (RT-4),HIDALGO,20.48079,-99.22118,Rojo,0
DLHID1513,LAS ADJUNTAS 1,HIDALGO,20.86451,-99.44553,Verde,0
DLHID1517M1,LAGO AZUL SAN MIGUEL REGLA,HIDALGO,20.22143,-98.55999,Rojo,0
DLHID1518,SAN SIMON,HIDALGO,21.01235,-98.80922,Amarillo,0
DLHID1519,TEHUETLAN,HIDALGO,21.05163,-98.52737,Amarillo,0
DLHID1520,ATLAPEXCO,HIDALGO,21.01557,-98.33913,Amarillo,0
DLHID6456,PRESA ENDHO 4,HIDALGO,20.07715,-99.34836,Rojo,0
DLHID6462,PRESA ENDHO 3,HIDALGO,20.12629,-99.35816,Amarillo,0
DLHID6464,PRESA ENDHO 2,HIDALGO,20.1451,-99.36493,Amarillo,0
DLHID6466,PRESA ENDHO 1,HIDALGO,20.15304,-99.3606,Amarillo,0
DLMIC1521,TERMOELECTRICA P. ELIAS CALLES  DESCARGA AL BALSAS,GUERRERO,17.96756,-102.13606,Verde,0
DLMIC1524,DESEMBOCADURA RIO BALSAS,MICHOACAN DE OCAMPO,17.92445,-102.1567,Verde,0
DLMIC1526W1,BOCANA,MICHOACAN DE OCAMPO,17.93068,-102.17419,Verde,0
DLMIC1527,RIO BALSAS 1,MICHOACAN DE OCAMPO,17.93168,-102.18146,Verde,0
DLMIC1528,"ARCELORMITTAL LAS TRUCHAS, S.A. DE C.V. ( (A) AGUAS ARRIBA)",MICHOACAN DE OCAMPO,17.95416,-102.18831,Verde,0
DLMIC1529,"ARCELORMITTAL LAS TRUCHAS, S.A. DE C.V. ((A) AGUAS ABAJO)",MICHOACAN DE OCAMPO,17.94963,-102.18921,Verde,0
DLMIC1530,RIO BALSAS PUENTE IGNACIO CHAVEZ,MICHOACAN DE OCAMPO,17.99201,-102.17565,Amarillo,1
DLMIC1531,"ARCELORMITTAL LAS TRUCHAS, S.A. DE C.V. ((B) AGUAS ABAJO)",MICHOACAN DE OCAMPO,17.91785,-102.19268,Verde,0
DLMIC1532,DESCARGA FERTINAL,MICHOACAN DE OCAMPO,17.92083,-102.16199,Verde,0
DLMIC1534,"ARCELORMITTAL LAZARO CARDENAS, S.A. DE C.V. II",MICHOACAN DE OCAMPO,17.94129,-102.18741,Verde,0
DLMIC1542W1,LAGUNA COSTERA EL CAIMAN 3,MICHOACAN DE OCAMPO,17.96622,-102.29307,Rojo,0
DLAGU11,PRESA JOCOQUI 100M AGUAS ARRIBA DE LA CORTINA,AGUASCALIENTES,22.12123,-102.35794,Verde,0
DLAGU12,PRESA EL JOCOQUI COLA,AGUASCALIENTES,22.1358,-102.37846,Amarillo,0
DLAGU13,PRESA PRESIDENTE CALLES 100M AGUAS ARRIBA DE LA CORTINA,AGUASCALIENTES,22.14165,-102.41856,Amarillo,0
DLAGU14,PRESA PRESIDENTE CALLES EMBARCADERO,AGUASCALIENTES,22.15254,-102.4263,Verde,0
DLAGU15,PRESA PRESIDENTE CALLES TECONGO,AGUASCALIENTES,22.13077,-102.44221,Amarillo,0
DLAGU16,PRESA PRESIDENTE CALLES RIO BLANCO,AGUASCALIENTES,22.14564,-102.44423,Amarillo,0
DLAGU17,PRESA PRESIDENTE CALLES PAREDES,AGUASCALIENTES,22.13645,-102.45887,Amarillo,0
DLAGU18,PRESA 50 ANIVERSARIO CORTINA,AGUASCALIENTES,22.18899,-102.4653,Amarillo,0
DLAGU20,DESARROLLOS INDUSTRIALES DE AGUASCALIENTES (AGUAS ABAJO),AGUASCALIENTES,21.98063,-102.29445,Rojo,2
DLAGU21,DESARROLLOS INDUSTRIALES DE AGUASCALIENTES (AGUAS ARRIBA),AGUASCALIENTES,21.98524,-102.28905,Rojo,2
DLAGU23,PRESA LOS GRINGOS,AGUASCALIENTES,21.90766,-102.26814,Rojo,0
DLAGU24,PRESA EL CEDAZO,AGUASCALIENTES,21.86921,-102.25658,Rojo,0
DLAGU27M1,RIO SAN PEDRO AGUAS ABAJO DE LA CIUDAD DE AGUASCALIENTES,AGUASCALIENTES,21.84536,-102.33361,Rojo,2
DLAGU31,PRESA EL NIAGARA CANAL DE RIEGO,AGUASCALIENTES,21.77918,-102.37381,Rojo,2
DLAGU32M1,HIDRANTE PARCELARII DISTRITO DE RIEGO 001 PABELLON,AGUASCALIENTES,22.14338,-102.34201,Amarillo,0
DLAGU33,RIO SAN PEDRO LAGUNA EL SABINAL,AGUASCALIENTES,21.75618,-102.37363,Rojo,1
DLAGU35,RIO SAN PEDRO PUENTE SAN PEDRO CIENEGUILLA,AGUASCALIENTES,21.71666,-102.40724,Rojo,0
DLAGU37M1,RIO SAN PEDRO SUR DEL PARQUE RECREATIVO EL SABINAL,AGUASCALIENTES,21.74109,-102.36757,Rojo,2
DLAGU38M1,RIO SAN PEDRO EXHACIENDA AGOSTADERITO,AGUASCALIENTES,21.76688,-102.36137,Rojo,1
DLAGU40,PRESA MEDIA LUNA 100M AGUAS ARRIBA DE LA CORTINA,AGUASCALIENTES,21.82335,-102.77811,Amarillo,0
DLAGU46,PRESA LA CODORNIZ 100M AGUAS ARRIBA DE LA CORTINA,AGUASCALIENTES,21.99809,-102.67545,Verde,0
DLAGU47,PRESA MALPASO 100 M AGUAS ARRIBA DE LA CORTINA,AGUASCALIENTES,21.85799,-102.65304,Rojo,0
DLAGU51M1,PRESA ABELARDO RODRIGUEZ 100M AGUAS ARRIBA DE LA CORTINA,AGUASCALIENTES,21.91633,-102.4286,Verde,0
DLMIC1543W1,LAGUNA COSTERA EL CAIMAN 4,MICHOACAN DE OCAMPO,17.9775,-102.32441,Rojo,0
DLMIC1544W1,LAGUNA COSTERA EL CAIMAN 5,MICHOACAN DE OCAMPO,17.98442,-102.3279,Amarillo,0
DLMIC1545,DESEMBOCADURA RIO CARRIZAL DE ARTEAGA 2,MICHOACAN DE OCAMPO,17.98857,-102.37526,Amarillo,0
DLMIC1546W1,DESEMBOCADURA RIO CARRIZAL DE ARTEAGA,MICHOACAN DE OCAMPO,17.98233,-102.37853,Verde,0
DLMIC1548,RIO BALSAS CORRIENTE IZQ PUENTE,MICHOACAN DE OCAMPO,17.97331,-102.19769,Amarillo,1
DLMIC1549,RIO BALSAS 5,MICHOACAN DE OCAMPO,18.00848,-102.20828,Amarillo,0
DLMIC1553,RIO BALSAS PUENTE VIEJO,MICHOACAN DE OCAMPO,18.02432,-102.19073,Amarillo,0
DLMIC1554,RIO BALSAS 8,MICHOACAN DE OCAMPO,18.02992,-102.18533,Amarillo,0
DLMIC1555,PRESA LA VILLITA 2,MICHOACAN DE OCAMPO,18.04874,-102.18127,Verde,0
DLMIC1556M1,PRESA LA VILLITA 6,MICHOACAN DE OCAMPO,18.05757,-102.19029,Verde,0
DLMIC1560M1,PRESA LA VILLITA CENTRO,MICHOACAN DE OCAMPO,18.0548,-102.18153,Amarillo,0
DLMIC1561,RIO BALSAS 11,GUERRERO,18.11738,-102.17762,Amarillo,0
DLMIC1562M1,RIO BALSAS 12 BIS,MICHOACAN DE OCAMPO,18.13686,-102.17062,Amarillo,1
DLMIC1563,RIO BALSAS 12,MICHOACAN DE OCAMPO,18.14748,-102.16287,Verde,1
DLMIC1564,RIO BALSAS 13,MICHOACAN DE OCAMPO,18.1672,-102.15872,Verde,1
DLMIC1566,RIO BALSAS 14,MICHOACAN DE OCAMPO,18.18982,-102.1316,Verde,1
DLMIC1567,RIO BALSAS 15,MICHOACAN DE OCAMPO,18.19431,-102.07014,Verde,1
DLMIC1568,RIO BALSAS 16,GUERRERO,18.20429,-102.0088,Amarillo,0
DLMIC1569,RIO BALSAS 17,GUERRERO,18.22991,-101.95994,Amarillo,0
DLMIC1570,RIO BALSAS 18,MICHOACAN DE OCAMPO,18.24628,-101.90675,Amarillo,2
DLMIC1571,RIO BALSAS 19,MICHOACAN DE OCAMPO,18.26283,-101.90667,Amarillo,0
DLMIC1573,RIO BALSAS 21,MICHOACAN DE OCAMPO,18.2692,-101.90208,Amarillo,0
DLMIC1574,RIO BALSAS 22,MICHOACAN DE OCAMPO,18.27455,-101.89916,Amarillo,0
DLMIC1575,PRESA INFIERNILLO 3,GUERRERO,18.26888,-101.89285,Verde,0
DLMIC1577,PRESA INFIERNILLO 7,GUERRERO,18.25658,-101.85149,Amarillo,0
DLMIC1580,PRESA INFIERNILLO 1,MICHOACAN DE OCAMPO,18.41975,-101.8911,Verde,0
DLMIC1581,PRESA INFIERNILLO 4,MICHOACAN DE OCAMPO,18.43372,-101.91103,Verde,0
DLMIC1582,RIO BALSAS 6,GUERRERO,18.00375,-102.18008,Verde,0
DLMIC1583,RIO BALSAS 4,GUERRERO,17.98179,-102.15885,Verde,0
DLMIC1584,RIO BALSAS 2,MICHOACAN DE OCAMPO,17.9495,-102.16969,Rojo,0
DLMIC1585,RIO BALSAS CORRIENTE IZQUIERDA - ALBATROS,MICHOACAN DE OCAMPO,17.93875,-102.18521,Verde,0
DLMIC1586M1,LOS PINZANES,MICHOACAN DE OCAMPO,18.52238,-101.11099,Rojo,1
DLMIC1588,RIO LERMA 42,MICHOACAN DE OCAMPO,20.23139,-102.62581,Amarillo,0
DLMIC1589,RIO DUERO 1,MICHOACAN DE OCAMPO,20.23314,-102.62428,Rojo,0
DLMIC1590,RIO LERMA 18,MICHOACAN DE OCAMPO,20.23788,-102.61965,Rojo,0
DLMIC1591,RIO DUERO 3,MICHOACAN DE OCAMPO,20.25746,-102.56771,Amarillo,0
DLMIC1594,RIO LERMA 50,MICHOACAN DE OCAMPO,20.32851,-102.45735,Amarillo,0
DLMIC1595,RIO LERMA 56,MICHOACAN DE OCAMPO,20.33493,-102.34962,Rojo,0
DLMIC1596,RIO LERMA 57,MICHOACAN DE OCAMPO,20.335,-102.34568,Rojo,0
DLMIC1597,RIO LERMA 25,MICHOACAN DE OCAMPO,20.35313,-102.29311,Rojo,0
DLMIC1598,YURECUARO,JALISCO,20.34488,-102.28093,Rojo,0
DLMIC1600,RIO DUERO PUENTE ARIO DE RAYON,MICHOACAN DE OCAMPO,20.02542,-102.34377,Amarillo,0
DLMIC1601,LA ESTANZUELA,MICHOACAN DE OCAMPO,20.11953,-102.37227,Amarillo,1
DLMIC1606,RIO LERMA 40,MICHOACAN DE OCAMPO,20.21702,-101.92993,Rojo,1
DLMIC1607,RIO LERMA 58,GUANAJUATO,20.35836,-101.96678,Rojo,0
DLMIC1608,RIO LERMA 59,MICHOACAN DE OCAMPO,20.35996,-101.96893,Rojo,1
DLMIC1609,AGUA ARRIBA DE LA PIEDAD,MICHOACAN DE OCAMPO,20.35879,-101.98269,Rojo,1
DLMIC1610,RIO LERMA 23,MICHOACAN DE OCAMPO,20.32779,-102.01376,Rojo,0
DLMIC1614,AGUA ABAJO DE LA PIEDAD (CASETA DE COBRO),MICHOACAN DE OCAMPO,20.35283,-102.02359,Rojo,2
DLMIC1615,AGUAS ABAJO DE LA PIEDAD,MICHOACAN DE OCAMPO,20.3807,-102.0247,Rojo,0
DLMIC1616,RIO LERMA 63,MICHOACAN DE OCAMPO,20.3836,-102.09171,Amarillo,1
DLMIC1617,RIO LERMA 62,MICHOACAN DE OCAMPO,20.38389,-102.09684,Rojo,1
DLMIC1618,RIO LERMA 61,MICHOACAN DE OCAMPO,20.36846,-102.17366,Rojo,1
DLMIC1619,RIO LERMA 60,MICHOACAN DE OCAMPO,20.36581,-102.17757,Rojo,0
DLMIC1620,RIO COAHUAYANA SAN VICENTE,MICHOACAN DE OCAMPO,18.74231,-103.70248,Amarillo,1
DLMIC1621,RIO COAHUAYANA 3,COLIMA,18.72404,-103.71364,Amarillo,1
DLMIC1622,PUENTE COHUAYANA,MICHOACAN DE OCAMPO,18.71725,-103.71597,Amarillo,1
DLMIC1623,RIO COAHUAYANA 1,COLIMA,18.69446,-103.73837,Amarillo,0
DLMIC1624,DESEMBOCADURA  RIO COAHUAYANA 2,COLIMA,18.6852,-103.7386,Amarillo,1
DLMIC1625,"PLAYA BOCA DE APIZA SEG 39, 1 ISA10B",MICHOACAN DE OCAMPO,18.6836,-103.73548,Verde,0
DLMIC1626,"PLAYA BOCA DE APIZA  SEG 39, 2 ISA10B",MICHOACAN DE OCAMPO,18.68236,-103.73241,Verde,0
DLMIC1627W1,ESTERO MEZCALA 2,MICHOACAN DE OCAMPO,18.65992,-103.7019,Amarillo,0
DLMIC1628W1,ESTERO MEZCALA 1,MICHOACAN DE OCAMPO,18.65839,-103.702,Amarillo,0
DLMIC1629W1,ESTERO MEZCALA 3,MICHOACAN DE OCAMPO,18.65686,-103.70335,Amarillo,0
DLMIC1630W1,ESTERO MEZCALA,MICHOACAN DE OCAMPO,18.65393,-103.70012,Amarillo,0
DLMIC1637,HIDROMETRICA CUPATITZIO (C.F.E.) LA PINERA,MICHOACAN DE OCAMPO,19.3402,-102.0824,Amarillo,0
DLMIC1639,HIDROMETRICA C.F.E.,MICHOACAN DE OCAMPO,19.36078,-102.06979,Amarillo,1
DLMIC1641,"INDUSTRIAL PAPELERA MEXICANA, S.A. DE C.V. (AGUAS ARRIBA)",MICHOACAN DE OCAMPO,19.42327,-102.02637,Rojo,2
DLMIC1642,"INDUSTRIAL PAPELERA MEXICANA, S.A. DE C.V. (AGUAS ABAJO)",MICHOACAN DE OCAMPO,19.41893,-102.02288,Rojo,2
DLMIC1649,LA PASTORIA (CUPATITZIO),MICHOACAN DE OCAMPO,18.93365,-102.0591,Amarillo,1
DLMIC1651,PUENTE CAPIRIO,MICHOACAN DE OCAMPO,18.84971,-102.13444,Amarillo,1
DLMIC1652,DESEMBOCADURA RIO NEXPA,MICHOACAN DE OCAMPO,18.08452,-102.78732,Rojo,0
DLMIC1654,PLAYON MEXIQUILLO 1,MICHOACAN DE OCAMPO,18.09528,-102.81401,Rojo,0
DLMIC1655,PLAYON MEXIQUILLO 2,MICHOACAN DE OCAMPO,18.13406,-102.90333,Rojo,0
DLMIC1656,PLAYA MARUATA 1,MICHOACAN DE OCAMPO,18.26772,-103.34867,Verde,0
DLMIC1657,PLAYA MARUATA 3,MICHOACAN DE OCAMPO,18.26871,-103.34825,Rojo,0
DLMIC1658W1,PLAYA MARUATA 2,MICHOACAN DE OCAMPO,18.26794,-103.34965,Rojo,0
DLMIC1659,PLAYA DE COLOLA 1,MICHOACAN DE OCAMPO,18.30145,-103.42129,Rojo,0
DLMIC1660,PLAYA DE COLOLA 2,MICHOACAN DE OCAMPO,18.30652,-103.43541,Rojo,0
DLMIC1661,PLAYA DE COLOLA 3,MICHOACAN DE OCAMPO,18.31176,-103.44821,Verde,0
DLMIC1662M1,PLAYA LA TICLA,MICHOACAN DE OCAMPO,18.45383,-103.55882,Rojo,0
DLMIC1663,DESEMBOCADURA RIO OSTULA,MICHOACAN DE OCAMPO,18.4566,-103.55493,Amarillo,1
DLMIC1664,RIO LERMA 49,MICHOACAN DE OCAMPO,20.32511,-101.46092,Rojo,2
DLMIC1669,RIO LERMA 22,MICHOACAN DE OCAMPO,20.30713,-101.62704,Rojo,0
DLMIC1670,RIO LERMA 46,MICHOACAN DE OCAMPO,20.30303,-101.62761,Rojo,2
DLMIC1671,RIO LERMA 38,MICHOACAN DE OCAMPO,20.19095,-101.69516,Rojo,2
DLMIC1672,RIO ANGULO,MICHOACAN DE OCAMPO,20.1851,-101.69766,Amarillo,0
DLMIC1673,PRESA MELCHOR OCAMPO 2,MICHOACAN DE OCAMPO,20.09815,-101.73778,Rojo,0
DLMIC1674M1,PRESA MELCHOR OCAMPO 1,MICHOACAN DE OCAMPO,20.12715,-101.7256,Rojo,0
DLMIC1675,CORRALES LSP,MICHOACAN DE OCAMPO,20.20332,-101.81221,Rojo,2
DLMIC1682,LAGUNA DE ZACAPU 2,MICHOACAN DE OCAMPO,19.82565,-101.77807,Verde,0
DLMIC1683,LAGUNA DE ZACAPU 1,MICHOACAN DE OCAMPO,19.82353,-101.78477,Rojo,0
DLMIC1684,LAGUNA DE ZACAPU 3,MICHOACAN DE OCAMPO,19.82631,-101.7894,Rojo,0
DLMIC1685,LA ALBERCA DE LOS ESPINOS 1,MICHOACAN DE OCAMPO,19.90702,-101.76656,Rojo,0
DLMIC1686,LA ALBERCA DE LOS ESPINOS 2,MICHOACAN DE OCAMPO,19.90735,-101.76713,Rojo,0
DLMIC1687M1,VILLA JIMENEZ,MICHOACAN DE OCAMPO,19.93211,-101.75155,Amarillo,2
DLMIC1688,LAGO DE PATZCUARO 9,MICHOACAN DE OCAMPO,19.67497,-101.61774,Rojo,0
DLMIC1689,LAGO DE PATZCUARO 10,MICHOACAN DE OCAMPO,19.68046,-101.60502,Rojo,0
DLMIC1690,PATZCUARO CUELLO DEL LAGO,MICHOACAN DE OCAMPO,19.63981,-101.60831,Rojo,0
DLMIC1691,LAGO DE PATZCUARO 5,MICHOACAN DE OCAMPO,19.6383,-101.58716,Rojo,0
DLMIC1692,PATZCUARO SENO QUIROGA,MICHOACAN DE OCAMPO,19.64727,-101.57868,Rojo,0
DLMIC1693,LAGO DE PATZCUARO 6,MICHOACAN DE OCAMPO,19.6512,-101.55167,Rojo,0
DLMIC1694,LAGO DE PATZCUARO 8,MICHOACAN DE OCAMPO,19.66582,-101.58576,Rojo,0
DLMIC1695,LAGO DE PATZCUARO 7,MICHOACAN DE OCAMPO,19.64891,-101.63602,Rojo,0
DLMIC1696,LAGO DE PATZCUARO 4,MICHOACAN DE OCAMPO,19.63241,-101.6563,Rojo,0
DLMIC1697,PATZCUARO AREA DE ISLAS,MICHOACAN DE OCAMPO,19.60226,-101.64755,Rojo,0
DLMIC1698,LAGO DE PATZCUARO,MICHOACAN DE OCAMPO,19.59165,-101.63129,Rojo,0
DLMIC1699,PATZCUARO SENO JANITZIO,MICHOACAN DE OCAMPO,19.57213,-101.65358,Rojo,0
DLMIC1700,LAGO DE PATZCUARO 2,MICHOACAN DE OCAMPO,19.57031,-101.65878,Rojo,0
DLMIC1701,PATZCUARO SENO DE ERONGARICUARO,MICHOACAN DE OCAMPO,19.59046,-101.68867,Rojo,0
DLMIC1702,LAGO DE PATZCUARO 3,MICHOACAN DE OCAMPO,19.59596,-101.68131,Rojo,0
DLMIC1703,PATZCUARO (JANITZIO - PATZCUARO),MICHOACAN DE OCAMPO,19.55587,-101.62695,Rojo,0
DLMIC1704,PATZCUARO MUELLE PRINCIPAL,MICHOACAN DE OCAMPO,19.54374,-101.61696,Rojo,0
DLMIC1706,LAGO ZIRAHUEN - ENTRADA 1,MICHOACAN DE OCAMPO,19.44056,-101.72353,Rojo,0
DLMIC1707,LAGO ZIRAHUEN MUELLE PRINCIPAL,MICHOACAN DE OCAMPO,19.44959,-101.73332,Rojo,0
DLMIC1708,LAGO ZIRAHUEN - ENTRADA 2,MICHOACAN DE OCAMPO,19.45381,-101.73962,Rojo,0
DLMIC1709,LAGO ZIRAHUEN CENTRO,MICHOACAN DE OCAMPO,19.43392,-101.74389,Rojo,0
DLMIC1710,RIO EL SILENCIO (AGUAS ARRIBA),MICHOACAN DE OCAMPO,19.42656,-101.71204,Rojo,2
DLMIC1711,PRESA COINTZIO 1,MICHOACAN DE OCAMPO,19.60348,-101.28352,Rojo,0
DLMIC1712,PRESA COINTZIO 2,MICHOACAN DE OCAMPO,19.6085,-101.27713,Verde,0
DLMIC1713,PRESA COINTZIO 3,MICHOACAN DE OCAMPO,19.61816,-101.26205,Rojo,0
DLMIC1714,PRESA COINTZIO 4,MICHOACAN DE OCAMPO,19.62962,-101.25845,Rojo,0
DLMIC1715,COINTZIO,MICHOACAN DE OCAMPO,19.63088,-101.26007,Rojo,0
DLMIC1716,LA MINTZITA 1,MICHOACAN DE OCAMPO,19.64468,-101.27443,Rojo,0
DLMIC1717,LA MINTZITA 2,MICHOACAN DE OCAMPO,19.64828,-101.271,Rojo,0
DLMIC1718,MANANTIAL LA MINTZITA,MICHOACAN DE OCAMPO,19.65201,-101.26847,Rojo,0
DLMIC1719,PUENTE EL FRIJOLAR,MICHOACAN DE OCAMPO,19.66087,-101.25545,Rojo,2
DLMIC1720,"CRISOBA INDUSTRIAL, S.A. DE C.V. (AGUAS ARRIBA)",MICHOACAN DE OCAMPO,19.65163,-101.25603,Amarillo,2
DLMIC1721,"CRISOBA INDUSTRIAL, S.A. DE C.V. (AGUAS ABAJO)",MICHOACAN DE OCAMPO,19.65906,-101.25554,Rojo,2
DLMIC1723,RIO GRANDE DE MORELIA - PUENTE P.T.,MICHOACAN DE OCAMPO,19.68751,-101.23823,Rojo,2
DLMIC1729,PUENTE LA ALDEA,MICHOACAN DE OCAMPO,19.73386,-101.13477,Rojo,0
DLMIC1730,MORELIA  (A) AGUAS ARRIBA,MICHOACAN DE OCAMPO,19.7395,-101.10961,Rojo,2
DLMIC1731,MORELIA  (A) AGUAS ABAJO,MICHOACAN DE OCAMPO,19.74042,-101.09534,Rojo,2
DLMIC1738,CUITZEO ESTACION QUERENDARO,MICHOACAN DE OCAMPO,19.88168,-100.9399,Rojo,0
DLMIC1739,ARROYO CACHIVI,MICHOACAN DE OCAMPO,19.90471,-100.41941,Rojo,2
DLMIC1742,LAGO DE CUITZEO 11,MICHOACAN DE OCAMPO,19.95696,-100.94225,Rojo,0
DLMIC1743,LAGO DE CUITZEO 9,MICHOACAN DE OCAMPO,19.95101,-100.89322,Rojo,0
DLMIC1746,LAGO DE CUITZEO 7,MICHOACAN DE OCAMPO,19.93008,-100.85033,Rojo,0
DLMIC1747,RIO TLAPUJAHUA,MICHOACAN DE OCAMPO,19.89361,-100.32356,Rojo,1
DLMIC1748,EL GIGANTE,MICHOACAN DE OCAMPO,19.9734,-100.45225,Rojo,1
DLMIC1749,RIO LERMA 12,MICHOACAN DE OCAMPO,19.91698,-100.38799,Rojo,0
DLMIC1750,PUENTE TUNGAREO,MICHOACAN DE OCAMPO,19.90756,-100.36788,Rojo,1
DLMIC1751,RIO LERMA 10,MICHOACAN DE OCAMPO,19.89776,-100.3413,Rojo,1
DLMIC1752,RIO LERMA 70,MICHOACAN DE OCAMPO,19.89981,-100.33461,Rojo,1
DLMIC1755,PRESA TEPUXTEPEC 2,MICHOACAN DE OCAMPO,20.03135,-100.26426,Rojo,0
DLMIC1756,PRESA TEPUXTEPEC 4,MICHOACAN DE OCAMPO,20.02403,-100.24382,Rojo,0
DLMIC1757,PRESA TEPUXTEPEC,MICHOACAN DE OCAMPO,20.00036,-100.2285,Rojo,0
DLMIC1759,PRESA TEPUXTEPEC 7,MICHOACAN DE OCAMPO,20.01147,-100.21156,Rojo,0
DLMIC1761,PRESA TEPUXTEPEC 1,MICHOACAN DE OCAMPO,20.0512,-100.19621,Rojo,0
DLMIC1762,PRESA TEPUXTEPEC 8,MICHOACAN DE OCAMPO,20.05604,-100.21207,Rojo,0
DLMIC1763,PRESA TEPUXTEPEC,MICHOACAN DE OCAMPO,20.05321,-100.21818,Rojo,0
DLMIC1764,RH12-2 LERMA,MICHOACAN DE OCAMPO,20.07785,-100.18858,Rojo,2
DLMIC1765,PRESA TEPUXTEPEC 5,MICHOACAN DE OCAMPO,20.08398,-100.24456,Rojo,0
DLMIC1766,PRESA TEPUXTEPEC 3,MICHOACAN DE OCAMPO,20.09001,-100.24848,Rojo,0
DLMIC1767,PRESA TEPUXTEPEC 1,MICHOACAN DE OCAMPO,20.06859,-100.2681,Rojo,0
DLMIC1768,PRESA DE TEPUXTEPEC 3 BIS,MICHOACAN DE OCAMPO,20.08338,-100.27539,Rojo,0
DLMIC1774,RIO ZITACUARO,MICHOACAN DE OCAMPO,19.40928,-100.40115,Amarillo,1
DLMIC1775,PRESA EL BOSQUE 3,MICHOACAN DE OCAMPO,19.39097,-100.39923,Rojo,0
DLMIC1776,PRESA EL BOSQUE 2,MICHOACAN DE OCAMPO,19.39301,-100.41318,Rojo,0
DLMIC1777,PRESA EL BOSQUE 1,MICHOACAN DE OCAMPO,19.38807,-100.42111,Rojo,0
DLMIC1778,CANAL TUXPAN,MICHOACAN DE OCAMPO,19.39361,-100.42452,Rojo,1
DLMIC1779,CANAL FLORIDA,MICHOACAN DE OCAMPO,19.38765,-100.42201,Rojo,2
DLMIC1780M1,CANAL COLORINES,MICHOACAN DE OCAMPO,19.32619,-100.38826,Rojo,1
DLMIC1781,PRESA UMECUARO,MICHOACAN DE OCAMPO,19.53011,-101.25336,Rojo,0
DLMIC1782,PRESA UMECUARO 2,MICHOACAN DE OCAMPO,19.52578,-101.2478,Verde,0
DLMIC1783,LAGO DE CAMECUARO 1,MICHOACAN DE OCAMPO,19.90214,-102.20918,Rojo,0
DLMIC1784,PRESA COINTZIO ENTRADA,MICHOACAN DE OCAMPO,19.59461,-101.28781,Rojo,2
DLMIC1786,CUITZEO MARIANO ESCOBEDO,MICHOACAN DE OCAMPO,19.95703,-101.08208,Rojo,0
DLMIC1791,CUITZEO FRENTE CUITZEO,MICHOACAN DE OCAMPO,19.92565,-101.13985,Rojo,0
DLMIC1792,LAGO DE CUITZEO 8,MICHOACAN DE OCAMPO,19.93115,-101.13134,Rojo,0
DLMIC1801,LAGO DE CAMECUARO 2,MICHOACAN DE OCAMPO,19.90331,-102.21133,Rojo,0
DLMIC1803,LAGO DE CAMECUARO 3,MICHOACAN DE OCAMPO,19.91097,-102.20572,Rojo,0
DLMIC1805,RIO ZINAPECUARO LAS ADJUNTAS,MICHOACAN DE OCAMPO,19.84511,-100.77114,Amarillo,1
DLMIC1806,RIO ZINAPECUARO ANTES PRESA MALPAIS,MICHOACAN DE OCAMPO,19.84649,-100.83138,Rojo,1
DLMIC1808,RIO DUERO LAS ADJUNTAS,MICHOACAN DE OCAMPO,19.90921,-102.20418,Rojo,2
DLMIC1810,RIO QUERENDARO,MICHOACAN DE OCAMPO,19.81931,-100.88236,Amarillo,1
DLMIC1811,RIO DUERO EL PLATANAL,MICHOACAN DE OCAMPO,19.93463,-102.25293,Amarillo,0
DLMIC1813,CUITZEO CHEHUAYO,MICHOACAN DE OCAMPO,19.89982,-101.07342,Rojo,0
DLMIC1815,CUITZEO LA ORTIGA,MICHOACAN DE OCAMPO,19.98027,-101.00118,Rojo,0
DLMIC1816,PRESA MALPAIS CORTINA,MICHOACAN DE OCAMPO,19.83536,-100.87892,Rojo,0
DLMIC1817M1,PRESA ZICUIRAN 2,MICHOACAN DE OCAMPO,18.94011,-101.91346,Amarillo,0
DLMIC1818M1,PRESA ZICUIRAN CORTINA,MICHOACAN DE OCAMPO,18.92214,-101.93162,Rojo,0
DLMIC1819,PRESA EL  CUERAMAL 1,MICHOACAN DE OCAMPO,18.70134,-101.61848,Rojo,0
DLMIC1820,PRESA EL  CUERAMAL 2,MICHOACAN DE OCAMPO,18.69836,-101.6123,Amarillo,0
DLMIC1821,PRESA EL  CUERAMAL 5,MICHOACAN DE OCAMPO,18.69471,-101.607,Amarillo,0
DLMIC1822,RH16-2 BALSAS,MICHOACAN DE OCAMPO,18.59951,-101.62342,Rojo,1
DLMIC5499,AGOSTITLAN CORTINA,MICHOACAN DE OCAMPO,19.57889,-100.60937,Rojo,0
DLMIC5500,AGOSTITLAN LAS CAPILLAS,MICHOACAN DE OCAMPO,19.56984,-100.60876,Rojo,0
DLMIC5501,PUCUATO CORTINA,MICHOACAN DE OCAMPO,19.62087,-100.68501,Rojo,0
DLMIC5502,PUCUATO CENTRO,MICHOACAN DE OCAMPO,19.61578,-100.68828,Rojo,0
DLNAY1825,LAGUNA AGUA GRANDE 5 (ESTERO TEACAPAN 5),NAYARIT,22.5068,-105.6687,Amarillo,0
DLNAY1826W1,LAGUNA AGUA GRANDE DESEMBOCADURA (ESTERO TEACAPAN DESEMBOCADURA),NAYARIT,22.53808,-105.74564,Verde,0
DLNAY1827,RIO AMECA 7 (RIO AMECA AGUAS ARRIBA DE AMATLAN DE CAÑAS),NAYARIT,20.79484,-104.41575,Amarillo,1
DLNAY1828,RIO AMECA 9 (RIO AMECA AGUAS ABAJO DE AMATLAN DE CAÑAS),NAYARIT,20.86903,-104.51882,Amarillo,1
DLNAY1829,RIO AMECA 11,JALISCO,20.9242,-104.63206,Amarillo,1
DLNAY1830,AHUACATLAN 2,NAYARIT,21.05764,-104.51801,Amarillo,0
DLNAY1831,IXTLAN 2 (DESPUES DE LA DESCARGA MUNICIPAL DE IXTLAN (MEXPAN),NAYARIT,21.03317,-104.41416,Amarillo,1
DLNAY1832,ANTES DE LA DESCARGA MUNICIPAL DE IXTLAN,NAYARIT,21.03208,-104.36413,Amarillo,1
DLNAY1833,RIO GRANDE DE SANTIAGO 17,NAYARIT,21.19246,-104.23697,Verde,0
DLNAY1834,PASO DE LA YESCA,NAYARIT,21.18759,-104.08057,Amarillo,0
DLNAY1835,PRESA SILIDARIDAD PLAYA GOLONDRINAS,NAYARIT,21.69157,-104.63705,Verde,0
DLNAY1836,PRESA EL CAJON 5,NAYARIT,21.40928,-104.42236,Verde,0
DLNAY1837,PRESA EL CAJON 3,NAYARIT,21.42505,-104.43808,Amarillo,0
DLNAY1838,PRESA EL CAJON 2 (EN LA CORTINA),NAYARIT,21.42987,-104.44971,Verde,0
DLNAY1839,PRESA EL CAJON 1 (RIO SANTIAGO EL CAJON),NAYARIT,21.42495,-104.46196,Amarillo,0
DLNAY1840,PRESA EL CAJON 4,NAYARIT,21.43233,-104.43243,Verde,0
DLNAY1841,RIO GRANDE DE SANTIAGO 19 (CAMPAMENTO LAS YEGUAS),NAYARIT,21.4702,-104.50727,Amarillo,1
DLNAY1842,RH12-10 LERMA (RIO GRANDE SANTIAGO/ LAS YEGUAS),NAYARIT,21.46333,-104.50964,Amarillo,1
DLNAY1843,RIO GRANDE DE SANTIAGO PASO DE LOS BUEYES,NAYARIT,21.51685,-104.53033,Verde,1
DLNAY1844,ESTERO TEAPAQUEÑO PUENTE LA COMPUERTA,NAYARIT,22.05153,-105.62304,Verde,0
DLNAY1848,LA ESCONDIDA,NAYARIT,21.57551,-104.89884,Rojo,1
DLNAY1852,DESPUES DE LA DESCARGA MUNICIPAL DE XALISCO,NAYARIT,21.46606,-104.85078,Amarillo,0
DLNAY1854M1,PANTANAL,NAYARIT,21.43846,-104.83639,Amarillo,0
DLNAY1856,LAGUNA DE MORA,NAYARIT,21.51799,-104.8133,Verde,0
DLNAY1857,"RIO GRANDE DE SANTIAGO 23 (RIO GRANDE DE SANTIAGO ""LA TRISTEZA"")",NAYARIT,21.75344,-104.9294,Verde,2
DLNAY1858,RIO GRANDE DE SANTIAGO 22(RIO GRANDE DE SANTIAGO PRESA SAN RAFAEL),NAYARIT,21.79018,-104.9103,Verde,2
DLNAY1859,RIO GRANDE DE SANTIAGO 21 (AGUAMILPA),NAYARIT,21.7784,-104.8562,Amarillo,0
DLNAY1860,PRESA SOLIDARIDAD 1(P.H. AGUAMILPA 1 CORTINA),NAYARIT,21.8406,-104.79137,Verde,0
DLNAY1861,PRESA SOLIDARIDAD 2 (P.H. AGUAMILPA 2),NAYARIT,21.87217,-104.75009,Verde,0
DLNAY1862,PRESA SOLIDARIDAD 5 (P.H. AGUAMILPA 5),NAYARIT,21.87793,-104.75163,Amarillo,0
DLNAY1863,PRESA SOLIDARIDAD 3 (P.H. AGUAMILPA 3),NAYARIT,21.8869,-104.75679,Amarillo,0
DLNAY1864,PRESA SOLIDARIDAD 4 (P.H. AGUAMILPA 4),NAYARIT,21.85078,-104.7436,Verde,0
DLNAY1865,PRESA SOLIDARIDAD 6 (P.H. AGUAMILPA 6 LAS ADJUNTAS),NAYARIT,21.83795,-104.71751,Verde,0
DLNAY1866,PRESA SOLIDARIDAD 7 (P.H. AGUAMILPA 7 DESEMBOCADURA DEL RIO HUAYNAMOTA),NAYARIT,21.85169,-104.71246,Verde,0
DLNAY1867,EL VENADO,NAYARIT,21.94969,-104.97919,Verde,1
DLNAY1868,RIO SAN PEDRO 16,NAYARIT,21.94554,-105.02691,Verde,1
DLNAY1869,RIO SAN PEDRO 21,NAYARIT,21.9442,-105.1004,Amarillo,1
DLNAY1870,DESP. DE LA DESCARGA MUNICIPAL RUIZ,NAYARIT,21.96351,-105.16369,Amarillo,0
DLNAY1871,RIO SAN PEDRO 19,NAYARIT,21.96412,-105.14664,Amarillo,1
DLNAY1872,RIO SAN PEDRO 20,NAYARIT,21.96753,-105.1543,Amarillo,1
DLNAY1873,VADO DE SAN PEDRO,NAYARIT,21.9505,-105.17905,Amarillo,0
DLNAY1874,RIO SAN PEDRO 17,NAYARIT,21.94226,-105.28839,Amarillo,1
DLNAY1875,TUXPAN,NAYARIT,21.94596,-105.29644,Amarillo,1
DLNAY1877,RIO SAN PEDRO 18,NAYARIT,21.95164,-105.31162,Amarillo,1
DLNAY1879W1,RH11-1 PRESIDIO-SAN PEDRO ( LA BATANGA),NAYARIT,21.85797,-105.44051,Amarillo,0
DLNAY1880W1,MARISMAS NACIONALES 6 (EMBARCADERO LA BATANGA MARISMAS NACIONALES 6),NAYARIT,21.89964,-105.46201,Amarillo,1
DLNAY1881W1,RIO SAN PEDRO 14 ( EMBARCADERO LA BATANGA),NAYARIT,21.88845,-105.46258,Amarillo,0
DLNAY1882W1,MEXCALTITAN (EMBARCADERO),NAYARIT,21.90471,-105.48018,Amarillo,0
DLNAY1883W1,MARISMAS NACIONALES 5,NAYARIT,21.84153,-105.47519,Amarillo,0
DLNAY1884,RIO SAN PEDRO 13,NAYARIT,21.85479,-105.48094,Amarillo,0
DLNAY1885,RIO SAN PEDRO 12,NAYARIT,21.76871,-105.49191,Rojo,0
DLNAY1886W1,MARISMAS NACIONALES 4 (ZONA ESTAURINA),NAYARIT,21.76762,-105.49084,Rojo,0
DLNAY1887,RIO SAN PEDRO 11 (BOCA DE CAMICHIN),NAYARIT,21.7414,-105.49203,Verde,0
DLNAY1888,DESEMBOCADURA RIO SAN PEDRO,NAYARIT,21.73381,-105.49234,Verde,0
DLNAY1889,RIO SAN PEDRO 10  (EL SESTEO),NAYARIT,21.72706,-105.48725,Verde,0
DLNAY1890,RIO GRANDE DE SANTIAGO 36 (VILLA JUAREZ),NAYARIT,21.68544,-105.39557,Amarillo,0
DLNAY1891,RIO GRANDE DE SANTIAGO 35 (RIO GRANDE DE SANTIAGO PIMIENTILLO),NAYARIT,21.68378,-105.35257,Amarillo,0
DLNAY1892,RIO GRANDE DE SANTIAGO 34 (PUERTA DE MANGOS),NAYARIT,21.71583,-105.33073,Amarillo,1
DLNAY1893,DESEMBOCADURA DEL RIO AMECA A PLAYA NUEVO VALLARTA,NAYARIT,20.67752,-105.2847,Amarillo,1
DLNAY1896,RIO GRANDE DE SANTIAGO 32 (SOBRE EL PUENTE DE LA PRESA SANTIAGO),NAYARIT,21.8061,-105.20355,Amarillo,0
DLNAY1898,CAPOMAL,NAYARIT,21.83065,-105.11465,Amarillo,1
DLNAY1899,RIO GRANDE DE SANTIAGO 30,NAYARIT,21.82581,-105.07079,Amarillo,0
DLNAY1900,RIO GRANDE DE SANTIAGO 29,NAYARIT,21.74392,-105.04134,Rojo,1
DLNAY1901,ARROYO EL CAIMANERO,NAYARIT,21.83749,-105.10037,Amarillo,0
DLNAY1902,RIO GRANDE DE SANTIAGO 28,NAYARIT,21.73855,-105.01189,Amarillo,0
DLNAY1903,RIO GRANDE DE SANTIAGO 27,NAYARIT,21.74651,-105.00021,Amarillo,1
DLNAY1904M1,RIO MOLOLOA (SALAZARES),NAYARIT,21.71096,-104.97897,Amarillo,1
DLNAY1905M1,"ARROYO SANTA ROSA, CONFLUENCIA CON EL RIO SANTIAGO",NAYARIT,21.7556,-104.92839,Amarillo,1
DLNAY1906,EL JILEÑO,NAYARIT,21.72693,-105.03391,Amarillo,0
DLNAY1907W2,LAGO LA CAMALOTA,NAYARIT,21.52829,-105.20662,Amarillo,0
DLNAY1908W1,LA TOVARA 2 (LA TOVARA),NAYARIT,21.53213,-105.24732,Rojo,0
DLNAY1909,LA TOVARA 3 (ESTERO EL CONCHAL),NAYARIT,21.54544,-105.27271,Rojo,0
DLNAY1910W1,SAN BLAS 2 (ESTERO DEL POZO 500 MTS. AGUAS ARRIBA DE LA DESEMBOCADURA DEL MAR),NAYARIT,21.53626,-105.28954,Rojo,0
DLNAY1911W1,LA TOVARA 1 (ESTERO EL CONCHAL DESEMBOCADURA MAR),NAYARIT,21.51698,-105.26613,Rojo,0
DLNAY1912,SAN BLAS 1 (ESTERO EL POZO),NAYARIT,21.54991,-105.29132,Rojo,0
DLNAY1913,GACHUPINES  (ESTERO GACHUPINES),NAYARIT,21.58905,-105.29427,Rojo,0
DLNAY1914W1,VENA VARADERO (ESTERO VENA VARADEROS),NAYARIT,21.61736,-105.41142,Verde,0
DLNAY1915,RIO GRANDE DE SANTIAGO 37 (BOCA DEL ASADERO),NAYARIT,21.6401,-105.42704,Amarillo,1
DLNAY1916,PUNTA CUSTODIO (PUNTA CUSTODIO PLAYA),NAYARIT,21.34524,-105.24425,Verde,0
DLNAY1917,LAGUNA TORTUGAS RIVIERA NAYARIT2,NAYARIT,21.3465,-105.24134,Verde,0
DLNAY1918,COMPOSTELA 2,NAYARIT,21.26305,-104.92564,Amarillo,1
DLNAY1919,LAGUNA DE SAN PEDRO LAGUNILLAS 2 (ZONA NORTE),NAYARIT,21.21276,-104.73859,Rojo,0
DLNAY1920,LAGUNA DE SAN PEDRO LAGUNILLAS 1 (ZONA SUR),NAYARIT,21.20614,-104.73335,Rojo,0
DLNAY1921,LAGUNA DE TEPELTITIC  MALECON,NAYARIT,21.27861,-104.68264,Rojo,0
DLNAY1922,LAGUNA DE SANTA MARIA DEL ORO 1 (RESTAURANT LA MATA),NAYARIT,21.36276,-104.57044,Verde,0
DLNAY1924,LAGUNA DE SANTA MARIA DEL ORO 3 (A LA ALTURA DEL RESTAURANT LA SELVA),NAYARIT,21.37075,-104.57626,Verde,0
DLNAY1925,LAGUNA DE SANTA MARIA DEL ORO 2  A LA ALTURA DEL RESTAURANT EL DESAGUE,NAYARIT,21.373,-104.5611,Verde,0
DLNAY1926,ARROYO TETITECO  (UZETA),NAYARIT,21.10038,-104.62834,Amarillo,1
DLNAY1927,GAVIOTAS (LAS PALMAS),NAYARIT,20.88892,-105.1335,Amarillo,1
DLNAY1928,RIO AMECA 8 (RIO AMECA SAN JUAN DE ABAJO),NAYARIT,20.8021,-105.18921,Amarillo,1
DLNAY1929,RIO AMECA 6 (RIO AMECA SAN JOSE DEL VALLE,NAYARIT,20.75431,-105.22505,Amarillo,1
DLNAY1930,MARINA CRUZ DE HUANACAXTLE,NAYARIT,20.75003,-105.37645,Verde,0
DLNAY1931,PLAYA GUAYABITOS (LA ESCOLLERA),NAYARIT,21.03855,-105.25671,Rojo,0
DLNAY1932,JARRETADERAS,NAYARIT,20.69331,-105.25951,Amarillo,1
DLNAY1933M1,ESTERO EL QUELELE,NAYARIT,20.71405,-105.30038,Rojo,0
DLNAY1934,PLAYA NUEVO VALLARTA 1,NAYARIT,20.68766,-105.29534,Verde,0
DLNAY1935,NUEVO VALLARTA (ESTERO EL QUELELE / NVO VALLARTA),NAYARIT,20.70554,-105.29694,Rojo,0
DLNAY1936,"PUNTA DE MITA SEG 38, 2 ISA10D (PLAYA EMILIANA ZAPATA)",NAYARIT,20.77007,-105.51627,Verde,0
DLNAY1937,LAGUNA DE CUYUTLAN 2,NAYARIT,22.03653,-105.10889,Rojo,0
DLNAY1938,LAGUNA DE CUYUTLAN 3,NAYARIT,22.03605,-105.11051,Rojo,0
DLNAY1939,LAGUNA DE CUYUTLAN 4,NAYARIT,22.03943,-105.10872,Rojo,0
DLNAY1940,LAGUNA DE CUYUTLAN 5,NAYARIT,22.04187,-105.11143,Rojo,0
DLNAY1941,LAGUNA DE CUYUTLAN 6,NAYARIT,22.04343,-105.11107,Rojo,0
DLNAY1942,SAN PEDRO IXCATAN,NAYARIT,22.03668,-104.93858,Amarillo,1
DLNAY1943W1,PESCADERO (POBLADO),NAYARIT,22.18878,-105.32925,Rojo,0
DLNAY1944,LAGUNA AGUA BRAVA 3,NAYARIT,22.12755,-105.54891,Verde,0
DLNAY1945,LAGUNA AGUA BRAVA 4,NAYARIT,22.12276,-105.554,Verde,0
DLNAY1946W1,LAGUNA AGUA BRAVA 2,NAYARIT,22.08974,-105.53444,Verde,0
DLNAY1947,LAGUNA AGUA BRAVA 1,NAYARIT,22.07996,-105.53567,Verde,0
DLNAY1948,PIMIENTILLO (EMBARCADERO),NAYARIT,22.03658,-105.43697,Amarillo,0
DLNAY1949,LAGUNA AGUA BRAVA 5,NAYARIT,22.2164,-105.6152,Verde,0
DLNAY1950,CANAL DE CUAUTLA,NAYARIT,22.214,-105.61824,Verde,0
DLNAY1951W1,DESEMBOCADURA LAGUNA AGUA BRAVA,NAYARIT,22.18549,-105.63379,Verde,0
DLNAY1952,LAGUNA AGUA GRANDE 2,NAYARIT,22.31346,-105.6338,Verde,0
DLNAY1953,LAGUNA AGUA BRAVA 6,NAYARIT,22.37457,-105.63647,Verde,0
DLNAY1954,ESTERO CUAUTLA PUERTA DEL RIO,NAYARIT,22.38511,-105.64339,Verde,0
DLNAY1955,LAGUNA AGUA GRANDE 4,NAYARIT,22.45403,-105.6454,Verde,0
DLNAY1958,RIO ACAPONETA TECUALA,NAYARIT,22.38618,-105.45418,Amarillo,1
DLNAY1959,RIO ACAPONETA 4,NAYARIT,22.39424,-105.44519,Amarillo,1
DLNAY1961,RIO ACAPONETA 5,NAYARIT,22.40751,-105.39705,Rojo,1
DLNAY1962,ACAPONETA II,NAYARIT,22.4418,-105.38134,Amarillo,1
DLNAY1963,RIO ACAPONETA 7,NAYARIT,22.46345,-105.3751,Amarillo,1
DLNAY1964,ACAPONETA (ACAPONETA),NAYARIT,22.50185,-105.35022,Rojo,1
DLNAY1965,RIO ACAPONETA 8,NAYARIT,22.5264,-105.342,Rojo,1
DLNAY1966,RIO ACAPONETA 9,NAYARIT,22.60659,-105.345,Rojo,1
DLNAY1967,"EMBARCADERO ""OTATITOS""",NAYARIT,22.46904,-105.69175,Verde,0
DLNAY1968,A LA ALTURA DEL POBLADO DE HUAJICORI,NAYARIT,22.6312,-105.31808,Rojo,1
DLNAY1969,RIO ACAPONETA 11,NAYARIT,22.62184,-105.32644,Amarillo,1
DLNAY1971,"PESCA ""EL RINCON""",NAYARIT,22.40251,-105.63913,Verde,0
DLNAY1972,RIO ACAPONETA 13,NAYARIT,22.72752,-105.32819,Amarillo,1
DLNAY1973,RIO ACAPONETA MILPAS VIEJAS,NAYARIT,22.36691,-105.47627,Amarillo,1
DLNAY1974,RIO ACAPONETA 1,NAYARIT,22.27191,-105.5251,Amarillo,0
DLPUE1975M1,ARROYO ZAPATERO,PUEBLA,19.04648,-98.26846,Rojo,2
DLPUE1976,PUEBLA SAN FRANCISCO  (A) AGUAS ARRIBA,PUEBLA,19.02583,-98.22652,Rojo,2
DLPUE1977,DESPUES DE LA CONFLUENCIA CON EL RIO SAN FRANCISCO,PUEBLA,19.01978,-98.23172,Rojo,2
DLPUE1978,ER7 RIO ALSESECA ANTES DEL COLECTOR SUBTERRANEO A PTAR ALSESECA SUR,PUEBLA,19.03898,-98.1685,Rojo,2
DLPUE1979M1,BARRANCA SAN DIEGO LOS ALAMOS,PUEBLA,19.04156,-98.16306,Rojo,2
DLPUE1980,ER4 BARRANCA MANZANILLA,PUEBLA,19.04792,-98.15722,Rojo,2
DLPUE1981,ER3 BARRANCA SAN ANTONIO AGUAS ARRIBA DE BARRANCA MANZANILLA,PUEBLA,19.04755,-98.15771,Rojo,2
DLPUE1982,ER2 BARRANCA SAN ANTONIO AGUAS ABAJO DE COLECTOR INDUSTRIAL PUEBLA 2000,PUEBLA,19.06372,-98.15378,Rojo,2
DLPUE1983,"SABORMEX, S.A. DE C.V. (ANTES CAFES DE VERACRUZ, S.A. DE C.V.) (AGUAS ABAJO)",PUEBLA,19.0715,-98.14908,Rojo,2
DLPUE1984,"SABORMEX, S.A. DE C.V. (ANTES CAFES DE VERACRUZ, S.A. DE C.V.) (AGUAS ARRIBA)",PUEBLA,19.07661,-98.14733,Rojo,2
DLPUE1985,ER1 BARRANCA SAN ANTONIO AGUAS ARRIBA DE COLECTOR INDUSTRIAL RESURRECCION,PUEBLA,19.08264,-98.14442,Rojo,2
DLPUE1987,ER5 BARRANCA MICXATLALT,PUEBLA,19.04275,-98.1615,Rojo,2
DLPUE1988,AGUAS ABAJO DE LA DESCARGA TEXTIL ZALDO,PUEBLA,19.12423,-98.22961,Rojo,2
DLPUE1989,LA AUTOPISTA P1 (24),PUEBLA,19.10108,-98.23744,Rojo,2
DLPUE1991W1,ANTES DE LA PLANTA DE TRATAMIENTO BARRANCA DEL CONDE,PUEBLA,19.09719,-98.23675,Rojo,0
DLPUE1992M1,"RA-1 RIO ATOYAC, ANTES TLAHUAPAN (ESTACION TESTIGO)",PUEBLA,19.36776,-98.51524,Amarillo,0
DLPUE1993,AGUAS ABAJO DEL COLECTOR PANZACOLA,PUEBLA,19.15612,-98.2373,Rojo,2
DLPUE1994,RIO SAN LORENZO 1,PUEBLA,19.91276,-98.16705,Rojo,2
DLPUE1995,PRESA NECAXA 1,PUEBLA,20.20803,-98.02922,Verde,0
DLPUE1996,PRESA NECAXA 2,PUEBLA,20.21638,-98.00201,Verde,0
DLPUE1997,SISTEMA DE REPRESAS Y CORREDORES BIOLOGICOS DE LA CUENCA HIDROGRAFICA DEL RIO NECAXA 8,PUEBLA,20.20135,-97.991,Verde,0
DLPUE1998,PRESA TENANGO,PUEBLA,20.19739,-97.98348,Verde,0
DLPUE1999,SISTEMA DE REPRESAS Y CORREDORES BIOLOGICOS DE LA CUENCA HIDROGRAFICA DEL RIO NECAXA 7,PUEBLA,20.194,-97.98532,Amarillo,0
DLPUE2000,SISTEMA DE REPRESAS Y CORREDORES BIOLOGICOS DE LA CUENCA HIDROGRAFICA DEL RIO NECAXA 5,PUEBLA,20.17118,-97.99293,Verde,0
DLPUE2001,RIO NECAXA 1,PUEBLA,20.23854,-97.89157,Amarillo,0
DLPUE2002,RIO NECAXA 4,PUEBLA,20.24647,-97.8548,Amarillo,0
DLPUE2003,RIO NECAXA 5,PUEBLA,20.2351,-97.802,Amarillo,0
DLPUE2004,RIO NECAXA 7,VERACRUZ DE IGNACIO DE LA LLAVE,20.26888,-97.73399,Amarillo,0
DLPUE2005,RIO TECOLUTLA 1,VERACRUZ DE IGNACIO DE LA LLAVE,20.245,-97.42524,Amarillo,0
DLPUE2006,PRESA LA SOLEDAD,PUEBLA,19.95836,-97.4472,Verde,0
DLPUE2007,RIO CAZONES 1,VERACRUZ DE IGNACIO DE LA LLAVE,20.40963,-97.64122,Amarillo,0
DLPUE2008,LAZARO CARDENAS,PUEBLA,20.44572,-97.70254,Amarillo,0
DLPUE2009,AGUA FRIA,PUEBLA,20.50123,-97.67252,Verde,2
DLPUE2010,RIO CAZONES 5,PUEBLA,20.46761,-97.59411,Amarillo,0
DLPUE2011,VILLA AVILA CAMACHO,PUEBLA,20.39251,-97.87221,Amarillo,0
DLPUE2012,RIO ATOTONILCO,PUEBLA,19.32619,-98.458,Amarillo,0
DLPUE2013,ANTES DE LA CONFLUENCIA CON EL RIO ATOTONILCO,PUEBLA,19.32276,-98.46104,Verde,0
DLPUE2014M1,SANTA MARIA CORONANGO,PUEBLA,19.13015,-98.30793,Amarillo,2
DLPUE2015M1,ARROYO LA PRESA,PUEBLA,19.29922,-98.44957,Rojo,2
DLPUE2016,RIO COTZALA,PUEBLA,19.28252,-98.42564,Rojo,2
DLPUE2017,PUENTE CARRETERA SAN MARTIN-TLAXCALA P1(15),PUEBLA,19.28608,-98.42633,Rojo,2
DLPUE2018,"RA-9 RIO XOCHIAC, ANTES DE LA CONFLUENCIA CON EL RIO ATOYAC",PUEBLA,19.19992,-98.41981,Rojo,2
DLPUE2019M1,RIO RABANILLO,PUEBLA,19.07401,-98.26212,Rojo,2
DLPUE2021,RIO NEXAPA 0,PUEBLA,19.13694,-98.42733,Rojo,2
DLPUE2022M1,BARRANCA HONDA,PUEBLA,19.11548,-98.2275,Rojo,2
DLPUE2023,RIO NEXAPA 4,PUEBLA,19.05204,-98.41175,Rojo,2
DLPUE2024,RIO NEXAPA 5,PUEBLA,19.01102,-98.39715,Rojo,2
DLPUE2025,RIO NEXAPA 6,PUEBLA,18.98793,-98.38876,Amarillo,2
DLPUE2026,NEXAPA LOS MOLINOS P1 (31),PUEBLA,18.94814,-98.38222,Amarillo,2
DLPUE2027,RIO NEXAPA 7,PUEBLA,18.94253,-98.38665,Amarillo,2
DLPUE2028,RIO NEXAPA 8,PUEBLA,18.91646,-98.37486,Rojo,0
DLPUE2029,RIO NEXAPA 9,PUEBLA,18.90401,-98.3773,Rojo,2
DLPUE2030,RIO NEXAPA 11,PUEBLA,18.88452,-98.40291,Rojo,0
DLPUE2031,RIO NEXAPA 10,PUEBLA,18.87139,-98.40691,Rojo,2
DLPUE2032M1,RIO NEXAPA 12,PUEBLA,18.86068,-98.40879,Rojo,0
DLPUE2035,RIO NEXAPA 14,PUEBLA,18.83293,-98.42638,Rojo,2
DLPUE2036,NEXAPA-LAS FAJANAS P1 (33),PUEBLA,18.80112,-98.43433,Rojo,2
DLPUE2037,"BACARDI Y COMPAÑIA, S.A. DE C.V. (AGUAS ABAJO)",PUEBLA,18.6558,-98.46275,Rojo,2
DLPUE2038,"BACARDI Y COMPAÑIA, S.A. DE C.V. (AGUAS ARRIBA)",PUEBLA,18.68172,-98.43741,Rojo,2
DLPUE2041,NEXAPA ENTRADA A PUCTLA,PUEBLA,18.59073,-98.46366,Rojo,2
DLPUE2042,PUCTLA,PUEBLA,18.56756,-98.47282,Rojo,2
DLPUE2043,RIO NEXAPA 17,PUEBLA,18.54257,-98.55446,Amarillo,2
DLPUE2044,RIO NEXAPA 16,PUEBLA,18.53827,-98.55865,Rojo,2
DLPUE2046,NEXAPA PUENTE DON ROQUE,PUEBLA,18.48387,-98.63108,Amarillo,2
DLPUE2047,RIO NEXAPA 19,PUEBLA,18.43421,-98.70831,Amarillo,2
DLPUE2048,RIO NEXAPA 1,PUEBLA,19.14023,-98.50392,Rojo,0
DLPUE2050,ATOYAC LA CARMELITA P1 (26),PUEBLA,18.99215,-98.26461,Rojo,2
DLPUE2051,ANTES DE LA CONFLUENCIA CON EL RIO ATOYAC,PUEBLA,18.97386,-98.28458,Rojo,2
DLPUE2053,ECHEVERRIA ANTES DE LA PLANTA DE TRATAMIENTO ATOYAC SUR,PUEBLA,18.97201,-98.27811,Rojo,2
DLPUE2054M1,RIO XOCHIAC ALFUENTE DE RIO ATOYAC,PUEBLA,19.23623,-98.36154,Rojo,2
DLPUE2055W1,HIDROMETRICA ECHEVERRIA P1 (28),PUEBLA,18.9675,-98.2772,Rojo,2
DLPUE2056,AMPLIACION UNION ANTORCHISTA,PUEBLA,18.95339,-98.26328,Rojo,2
DLPUE2057,PRESA MANUEL AVILA CAMACHO 1,PUEBLA,18.92408,-98.19187,Amarillo,0
DLPUE2058,RIO ACATLAN,PUEBLA,18.18081,-98.05776,Rojo,2
DLPUE2059M1,RIO ALSESECA COLONIA LA HACIENDA,PUEBLA,19.00819,-98.19071,Rojo,2
DLPUE2060W1,TOTIMEHUACAN,PUEBLA,18.95778,-98.18695,Rojo,2
DLPUE2061W1,ALSESECA SAN FRANCISCO TOTIMEHUACAN P1 (22),PUEBLA,18.95111,-98.18697,Rojo,2
DLPUE2062M1,ARROYO METLAPANAPA,PUEBLA,19.07678,-98.29341,Rojo,2
DLPUE2063M1,ARROYO PRIETO,PUEBLA,19.07874,-98.29221,Rojo,2
DLPUE2064,PUENTE SAN FRANCISCO TOTIMEHUACAN,PUEBLA,18.96966,-98.18956,Rojo,2
DLPUE2066,DESPUES DE BACHOCO,PUEBLA,18.88304,-97.74384,Rojo,2
DLPUE2067W1,ANTES DE LA CONFLUENCIA CON EL RIO ATOYAC,PUEBLA,19.02172,-98.22594,Amarillo,0
DLPUE2068,PRESA MANUEL AVILA CAMACHO 6,PUEBLA,18.90425,-98.16672,Rojo,0
DLPUE2069M1,PUENTE MARQUEZ,PUEBLA,18.38794,-98.30536,Rojo,0
DLPUE2070,MANUEL AVILA CAMACHO (OBRA DE TOMA) P1(32),PUEBLA,18.91253,-98.10851,Rojo,0
DLPUE2071,ANTES DE LA CONFLUENCIA CON EL ARROYO RABANILLO (PUENTE DE MEXICO),PUEBLA,19.0702,-98.2406,Rojo,2
DLPUE2073,"CERVECERIA CUAUHTEMOC MOCTEZUMA, S.A. DE C.V. (AGUAS ABAJO)",PUEBLA,19.22281,-97.79447,Rojo,2
DLPUE2074M1,SANTA MARIA TEXMELUCAN,PUEBLA,19.28912,-98.54273,Verde,0
DLPUE2083,RIO MIXTECO (ANTES DE CONFLUIR AL RIO ATOYAC),PUEBLA,18.18778,-98.49884,Rojo,0
DLPUE2084,RIO ATOYAC (DESPUES DE LA CONFLUENCIA DEL RIO MIXTECO),PUEBLA,18.18691,-98.5037,Rojo,0
DLPUE2085,RIO NEXAPA 21,PUEBLA,18.20728,-98.80243,Rojo,0
DLPUE2086,RIO NEXAPA 20,PUEBLA,18.31472,-98.83187,Amarillo,0
DLQUE2087,RIO QUERETARO EN LA CIUDAD,QUERETARO ARTEAGA,20.59434,-100.41511,Rojo,2
DLQUE2091,DREN CIMATARIO,QUERETARO ARTEAGA,20.58999,-100.43359,Rojo,2
DLQUE2094,ARROYO EL ARENAL,QUERETARO ARTEAGA,20.59612,-100.48918,Rojo,2
DLQUE2095,LAS ADJUNTAS,QUERETARO ARTEAGA,20.59424,-100.48994,Rojo,2
DLQUE2096M1,RIO EL PUEBLITO,QUERETARO ARTEAGA,20.55114,-100.45856,Rojo,2
DLQUE2097,RIO EXTORAZ DESPUES DE LA CD,QUERETARO ARTEAGA,21.06024,-99.81363,Amarillo,1
DLQUE2098,RIO EXTORAZ ANTES DE LA CD,QUERETARO ARTEAGA,21.04788,-99.8159,Amarillo,1
DLQUE2099,PEÑA BLANCA,QUERETARO ARTEAGA,21.03115,-99.74059,Verde,1
DLQUE2100,SALIDA DE PTAR TOLIMAN,QUERETARO ARTEAGA,20.91913,-99.91578,Rojo,2
DLQUE2102,SAN PABLO TOLIMAN,QUERETARO ARTEAGA,20.87675,-99.91171,Rojo,2
DLQUE2103,PRESA COLON,QUERETARO ARTEAGA,20.8263,-100.03107,Rojo,0
DLQUE2104,RIO COLON DESPUES DE LA PTAR,QUERETARO ARTEAGA,20.80231,-100.04056,Rojo,0
DLQUE2105,RIO COLON ANTES DE PTAR,QUERETARO ARTEAGA,20.80089,-100.04042,Rojo,2
DLQUE2106,ARROYO BERNAL,QUERETARO ARTEAGA,20.74366,-99.93917,Rojo,2
DLQUE2107,RQ13 AGUAS ABAJO DEL DREN  LA CULEBRA,QUERETARO ARTEAGA,20.46396,-99.96848,Rojo,2
DLQUE2108,RQ12 AGUAS ARRIBA DEL DREN  LA CULEBRA,QUERETARO ARTEAGA,20.46466,-99.96863,Rojo,2
DLQUE2110,PTAR SAN PEDRO AHUACATLAN II,QUERETARO ARTEAGA,20.43689,-99.99046,Rojo,0
DLQUE2111,PTAR SAN PEDRO AHUACATLAN I AGUAS ABAJO,QUERETARO ARTEAGA,20.42535,-99.9865,Rojo,0
DLQUE2112,"CARTONES PONDEROSA, S.A. DE C.V. (AGUAS ARRIBA)",QUERETARO ARTEAGA,20.42527,-99.98648,Rojo,2
DLQUE2113,"CARTONES PONDEROSA, S.A. DE C.V. (AGUAS ABAJO)",QUERETARO ARTEAGA,20.42533,-99.98664,Rojo,1
DLQUE2114,"MANUFACTURAS KALTEX, S.A. DE C.V. (AGUAS ABAJO).",QUERETARO ARTEAGA,20.40289,-100.00114,Rojo,0
DLQUE2117M1,RIO SAN JUAN FRACCIONAMIENTO LA RUEDA,QUERETARO ARTEAGA,20.42712,-99.98687,Rojo,2
DLQUE2121,"KIMBERLY CLARK DE MEXICO, S.A.B. DE C.V. (AGUAS ARRIBA)",QUERETARO ARTEAGA,20.35242,-99.99615,Amarillo,2
DLQUE2122,"KIMBERLY CLARK DE MEXICO, S.A.B. DE C.V. (AGUAS ABAJO)",QUERETARO ARTEAGA,20.36466,-99.9995,Rojo,2
DLQUE2123,SALIDA DE LA PRESA PASO DE TABLAS,QUERETARO ARTEAGA,20.54635,-99.84287,Rojo,0
DLQUE2124W1,RQ9 AGUAS ABAJO DE LA PRESA CONSTITUCION DE 1917,QUERETARO ARTEAGA,20.41332,-100.07812,Rojo,0
DLQUE2125,ENTRADA PRESA CENTENARIO,QUERETARO ARTEAGA,20.482,-99.93558,Rojo,2
DLQUE2127,PRESA EL CENTENARIO 3,QUERETARO ARTEAGA,20.50872,-99.89896,Rojo,0
DLQUE2128,AGUAS ABAJO DE LA PRESA CENTENARIO,QUERETARO ARTEAGA,20.51497,-99.89644,Rojo,1
DLQUE2130W1,TEQUISQUIAPAN DESPUES DE LA PTAR-W1,QUERETARO ARTEAGA,20.54037,-99.87046,Rojo,2
DLQUE2131M1,RIO ESCANELA,QUERETARO ARTEAGA,21.19663,-99.60457,Verde,1
DLQUE2133,"INFIERNILLO, ESTACION DE AFORO",QUERETARO ARTEAGA,20.7558,-99.52343,Rojo,1
DLQUE2134,PRESA ZIMAPAN 2,QUERETARO ARTEAGA,20.64148,-99.56632,Rojo,0
DLQUE2135,PRESA LA ESTANZUELA 2,HIDALGO,20.16694,-98.75572,Rojo,0
DLQUE2136,BOMBAS DE LA PRESA INFIERNILLO,QUERETARO ARTEAGA,20.77281,-99.50433,Verde,0
DLQUE2147,RIO ESCANELA DESPUES DE LA PTAR,QUERETARO ARTEAGA,21.21234,-99.53429,Amarillo,1
DLQUE2148,RIO ESCANELA ANTES DE LA PTAR,QUERETARO ARTEAGA,21.21272,-99.53603,Verde,1
DLQUE2149,RIO AYUTLA,QUERETARO ARTEAGA,21.39799,-99.58041,Amarillo,1
DLQUE2150,RIO CONCA,QUERETARO ARTEAGA,21.43668,-99.64207,Amarillo,1
DLQUE2152,RIO QUERETARO ANTES DE LA CIUDAD,QUERETARO ARTEAGA,20.62351,-100.31508,Rojo,2
DLQUE2160,RQ7 AGUAS ABAJO DE LA PRESA SAN ILDEFONSO,QUERETARO ARTEAGA,20.1979,-99.9602,Rojo,2
DLQUE5525,PRESA SANTA CATARINA,QUERETARO ARTEAGA,20.78652,-100.45358,Rojo,0
DLQUE5526,PRESA EL BATAN,QUERETARO ARTEAGA,20.50432,-100.41184,Rojo,0
DLQUI2161,LAGUNA DE NICHUPTE 6,QUINTANA ROO,21.14975,-86.81345,Verde,0
DLQUI2162,PLAYA LINDA,QUINTANA ROO,21.1462,-86.78773,Verde,0
DLQUI2164,MANGLARES DE NICHUPTE 4,QUINTANA ROO,21.13599,-86.78948,Verde,0
DLQUI2165,CANCUN 4,QUINTANA ROO,21.14029,-86.76857,Verde,0
DLQUI2166,CANCUN 3,QUINTANA ROO,21.13795,-86.75567,Verde,0
DLQUI2167,CANCUN 1,QUINTANA ROO,21.13781,-86.74517,Verde,0
DLQUI2168,LAGUNA DE NICHUPTE 4,QUINTANA ROO,21.12672,-86.75637,Verde,0
DLQUI2169,LAGUNA DE NICHUPTE 2,QUINTANA ROO,21.08136,-86.78284,Verde,0
DLQUI2170,PLAYA DELFINES,QUINTANA ROO,21.06417,-86.7763,Verde,0
DLQUI2171,LAGUNA DE NICHUPTE 1,QUINTANA ROO,21.04285,-86.78436,Verde,0
DLQUI2172,DESEMBOCADURA SUR LAGUNA NICHUPTE 1,QUINTANA ROO,21.03371,-86.79497,Verde,0
DLQUI2173,MANGLARES DE NICHUPTE 1,QUINTANA ROO,21.03702,-86.82104,Verde,0
DLQUI2174,MANGLARES DE NICHUPTE 2,QUINTANA ROO,21.05984,-86.8174,Verde,0
DLQUI2175,MANGLARES DE NICHUPTE 3,QUINTANA ROO,21.09276,-86.81635,Verde,0
DLQUI2183,EL UVERO,QUINTANA ROO,18.95349,-87.61649,Verde,0
DLQUI2185,PARQUE NACIONAL ARRECIFE DE PUERTO MORELOS 3,QUINTANA ROO,20.82857,-86.87996,Verde,0
DLQUI2186,ARRECIFE DE PUERTO MORELOS 1,QUINTANA ROO,20.86202,-86.86692,Verde,0
DLQUI2187,ARRECIFE PUERTO MORELOS 3,QUINTANA ROO,20.89715,-86.85319,Verde,0
DLQUI2188,PARQUE NACIONAL ARRECIFE DE PUERTO MORELOS 2,QUINTANA ROO,20.93863,-86.82875,Verde,0
DLQUI2189,PARQUE NACIONAL ARRECIFE DE PUERTO MORELOS 1,QUINTANA ROO,20.96613,-86.81918,Verde,0
DLQUI2190,PLAYA NIÑO,QUINTANA ROO,21.19388,-86.80581,Amarillo,0
DLQUI2191,MACACH 1,QUINTANA ROO,21.23726,-86.73982,Verde,0
DLQUI2192,MACACH 2,QUINTANA ROO,21.22391,-86.73215,Verde,0
DLQUI2193,LAGUNA CONIL 1,QUINTANA ROO,21.45173,-87.18527,Verde,0
DLQUI2194,LAGUNA CONIL 3,QUINTANA ROO,21.55347,-87.13714,Verde,0
DLQUI2195,YUM BALAM 1,QUINTANA ROO,21.52399,-87.34259,Verde,0
DLQUI2196,YUM BALAM 3,QUINTANA ROO,21.43922,-87.33108,Verde,0
DLQUI2197,LAGUNA CONIL 2,QUINTANA ROO,21.46935,-87.46479,Verde,0
DLQUI2199,TULUM 2,QUINTANA ROO,20.21595,-87.42709,Verde,0
DLQUI2200,TULUM 1,QUINTANA ROO,20.20828,-87.42851,Verde,0
DLQUI2201,PLAYA MAYA,QUINTANA ROO,20.20256,-87.43167,Verde,0
DLQUI2202,SIAN KA AN 12,QUINTANA ROO,20.08062,-87.47841,Verde,0
DLQUI2203,SIAN KA AN 6,QUINTANA ROO,20.00745,-87.48151,Verde,0
DLQUI2204,SIAN KA AN 5,QUINTANA ROO,20.00361,-87.47675,Verde,0
DLQUI2205,SIAN KA AN 10,QUINTANA ROO,19.89763,-87.4522,Verde,0
DLQUI2206,SIAN KA AN 4,QUINTANA ROO,19.82138,-87.49114,Verde,0
DLQUI2207,SIAN KA AN 3,QUINTANA ROO,19.8039,-87.4813,Verde,0
DLQUI2208,SIAN KA AN 9,QUINTANA ROO,19.74715,-87.59474,Verde,0
DLQUI2209,SIAN KA AN 2,QUINTANA ROO,19.32163,-87.46145,Verde,0
DLQUI2210,LAGUNA SIAN KAAN 4,QUINTANA ROO,19.31544,-87.45751,Verde,0
DLQUI2211,SIAN KA AN 8,QUINTANA ROO,19.22978,-87.52831,Verde,0
DLQUI2213,SIAN KAAN 1,QUINTANA ROO,19.17203,-87.54001,Verde,0
DLQUI2214,LAGUNA SIAN KAAN 2,QUINTANA ROO,19.32374,-87.46347,Verde,0
DLQUI2216,PLAYA TORTUGUERA XCAXELITO,QUINTANA ROO,20.33268,-87.3512,Verde,0
DLQUI2217,TORTUGUERA 1,QUINTANA ROO,20.33854,-87.34758,Verde,0
DLQUI2218,BAHIA PRINCIPE 3,QUINTANA ROO,20.35697,-87.33263,Verde,0
DLQUI2219,BAHIA PRINCIPE 1,QUINTANA ROO,20.36425,-87.33213,Verde,0
DLQUI2220,AKUMAL 2 BEACH RESORT (HOTEL),QUINTANA ROO,20.39292,-87.31597,Verde,0
DLQUI2221,AKUMAL 1,QUINTANA ROO,20.39471,-87.31212,Verde,0
DLQUI2222,PUERTO AVENTURAS 3,QUINTANA ROO,20.49521,-87.22841,Verde,0
DLQUI2223,PUERTO AVENTURAS 1,QUINTANA ROO,20.5038,-87.21858,Verde,0
DLQUI2224,CARMEN 2,QUINTANA ROO,20.6083,-87.08389,Verde,0
DLQUI2225,PLAYA DEL CARMEN,QUINTANA ROO,20.62579,-87.07067,Verde,0
DLQUI2226,CARMEN 3,QUINTANA ROO,20.635,-87.06068,Verde,0
DLQUI2227,PLAYA XCALACOCO / CARMEN 6,QUINTANA ROO,20.65935,-87.03361,Verde,0
DLQUI2228,CARMEN 5,QUINTANA ROO,20.66659,-87.02708,Verde,0
DLQUI2230,COZUMEL 2,QUINTANA ROO,20.49495,-86.96431,Verde,0
DLQUI2231,COZUMEL 1,QUINTANA ROO,20.55327,-86.92541,Verde,0
DLQUI2232,COZUMEL,QUINTANA ROO,20.50889,-86.95263,Verde,0
DLQUI2233,COZUMEL 4,QUINTANA ROO,20.50442,-86.9582,Verde,0
DLQUI2234,COZUMEL 3,QUINTANA ROO,20.51984,-86.94458,Verde,0
DLQUI2236,MANGLARES Y HUMEDALES EN COZUMEL 1,QUINTANA ROO,20.55505,-86.91539,Verde,0
DLQUI2237,MANGLARES Y HUMEDALES DEL NORTE DE LA ISLA DE COZUMEL 1,QUINTANA ROO,20.54511,-86.87838,Verde,0
DLQUI2238,MANGLARES Y HUMEDALES EN COZUMEL 2,QUINTANA ROO,20.55106,-86.85477,Verde,0
DLQUI2239,PARQUE NACIONAL ARRECIFE DE COZUMEL 1,QUINTANA ROO,20.44565,-86.99263,Amarillo,0
DLQUI2240,PARQUE NACIONAL ARRECIFE DE COZUMEL 3,QUINTANA ROO,20.372,-87.0242,Verde,0
DLQUI2241,PARQUE NACIONAL ARRECIFE DE COZUMEL 4,QUINTANA ROO,20.28397,-86.98271,Verde,0
DLQUI2242,PARQUE NACIONAL ARRECIFE DE COZUMEL 2,QUINTANA ROO,20.29413,-86.95655,Verde,0
DLQUI2243,RESERVA DE LA BIOSFERA BANCO CHINCHORRO 3,QUINTANA ROO,18.74973,-87.27876,Verde,0
DLQUI2244,RESERVA DE LA BIOSFERA BANCO CHINCHORRO 2,QUINTANA ROO,18.71167,-87.30546,Verde,0
DLQUI2245,RESERVA DE LA BIOSFERA BANCO CHINCHORRO 1,QUINTANA ROO,18.74784,-87.34416,Verde,0
DLQUI2246,PARQUE NACIONAL ARRECIFES DE XCALAK 3,QUINTANA ROO,18.45617,-87.76189,Verde,0
DLQUI2247,XCALAK 2,QUINTANA ROO,18.42154,-87.76474,Verde,0
DLQUI2248,PARQUE NACIONAL ARRECIFES DE XCALAK 1,QUINTANA ROO,18.3567,-87.80349,Verde,0
DLQUI2249,XCALAK 1,QUINTANA ROO,18.31363,-87.82685,Amarillo,0
DLQUI2250,PARQUE NACIONAL ARRECIFES DE XCALAK 2,QUINTANA ROO,18.21238,-87.84284,Verde,0
DLQUI2252,LAGUNA DE CHICHANKANAB 2,QUINTANA ROO,19.87766,-88.77064,Verde,0
DLQUI2254,NOH-BEC,QUINTANA ROO,19.1462,-88.17097,Rojo,0
DLQUI2255,RIO ESCONDIDO,QUINTANA ROO,18.50765,-88.51542,Rojo,2
DLQUI2256,RIO VALLE HERMOSO,QUINTANA ROO,19.17832,-88.52172,Rojo,2
DLQUI2259,LAGUNA BACALAR 3,QUINTANA ROO,18.93273,-88.16187,Verde,0
DLQUI2260,LAGUNA BACALAR 2,QUINTANA ROO,18.87877,-88.23729,Rojo,0
DLQUI2261,RIO RAUDALES,QUINTANA ROO,18.70679,-88.25611,Rojo,2
DLQUI2262,LAGUNA BACALAR (BALNEARIO EJIDAL),QUINTANA ROO,18.67969,-88.38446,Verde,0
DLQUI2263,LAGUNA BACALAR 1,QUINTANA ROO,18.60705,-88.42907,Verde,0
DLQUI2264,XUL-HA,QUINTANA ROO,18.54377,-88.46084,Verde,0
DLQUI2265,LAGUNA MILAGROS (BALNEAREOS),QUINTANA ROO,18.51464,-88.42697,Verde,0
DLQUI2266,SUBTENIENTE LOPEZ,QUINTANA ROO,18.49275,-88.39667,Verde,2
DLQUI2267,JUAN SARABIA,QUINTANA ROO,18.49348,-88.47892,Rojo,0
DLQUI2268,RIO HONDO 1,QUINTANA ROO,18.46422,-88.51787,Verde,0
DLQUI2269,PUENTE AGUA DULCE,QUINTANA ROO,18.33875,-88.60815,Verde,0
DLQUI2271,CACAO,QUINTANA ROO,18.18645,-88.69459,Verde,0
DLQUI2272,LA UNION II,QUINTANA ROO,17.91136,-88.85462,Verde,2
DLQUI2273,RIO HONDO 2,QUINTANA ROO,17.90314,-88.85657,Verde,0
DLQUI2274,LA UNION I,QUINTANA ROO,17.90756,-88.88596,Verde,0
DLQUI2275,DESEMBOCADURA RIO HONDO,QUINTANA ROO,18.48926,-88.33008,Verde,0
DLQUI2276,HUAY-PIX,QUINTANA ROO,18.51777,-88.43801,Verde,0
DLQUI2277,BAHIA CHETUMAL 2,QUINTANA ROO,18.51058,-88.27719,Verde,0
DLQUI2278,CALDERITAS 1,QUINTANA ROO,18.54152,-88.25777,Verde,0
DLQUI2279,CALDERITAS 2,QUINTANA ROO,18.55845,-88.24955,Verde,0
DLSAN2308M1,PUENTE PASO AL BALCON,SAN LUIS POTOSI,21.68987,-100.43365,Verde,1
DLSAN2315,PRESA EL POTOSINO 1,SAN LUIS POTOSI,22.09971,-101.07793,Verde,0
DLSAN2316,PRESA EL POTOSINO 2,SAN LUIS POTOSI,22.08945,-101.07638,Amarillo,0
DLSAN2317,PRESA EL PEAJE 1,SAN LUIS POTOSI,22.09211,-101.10081,Verde,0
DLSAN2318,PRESA EL PEAJE 2,SAN LUIS POTOSI,22.07875,-101.09707,Amarillo,0
DLSAN2319,PRESA PROVIDENCIA 1,SAN LUIS POTOSI,21.87671,-101.16954,Rojo,0
DLSAN2335,RIO VERDE (ENTRADA A LA CD. RIOVERDE),SAN LUIS POTOSI,21.94687,-100.00769,Amarillo,0
DLSAN2336,RIO VERDE (SALIDA DE LA CD. RIOVERDE),SAN LUIS POTOSI,21.92195,-99.96548,Amarillo,2
DLSAN2337,CIUDAD RIO VERDE (LA PLANTA),SAN LUIS POTOSI,21.91137,-99.95821,Verde,1
DLSAN2339,CASA DE BOMBAS,SAN LUIS POTOSI,21.88727,-99.90553,Amarillo,2
DLSAN2340,VIGAS,SAN LUIS POTOSI,21.83132,-99.86658,Amarillo,0
DLSAN2341,LAGUNA MEDIA LUNA 2,SAN LUIS POTOSI,21.86244,-100.02742,Verde,0
DLSAN2342,LAGUNA MEDIA LUNA 1,SAN LUIS POTOSI,21.86097,-100.02814,Verde,0
DLSAN2343,LAGUNA MEDIA LUNA 3,SAN LUIS POTOSI,21.86371,-100.02895,Verde,0
DLSAN2345,TANQUIAN,SAN LUIS POTOSI,21.59642,-98.66402,Verde,0
DLSAN2346,BALLESMI,SAN LUIS POTOSI,21.7846,-98.87971,Verde,2
DLSAN2347,ESTACION HIDROMETRICA BALLESMI,SAN LUIS POTOSI,21.74934,-98.95878,Verde,0
DLSAN2348,HIDROMETRICA PUJAL,SAN LUIS POTOSI,21.8469,-98.9381,Amarillo,0
DLSAN2349,EL DETALLE,SAN LUIS POTOSI,21.85534,-98.97385,Verde,0
DLSAN2350,CIUDAD VALLES (BIRMANIA),SAN LUIS POTOSI,21.94613,-98.99153,Verde,0
DLSAN2351,PLANTA DE TRATAMIENTO BIRMANIA (SALIDA),SAN LUIS POTOSI,21.9435,-99.0057,Verde,0
DLSAN2352,INGENIO PLAN DE AYALA S.A. DE C.V.  (AGUAS ARRIBA),SAN LUIS POTOSI,22.0214,-99.04997,Verde,1
DLSAN2353,INGENIO PLAN DE AYALA S.A. DE C.V.  (AGUAS ABAJO),SAN LUIS POTOSI,22.01505,-99.05811,Amarillo,1
DLSAN2354,TOMA DE AGUA POTABLE (D.A.P.A.),SAN LUIS POTOSI,22.02048,-99.04887,Amarillo,1
DLSAN2355,ESTACION HIDROMETRICA MICOS,SAN LUIS POTOSI,22.1132,-99.1613,Amarillo,0
DLSAN2356,FIDEICOMISO INGENIO PLAN DE SAN LUIS (AGUAS ABAJO),SAN LUIS POTOSI,22.21087,-99.22522,Amarillo,0
DLSAN2357,FIDEICOMISO INGENIO PLAN DE SAN LUIS (AGUAS ARRIBA),SAN LUIS POTOSI,22.21671,-99.22224,Amarillo,0
DLSAN2358,PRESA LAS LAJILLAS 1,SAN LUIS POTOSI,22.26494,-99.04415,Verde,0
DLSAN2359,PRESA LAS LAJILLAS 2,SAN LUIS POTOSI,22.263,-99.04793,Amarillo,0
DLSAN2360,PRESA LAS LAJILLAS 3,SAN LUIS POTOSI,22.26348,-99.04166,Amarillo,0
DLSAN2361,PRESA LAS LAJILLAS 4,SAN LUIS POTOSI,22.27943,-99.0413,Rojo,0
DLSAN2362,PRESA LAS LAJILLAS 5,SAN LUIS POTOSI,22.24692,-99.03737,Verde,0
DLSAN2365,ESTACION HIDROMETRICA ADJUNTAS,SAN LUIS POTOSI,21.96522,-98.55731,Verde,1
DLSAN2366,SAN JOSE DE LIMON,SAN LUIS POTOSI,21.98362,-98.69298,Verde,1
DLSAN2367,TAMUIN,SAN LUIS POTOSI,21.99941,-98.75941,Verde,1
DLSAN2368,TAMUIN 1,SAN LUIS POTOSI,22.00326,-98.77064,Verde,1
DLSAN2369,RIO CHOY (PLANTA POTABILIZADORA),SAN LUIS POTOSI,22.00111,-98.77421,Amarillo,1
DLSAN2372,ARROYOS Y MANANTIALES DE TANCHACHIN 2,SAN LUIS POTOSI,21.84906,-99.14873,Verde,0
DLSAN2373,ARROYOS Y MANANTIALES DE TANCHACHIN 1,SAN LUIS POTOSI,21.82717,-99.14948,Amarillo,0
DLSAN2374,TANCHACHIN,SAN LUIS POTOSI,21.82245,-99.14659,Verde,1
DLSAN2375,ESTACION HIDROMETRICA GALLINAS,SAN LUIS POTOSI,21.89523,-99.24546,Amarillo,1
DLSAN2376,CIENEGAS DE TAMASOPO 3,SAN LUIS POTOSI,21.66687,-99.22626,Rojo,1
DLSAN2377,CIENEGAS DE TAMASOPO 2,SAN LUIS POTOSI,21.75882,-99.27974,Verde,2
DLSAN2378,CIENEGAS DE TAMASOPO 1,SAN LUIS POTOSI,21.85755,-99.30076,Amarillo,0
DLSAN2379,TAMASOPO,SAN LUIS POTOSI,21.92978,-99.37609,Amarillo,0
DLSAN2380,PUENTE EL AHOGADO,SAN LUIS POTOSI,21.93039,-99.39249,Amarillo,1
DLSAN2381,CASCADAS DE TAMASOPO (CONFLUENCIA),SAN LUIS POTOSI,21.93762,-99.39557,Amarillo,1
DLSAN2382,PASO ANCHO,SAN LUIS POTOSI,21.93694,-99.40566,Verde,1
DLSAN2383,PUENTE DE DIOS,SAN LUIS POTOSI,21.9316,-99.41531,Amarillo,1
DLSAN2384,LAS PLAYITAS (CAMPAMENTO PUENTE DE DIOS),SAN LUIS POTOSI,21.93012,-99.41621,Verde,1
DLSAN2385,LAS CASCADITAS,SAN LUIS POTOSI,21.94644,-99.40061,Verde,1
DLSAN2386,PUENTE CARRETERO AGUA BUENA,SAN LUIS POTOSI,21.95306,-99.39005,Verde,1
DLSAN2387,"INGENIO ALIANZA POPULAR, S.A. DE C.V.  (AGUAS ARRIBA)",SAN LUIS POTOSI,21.96273,-99.30193,Amarillo,1
DLSAN2388,"INGENIO ALIANZA POPULAR, S.A. DE C.V. (AGUA ABAJO)",SAN LUIS POTOSI,21.97138,-99.29431,Verde,1
DLSAN2389,RIO VERDE (DESPUES DE LA CONFLUENCIA  CON RIO SANTA MARIA),SAN LUIS POTOSI,21.6316,-99.22826,Amarillo,1
DLSAN2390,MANANTIAL COY,SAN LUIS POTOSI,21.68339,-99.04582,Amarillo,1
DLSAN2391,"CITROFRUT, S.A. DE C.V. (AGUAS ARRIBA)",SAN LUIS POTOSI,21.47959,-98.96684,Amarillo,2
DLSAN2392,"CITROFRUT, S.A. DE C.V. (AGUAS ABAJO)",SAN LUIS POTOSI,21.47138,-98.95701,Amarillo,0
DLSAN2393,HUICHIHUAYAN,SAN LUIS POTOSI,21.43357,-98.91222,Verde,0
DLSAN2394,AXTLA DE TERRAZAS 1,SAN LUIS POTOSI,21.43082,-98.8806,Verde,2
DLSAN2395,AXTLA DE TERRAZAS 2,SAN LUIS POTOSI,21.43565,-98.86263,Amarillo,2
DLSAN2396,REQUETEMU,SAN LUIS POTOSI,21.41883,-98.88073,Verde,2
DLSAN2397,TIERRA BLANCA,SAN LUIS POTOSI,21.24364,-98.86265,Verde,0
DLSAN2398,TAMAZUNCHALE,SAN LUIS POTOSI,21.2557,-98.77393,Amarillo,0
DLSAN2399,HIDROMETRICA TEMAMATLA,SAN LUIS POTOSI,21.22835,-98.75498,Verde,0
DLSAN2400M1,SAN VICENTE TANCUAYALAB,SAN LUIS POTOSI,21.67449,-98.57561,Verde,0
DLSAN2401,"INGENIO SAN MIGUEL DEL NARANJO, S.A. DE C.V. (AGUAS ARRIBA)",SAN LUIS POTOSI,22.53217,-99.33942,Rojo,0
DLSAN2402,"INGENIO SAN MIGUEL DEL NARANJO, S.A. DE C.V. (AGUAS ABAJO)",SAN LUIS POTOSI,22.52812,-99.33601,Amarillo,0
DLSAN2403,EL NARANJO,SAN LUIS POTOSI,22.5183,-99.3297,Amarillo,0
DLSAN5297M1,OJO DE AGUA DE LOS RODRIGUEZ,SAN LUIS POTOSI,23.4707,-100.84152,Verde,1
DLSAN5300W1,SAN ANTONIO DE CORONADO,SAN LUIS POTOSI,23.5272,-100.9375,Verde,1
DLSAN5304W1,LA MAROMA,SAN LUIS POTOSI,23.5156,-100.8336,Verde,1
DLSAN6524,CAÑADA DE YAÑEZ,SAN LUIS POTOSI,21.81326,-100.64397,Verde,0
DLSAN6525,PRESA ING. MARIANO MOCTEZUMA,SAN LUIS POTOSI,21.68816,-100.77906,Verde,0
DLTAB2404,LOS ZAPOTES 6,TABASCO,17.9685,-92.85196,Amarillo,0
DLTAB2405,LA PARRILLA 6,TABASCO,17.94034,-92.91672,Amarillo,0
DLTAB2406,LA PARRILLA 5,TABASCO,17.9501,-92.91592,Amarillo,0
DLTAB2407,LA PARRILLA 3,TABASCO,17.92944,-92.92941,Amarillo,0
DLTAB2408,LOS ZAPOTES 4,TABASCO,18.00616,-92.84871,Amarillo,0
DLTAB2409,LOS ZAPOTES 3,TABASCO,17.95311,-92.84098,Rojo,0
DLTAB2411,LOS ZAPOTES 1,TABASCO,17.99646,-92.84593,Amarillo,0
DLTAB2412,LA SIERRA PUEBLO NUEVO,TABASCO,17.83265,-92.86871,Amarillo,1
DLTAB2413,LA PARRILLA 1,TABASCO,17.89653,-92.94749,Amarillo,0
DLTAB2414,LA PARRILLA 2,TABASCO,17.91355,-92.94714,Amarillo,0
DLTAB2416,RIO CARRIZAL 3,TABASCO,18.02101,-92.93993,Amarillo,0
DLTAB2417,"FRIGORIFICO Y EMPACADORA DE TABASCO, S.A. DE C.V.",TABASCO,17.99541,-92.96818,Amarillo,0
DLTAB2419,RIO CARRIZAL 1,TABASCO,17.95883,-93.12144,Amarillo,0
DLTAB2420M1,RIO SAMARIA 5,TABASCO,18.01837,-93.04374,Amarillo,1
DLTAB2421,RIO SAMARIA 8,TABASCO,18.01558,-93.08961,Amarillo,1
DLTAB2422,RIO SAMARIA 6,TABASCO,18.01765,-93.14565,Amarillo,1
DLTAB2423,RIO SAMARIA 4,TABASCO,18.01716,-93.17916,Amarillo,1
DLTAB2424M1,LA MAJAGUA,TABASCO,17.95244,-92.91573,Amarillo,0
DLTAB2425,RIO SAMARIA 2,TABASCO,18.01499,-93.2574,Amarillo,1
DLTAB2426,RIO SAMARIA 1,TABASCO,17.95555,-93.30242,Amarillo,0
DLTAB2427,MEZCALAPA 3,TABASCO,17.9435,-93.3487,Amarillo,1
DLTAB2428,MEZCALAPA 2,TABASCO,17.884,-93.36285,Amarillo,1
DLTAB2429,DREN VELADERO 1,TABASCO,18.07594,-93.30546,Amarillo,2
DLTAB2430,DREN VELADERO 2,TABASCO,18.10076,-93.2732,Amarillo,2
DLTAB2431,"SANTA ROSALIA DE LA CHONTALPA, S.A. DE C.V. (AGUAS ARRIBA)",TABASCO,18.10217,-93.39331,Amarillo,0
DLTAB2432,"SANTA ROSALIA DE LA CHONTALPA, S.A. DE C.V. (AGUAS ABAJO)",TABASCO,18.15871,-93.41257,Amarillo,2
DLTAB2434,SANTA ROSALIA,TABASCO,18.16923,-93.45188,Amarillo,0
DLTAB2435,RIO SANTANA 1,TABASCO,18.20421,-93.49528,Amarillo,2
DLTAB2436,RIO SANTANA 2,TABASCO,18.26258,-93.54026,Amarillo,1
DLTAB2437,LAGUNA CARMEN-MACHONA 6,TABASCO,18.32447,-93.61002,Verde,0
DLTAB2438,LAGUNA CARMEN-MACHONA 7,TABASCO,18.34864,-93.63029,Verde,0
DLTAB2439,BANCO LA ISLA,TABASCO,18.3722,-93.61919,Verde,0
DLTAB2440,BARRA DE PANTEONES,TABASCO,18.386,-93.59177,Verde,0
DLTAB2441,LAGUNA LA MACHONA,TABASCO,18.35947,-93.57792,Verde,0
DLTAB2442,LAGUNA CARMEN-MACHONA 9,TABASCO,18.39494,-93.55599,Rojo,0
DLTAB2443,LAGUNA CARMEN-MACHONA 10,TABASCO,18.39607,-93.51411,Rojo,0
DLTAB2444,LAGUNA CARMEN-MACHONA 8,TABASCO,18.34578,-93.67512,Verde,0
DLTAB2445,MANATINERO,TABASCO,18.36503,-93.65658,Verde,0
DLTAB2446,LAGUNA PAJONAL,TABASCO,18.34052,-93.73098,Verde,0
DLTAB2447,LAGUNA CARMEN-MACHONA 5,TABASCO,18.3207,-93.722,Rojo,0
DLTAB2448,LAGUNA CARMEN-MACHONA 2,TABASCO,18.26708,-93.7456,Verde,0
DLTAB2449,LAGUNA CARMEN-MACHONA 3,TABASCO,18.28095,-93.8083,Verde,0
DLTAB2450,LAGUNA CARMEN-MACHONA 4,TABASCO,18.2988,-93.8486,Verde,0
DLTAB2451,PLAYA SANCHEZ MAGALLANES,TABASCO,18.2994,-93.8538,Verde,0
DLTAB2452,LAGUNA CARMEN-MACHONA 1,TABASCO,18.2436,-93.8475,Verde,0
DLTAB2454,SAN FELIPE 2,TABASCO,18.15739,-93.74266,Amarillo,2
DLTAB2455,SAN FELIPE 1,TABASCO,18.11693,-93.6818,Rojo,2
DLTAB2456,RIO NARANJEÑO,TABASCO,18.22814,-93.6348,Verde,0
DLTAB2457,BENITO JUAREZ,TABASCO,18.01768,-93.6069,Rojo,2
DLTAB2458,RIO ZANAPA 3,TABASCO,17.95414,-93.78034,Amarillo,2
DLTAB2459,RIO ZANAPA 1,TABASCO,17.9403,-93.88684,Verde,2
DLTAB2460,RIO ZANAPA 2,TABASCO,17.92692,-93.73952,Verde,2
DLTAB2461,RIO TONALA 31,TABASCO,18.04895,-94.07641,Amarillo,0
DLTAB2462,LA VENTA,TABASCO,18.13448,-94.10062,Amarillo,2
DLTAB2463,RIO TONALA 6,TABASCO,18.16713,-94.12627,Amarillo,2
DLTAB2464,RIO TONALA 7,TABASCO,18.20692,-94.13147,Verde,2
DLTAB2465,EL BARI,TABASCO,18.2434,-94.03219,Verde,0
DLTAB2466,BARRA DE TUPILCO,TABASCO,18.42714,-93.43009,Rojo,0
DLTAB2469,LAGUNA DE MECOACAN 1,TABASCO,18.40822,-93.16325,Verde,0
DLTAB2470,BELLOTE,TABASCO,18.43403,-93.16389,Verde,0
DLTAB2471,EL PUENTE,TABASCO,18.42002,-93.14655,Verde,0
DLTAB2472,LAGUNA DE MECOACAN 3,TABASCO,18.4353,-93.13093,Verde,0
DLTAB2473,PUERTO CHILTEPEC,TABASCO,18.4429,-93.10429,Verde,0
DLTAB2474,DESEMBOCADURA RIO GONZALEZ,TABASCO,18.44103,-93.09008,Amarillo,0
DLTAB2475,RIO GONZALEZ 10,TABASCO,18.4243,-93.06742,Amarillo,0
DLTAB2476,LAGUNA DE MECOACAN 4,TABASCO,18.384,-93.0674,Verde,0
DLTAB2477,LAGUNA DE MECOACAN 2,TABASCO,18.36986,-93.10312,Verde,0
DLTAB2478,LAGUNA DE MECOACAN 5,TABASCO,18.41229,-93.14484,Verde,0
DLTAB2479,PUERTO DOS BOCAS,TABASCO,18.44061,-93.2229,Verde,0
DLTAB2480,RIO GONZALEZ 9,TABASCO,18.41486,-93.00321,Amarillo,0
DLTAB2481,RIO SANTA ANITA 4,TABASCO,18.40254,-92.98433,Amarillo,0
DLTAB2482,RIO SANTA ANITA 3,TABASCO,18.40277,-92.97323,Amarillo,0
DLTAB2483,RIO GONZALEZ 8,TABASCO,18.38347,-92.9838,Amarillo,0
DLTAB2484,RIO GONZALEZ 7,TABASCO,18.36189,-92.95777,Amarillo,0
DLTAB2485,RIO SANTA ANITA 2,TABASCO,18.39313,-92.94517,Rojo,0
DLTAB2486,RIO SANTA ANITA 1,TABASCO,18.37739,-92.90074,Amarillo,0
DLTAB2488,PLAYA PICO DE ORO,TABASCO,18.4544,-92.87439,Verde,0
DLTAB2489,FRACCIONAMIENTO MIRAMAR,TABASCO,18.49,-92.79174,Verde,0
DLTAB2490,ESTUARIO CRUCE FRONTERA (PANGA)(37),TABASCO,18.51795,-92.65974,Rojo,0
DLTAB2491,RIO GRIJALVA 19,TABASCO,18.54917,-92.6591,Rojo,0
DLTAB2493,DESEMBOCADURA RIO GRIJALVA,TABASCO,18.61023,-92.69048,Amarillo,0
DLTAB2494,NUEVO CENTLA,TABASCO,18.63769,-92.51309,Verde,0
DLTAB2495,BARRA DE SAN PEDRO,TABASCO,18.64971,-92.47633,Verde,0
DLTAB2496W1,RESERVA DE LA BIOSFERA PANTANOS DE CENTLA 6,TABASCO,18.36755,-92.57543,Amarillo,0
DLTAB2497,RIO GRIJALVA 17,TABASCO,18.40375,-92.64937,Rojo,0
DLTAB2498,RIO GRIJALVA 18,TABASCO,18.2503,-92.6717,Verde,0
DLTAB2499W1,RESERVA DE LA BIOSFERA PANTANOS DE CENTLA 4,TABASCO,18.23678,-92.65871,Verde,0
DLTAB2500,RIO GRIJALVA 16,TABASCO,18.18328,-92.7204,Amarillo,2
DLTAB2501,RIO GRIJALVA 15,TABASCO,18.04212,-92.80564,Amarillo,2
DLTAB2502,RIO GRIJALVA 14,TABASCO,18.0224,-92.868,Amarillo,2
DLTAB2503,RIO CARRIZAL 4,TABASCO,18.03099,-92.91638,Amarillo,2
DLTAB2504,RIO GRIJALVA 3,TABASCO,17.9976,-92.91223,Amarillo,2
DLTAB2505,SAN CIPRIANO,TABASCO,18.1134,-92.9674,Amarillo,2
DLTAB2506,EL MANGO,TABASCO,18.11758,-92.98231,Amarillo,2
DLTAB2507M2,RIO NACAJUCA 3,TABASCO,18.25471,-93.01898,Amarillo,2
DLTAB2509,RIO GONZALEZ 3,TABASCO,18.25036,-92.83345,Amarillo,2
DLTAB2511,RIO CARRIZAL 2,TABASCO,17.96733,-93.06832,Amarillo,0
DLTAB2512,PUENTE SAMARIA (25),TABASCO,17.99664,-93.27522,Amarillo,1
DLTAB2514,MEZCALAPA 1,TABASCO,17.54313,-93.4899,Verde,1
DLTAB2515,RIO MEZCALAPA(65),CHIAPAS,17.47026,-93.48108,Verde,0
DLTAB2516,TEAPA,TABASCO,17.5657,-92.9536,Amarillo,1
DLTAB2517,PUYACATENGO,TABASCO,17.54629,-92.93015,Amarillo,1
DLTAB2518,TAPIJULAPA,TABASCO,17.46507,-92.77336,Rojo,1
DLTAB2519,RIO PUXCATAN,TABASCO,17.73407,-92.62098,Amarillo,1
DLTAB2520,MACUSPANA,TABASCO,17.74852,-92.58563,Amarillo,0
DLTAB2521,RIO TULIJA 44,TABASCO,17.67465,-92.41177,Amarillo,1
DLTAB2522,RIO CHILAPA 1,TABASCO,17.90329,-92.47879,Verde,0
DLTAB2523,RIO CHILAPA 3,TABASCO,17.9312,-92.47599,Verde,0
DLTAB2524,RIO CHILAPA 2,TABASCO,17.92898,-92.42305,Verde,1
DLTAB2525,RESERVA DE LA BIOSFERA PANTANOS DE CENTLA 2,TABASCO,18.0547,-92.40862,Verde,2
DLTAB2526,RESERVA DE LA BIOSFERA PANTANOS DE CENTLA 1,TABASCO,18.06566,-92.50459,Verde,2
DLTAB2527,PUENTE JONUTA,TABASCO,18.10004,-92.17005,Amarillo,0
DLTAB2528,RIO USUMACINTA 8,TABASCO,17.90128,-91.91601,Amarillo,1
DLTAB2529,RIO USUMACINTA 43,TABASCO,17.8561,-91.78612,Amarillo,1
DLTAB2530,RIO USUMACINTA 6,TABASCO,17.75957,-91.78907,Amarillo,1
DLTAB2531,RIO USUMACINTA 5,TABASCO,17.77468,-91.53067,Amarillo,1
DLTAB2532,RIO USUMACINTA 4,TABASCO,17.76006,-91.42972,Amarillo,1
DLTAB2533,RIO USUMACINTA 3,TABASCO,17.75469,-91.42717,Amarillo,1
DLTAB2534,RIO SAN PEDRO 8,TABASCO,17.74818,-91.26424,Verde,1
DLTAB2535,RIO SAN PEDRO 9,TABASCO,17.77366,-91.15153,Verde,1
DLTAB2536,RIO SAN PEDRO 7,TABASCO,17.4426,-91.13356,Verde,1
DLTAB2537,"AZSUREMEX, S.A. DE C.V. (AGUAS ARRIBA)",TABASCO,17.44031,-91.39531,Amarillo,0
DLTAB2538,"AZSUREMEX, S.A. DE C.V. (AGUAS ABAJO)",TABASCO,17.47029,-91.43411,Rojo,2
DLTAB2539,RIO USUMACINTA 1,TABASCO,17.42582,-91.4924,Amarillo,1
DLTAB2540,RIO USUMACINTA 2,TABASCO,17.47771,-91.42787,Amarillo,1
DLTAB5552,MANATI 1,TABASCO,18.06207,-92.33349,Verde,0
DLTAB5553,MANATI 2,TABASCO,18.07569,-92.33424,Verde,0
DLTAB5554,MANATI 3,TABASCO,18.09384,-92.30066,Verde,0
DLTAB5555,MANATI 4,TABASCO,18.09933,-92.30488,Amarillo,2
DLTAB5556,MANATI 5,TABASCO,18.02775,-92.35835,Verde,0
DLTAB5557,MANATI 6,TABASCO,18.03186,-92.35786,Verde,0
DLTAB5558,MANATI 7,TABASCO,17.95932,-92.31493,Amarillo,2
DLTAB5559,MANATI 8,TABASCO,17.8052,-92.32552,Amarillo,0
DLTAB5560,MANATI 9,TABASCO,18.00212,-92.31082,Amarillo,0
DLTAB5561,MANATI 10,TABASCO,17.92084,-92.3076,Amarillo,0
DLTAB5562,MANATI 11,TABASCO,17.86673,-92.23665,Amarillo,2
DLTAB5563,MANATI 12,TABASCO,17.83635,-92.25317,Verde,2
DLTAB5564,MANATI 13,TABASCO,18.03142,-92.3957,Verde,0
DLTAB5565,MANATI 14,TABASCO,18.06031,-92.323,Verde,0
DLTLA2543,AF-6 BARRANCA ATLAPLITZ,TLAXCALA,19.13814,-98.22425,Rojo,2
DLTLA2544,ATOYAC-PANZACOLA,TLAXCALA,19.15195,-98.22901,Rojo,2
DLTLA2545,ANTES DE LA CONFLUENCIA CON EL RIO ATOYAC,TLAXCALA,19.15874,-98.23926,Rojo,2
DLTLA2546,TLAPALAC ANTES DE CONFLUENCIA CON RIO ATOYAC,PUEBLA,19.15709,-98.24297,Rojo,2
DLTLA2547,"RA-12 RIO ATOYAC, ANTES DE LA CONFLUENCIA CON EL RIO ZAHUAPAN",PUEBLA,19.15754,-98.24199,Rojo,2
DLTLA2548,RIO VIEJO ANTES DE LA CONFLUENCIA CON EL RIO ZAHUAPAN,TLAXCALA,19.17606,-98.25524,Rojo,2
DLTLA2549M1,RIO ZAHUAPAN AGUAS ARRIBA DE PRESA SANTA AGUEDA,TLAXCALA,19.21832,-98.29799,Rojo,2
DLTLA2550,BARRANCA SAMBRANO AGUAS ABAJO DESCARGA POLAQUIMIA,TLAXCALA,19.4122,-98.0744,Rojo,2
DLTLA2551,ANTES DE LA CONFLUENCIA CON EL RIO ZAHUAPAN,TLAXCALA,19.2745,-98.2991,Rojo,2
DLTLA2552,RIO ZAHUAPAN ANTES DERIVADORA PANOTLA,TLAXCALA,19.31666,-98.25766,Rojo,2
DLTLA2554M1,RIO ZAHUAPAN AGUAS ABAJO DE LA CONFLUENCIA DEL RIO TOTOLAC,TLAXCALA,19.27098,-98.3,Rojo,2
DLTLA2555,BARRANCA HUEHUETITLA ANTES DE LA CONFLUENCIA CON EL RIO ZAHUAPAN,TLAXCALA,19.3243,-98.24957,Amarillo,2
DLTLA2556,PUENTE CARRETERA TLAXCALA-SAN MARTIN (EL TREBOL),TLAXCALA,19.32413,-98.2477,Rojo,2
DLTLA2557,Z- 04 CONFLUENCIA RIO ZAHUAPAN RIO DE LOS NEGROS/ TLAXCALA,TLAXCALA,19.3343,-98.209,Rojo,2
DLTLA2557M1,RIO ZAHUAPAN DESPUES DE CONFLUENCIA DE RIO DE LOS NEGROS,TLAXCALA,19.33021,-98.22334,Rojo,2
DLTLA2558,RIO DE LOS NEGROS ANTES DE CONFLUENCIA CON RIO ZAHUAPAN,TLAXCALA,19.3303,-98.22016,Rojo,2
DLTLA2559,RIO ATENCO ANTES DE CONFLUENCIA CON RIO ZAHUAPAN,TLAXCALA,19.3516,-98.1744,Rojo,2
DLTLA2560,RIO ZAHUAPAN AGUAS ARRIBA DE LA CASCADA ATLIHUETZIA,TLAXCALA,19.36555,-98.17809,Rojo,2
DLTLA2561,RIO ZAHUAPAN AGUAS ABAJO DE LA CASCADA ATLIHUETZIA,TLAXCALA,19.35918,-98.17706,Rojo,2
DLTLA2562,"PROCTER & GAMBLE MANUFACTURA, S. DE R.L. DE C.V. (AGUAS ABAJO)",TLAXCALA,19.40639,-98.16852,Rojo,2
DLTLA2563,"PROCTER & GAMBLE MANUFACTURA, S. DE R.L. DE C.V. (AGUAS ARRIBA)",TLAXCALA,19.40944,-98.16369,Rojo,2
DLTLA2564,RIO TEXCALAC ANTES DE LA CONFLUENCIA CON EL RIO ATENCO,TLAXCALA,19.4187,-98.11952,Rojo,2
DLTLA2565,PRESA ATLANGA SANTA CLARA OZUMBA (PRESA SAN JOSE ATLANGA 2),TLAXCALA,19.57067,-98.18658,Verde,0
DLTLA2566,PRESA ATLANGA CENTRO ORIENTE (PRESA SAN JOSE ATLANGA 7),TLAXCALA,19.56172,-98.18633,Rojo,0
DLTLA2567,PRESA ATLANGA AEROPUERTO (PRESA SAN JOSE ATLANGA 4),TLAXCALA,19.54797,-98.18408,Amarillo,0
DLTLA2568,PRESA ATLANGA ZACAPEXCO (PRESA SAN JOSE ATLANGA 6),TLAXCALA,19.55228,-98.16831,Rojo,0
DLTLA2569,PRESA ATLANGA LA HERRADURA (PRESA SAN JOSE ATLANGA 3),TLAXCALA,19.57375,-98.19181,Rojo,0
DLTLA2570,PRESA ATLANGA CORTINA (PRESA DE ATLANGATEPEC 3),TLAXCALA,19.55642,-98.20064,Rojo,0
DLTLA2571,PRESA ATLANGA ZAHUAPAN (PRESA SAN JOSE ATLANGA 5),TLAXCALA,19.56003,-98.17047,Rojo,0
DLTLA2572,ZAHUAPAN-PRESA ATLANGA,TLAXCALA,19.53875,-98.21245,Amarillo,0
DLTLA2576,AF-2 PTAR DM VILLALTA,TLAXCALA,19.28801,-98.4018,Rojo,2
DLTLA2577,"RA-5 RIO ATOYAC, AGUAS ARRIBA DE LA BARRANCA CRUZTITLA",TLAXCALA,19.27822,-98.3697,Rojo,2
DLTLA2578,AF-4 ARROYO ZANJA REAL,TLAXCALA,19.25415,-98.35902,Rojo,2
DLTLA2579,AF-3 ARROYO CAPUENTE,TLAXCALA,19.26042,-98.35933,Verde,2
DLTLA2580,AF-5 RIO SAN IGNACIO,TLAXCALA,19.25299,-98.35773,Rojo,2
DLTLA2581,"RA-7 RIO ATOYAC, ANTES DE LA CONFLUENCIA CON EL RIO XOCHIAC",TLAXCALA,19.25342,-98.35898,Rojo,2
DLTLA2582,"RA-10 RIO XOPANAC, ANTES DE LA CONFLUENCIA CON EL RIO ATOYAC",TLAXCALA,19.20443,-98.33533,Rojo,2
DLZAC2587M1,MOYAHUA,ZACATECAS,21.24124,-103.17879,Rojo,1
DLZAC2590M1,GENARO CODINA,ZACATECAS,22.48096,-102.45479,Amarillo,1
DLZAC2591M1,CUAUHTEMOC,ZACATECAS,22.44248,-102.33263,Rojo,2
DLZAC2592M1,PRESA EL CHIQUE 1,ZACATECAS,21.99944,-102.89639,Verde,0
DLZAC2594M1,PRESA EL CHIQUE 3,ZACATECAS,22.01694,-102.89444,Verde,0
DLZAC2601,TECOMATE,ZACATECAS,21.55581,-103.02489,Rojo,1
DLZAC2604,LA FLORIDA,ZACATECAS,22.6866,-103.6026,Amarillo,1
DLZAC2607M1,EL CHIQUE,ZACATECAS,21.97328,-102.89482,Amarillo,1
DLZAC2617M1,PRESA EL CHIQUE 2,ZACATECAS,22.00639,-102.8967,Verde,0
DLZAC2618M1,"ENVASES Y TAPAS MODELO, S.A. DE C.V. (AGUAS ARRIBA)",ZACATECAS,22.93067,-102.68072,Rojo,0
DLZAC2619M1,LOS ALFARO,ZACATECAS,22.59635,-103.00925,Rojo,2
DLZAC2625M1,TLALTENANGO,ZACATECAS,21.83023,-103.30025,Rojo,0
DLZAC2626M1,TEUL DE GONZALEZ ORTEGA,ZACATECAS,21.49093,-103.46052,Rojo,0
DLZAC2631M1,"ENVASES Y TAPAS MODELO, S.A. DE C.V. (AGUAS ABAJO)",ZACATECAS,22.92906,-102.68446,Rojo,1
DLZAC2636,LA GLORIA,JALISCO,22.09429,-103.29942,Rojo,1
DLZAC2637M1,EL ZAPOTE,JALISCO,21.98402,-103.34018,Amarillo,1
DLZAC2639M1,EL CAZADERO,ZACATECAS,23.70516,-103.09889,Verde,1
DLZAC2656,PRESA EXCAME 1,ZACATECAS,21.645,-103.35056,Verde,0
DLZAC2657,PRESA EXCAME 2,ZACATECAS,21.64222,-103.36278,Amarillo,0
DLZAC2658,PRESA EXCAME 3,ZACATECAS,21.62972,-103.36361,Amarillo,0
DLZAC2670M1,SANTA BARBARA (PRESA LEOBARDO REYNOSO),ZACATECAS,23.1814,-103.21677,Amarillo,0
DLZAC2674M1,MOMAX,ZACATECAS,21.92064,-103.31774,Amarillo,0
DLZAC2683M1,"COMPAÑIA CERVECERA DE ZACATECAS, S.A. DE C.V. (AGUAS ARRIBA) II",ZACATECAS,23.22234,-102.73389,Rojo,0
DLZAC2684,"COMPAÑIA CERVECERA DE ZACATECAS, S.A. DE C.V. (AGUAS ABAJO)",ZACATECAS,23.24269,-102.767,Rojo,0
OCAVM2685,SISTEMA LACUSTRE EJIDOS DE XOCHIMILCO Y SAN GREGORIO ATLAPULCO 2,DISTRITO FEDERAL,19.2832,-99.07943,Rojo,0
OCAVM2687,SISTEMA LACUSTRE EJIDOS DE XOCHIMILCO Y SAN GREGORIO ATLAPULCO 1,DISTRITO FEDERAL,19.27186,-99.06387,Rojo,0
OCAVM2688,XOCHIMILCO 2,DISTRITO FEDERAL,19.26983,-99.06192,Rojo,0
OCAVM2689,XOCHIMILCO 1,DISTRITO FEDERAL,19.27117,-99.05834,Rojo,0
OCAVM2691,LAGO LOS REYES,DISTRITO FEDERAL,19.26631,-99.007,Rojo,0
OCAVM2695,PUENTE XOCHIACA,MEXICO,19.41426,-98.98867,Rojo,2
OCAVM2696,LAGO NABOR CARRILLO 1,MEXICO,19.45778,-98.98728,Rojo,0
OCAVM2698,LAGO NABOR CARRILLO 2,MEXICO,19.48099,-98.95941,Rojo,0
OCAVM2700,PUENTE CARR. LOS REYES - LECHERIA,MEXICO,19.59064,-98.92733,Rojo,2
OCAVM2718,PRESA GUADALUPE 4,MEXICO,19.6234,-99.2499,Rojo,0
OCAVM2721,PRESA GUADALUPE 2,MEXICO,19.63001,-99.25723,Rojo,0
OCAVM2726,PRESA GUADALUPE 3,MEXICO,19.63405,-99.25247,Rojo,0
OCAVM2727,A.A. PRESA GUADALUPE,MEXICO,19.63972,-99.24509,Rojo,2
OCAVM2732,PRESA GUADALUPE 1,MEXICO,19.63323,-99.26012,Rojo,0
OCAVM2740,RIO TEPOTZOTLAN AGUAS ARRIBA DE LA PRESA CONCEPCION,MEXICO,19.69285,-99.32966,Rojo,0
OCAVM2743,SAN LORENZO (HIDROMETRICA),MEXICO,19.70797,-99.19983,Rojo,2
OCAVM2744,"CHENILLE MEXICANA, S.A. DE C.V. (AGUAS ARRIBA)",MEXICO,19.70521,-99.19555,Rojo,2
OCAVM2748,PORTAL DE SALIDA,MEXICO,19.60666,-99.19051,Amarillo,2
OCAVM2751,KILOMETRO 27 + 500,MEXICO,19.64338,-99.05465,Rojo,2
OCAVM2753,AGUAS ARRIBA DE LA PRESA GUADALUPE,MEXICO,19.71481,-99.19534,Rojo,2
OCAVM2755,SANTO TOMAS ESTRUCTURA (OBRA DE TOMA),MEXICO,19.76534,-99.18439,Rojo,2
OCAVM2759,LAGO DE  ZUMPANGO 2,MEXICO,19.80577,-99.13083,Rojo,0
OCAVM2762,ENTRADA AL LAGO DE TEXCOCO,MEXICO,19.44316,-99.04663,Rojo,2
OCAVM2763W1,CERRO DE LA ESTRELLA (A) AGUAS ARRIBA,DISTRITO FEDERAL,19.3374,-99.07982,Rojo,2
OCAVM2764W1,CERRO DE LA ESTRELLA (A) AGUAS ABAJO,DISTRITO FEDERAL,19.33625,-99.07733,Amarillo,2
OCAVM2766,RIO BUEN AVENTURA,DISTRITO FEDERAL,19.28848,-99.1141,Rojo,1
OCAVM2767,CUARTO DINAMO,DISTRITO FEDERAL,19.2656,-99.2941,Rojo,1
OCAVM2768,PRESA MADIN 1,MEXICO,19.5324,-99.2675,Rojo,0
OCAVM2769,PRESA MADIN 2,MEXICO,19.5282,-99.26401,Verde,0
OCAVM2770,PRESA MADIN 3,MEXICO,19.5269,-99.2605,Rojo,0
OCAVM2773,PUENTE DE VIGAS,MEXICO,19.51114,-99.21331,Rojo,2
OCBAL2777,R1 RIO APATLACO  ABAJO  CHALCHIHUAPAN,MORELOS,18.97379,-99.26972,Amarillo,1
OCBAL2779,R5B RIO APATLACO ANTES ARROYO CHAPULTEPEC,MORELOS,18.86339,-99.2236,Amarillo,1
OCBAL2780,R5C RIO APATLACO DESPUES ARROYO CHAPULTEPEC,MORELOS,18.86218,-99.22443,Amarillo,1
OCBAL2781,R13 RIO APATLACO ANTES 9-DERIVADORA,MORELOS,18.62572,-99.18554,Amarillo,1
OCBAL2782,RIO APATLACO ARRIBA PTAR EL RAYO,MORELOS,18.82966,-99.22054,Rojo,0
OCBAL2783,RIO APATLACO ABAJO PTAR EL RAYO,MORELOS,18.82796,-99.22149,Rojo,0
OCBAL2784,BARRANCA PUENTE BLANCO ZAPATA,MORELOS,18.82961,-99.19191,Rojo,0
OCBAL2786,B. GACHUPINA-LAS FUENTES,MORELOS,18.87718,-99.16509,Amarillo,0
OCBAL2787,R2 RIO APATLACO ANTES DESCARGA MUNICIPAL TETELA,MORELOS,18.96645,-99.25885,Amarillo,1
OCBAL2789,"ECCACIV, S.A. DE C.V. (AGUAS ARRIBA)",MORELOS,18.87284,-99.16972,Rojo,0
OCBAL2790,"ECCACIV, S.A. DE C.V. (AGUAS ABAJO)",MORELOS,18.86674,-99.16975,Rojo,0
OCBAL2791,LAGUNA DE HUEYAPAN (EL TEXCAL) 1,MORELOS,18.89432,-99.1503,Verde,0
OCBAL2792,LAGUNA DE HUEYAPAN (EL TEXCAL) 2,MORELOS,18.89475,-99.15058,Verde,0
OCBAL2793,LAGUNA DE HUEYAPAN (EL TEXCAL) 3,MORELOS,18.89522,-99.14956,Verde,0
OCBAL2794,R6 RIO APATLACO  AGUAS  ABAJO  2   DERIVADORA,MORELOS,18.85362,-99.22218,Amarillo,1
OCBAL2796,RIO YAUTEPEC - CENTRO,MORELOS,18.88444,-99.05558,Amarillo,0
OCBAL2797,R3-B RIO APATLACO ANTES CARCAMO DE SAN ANTON,MORELOS,18.92383,-99.24481,Amarillo,1
OCBAL2799,RIO CUAUTLA - YECAPIXTLA,MORELOS,18.8622,-98.92222,Rojo,2
OCBAL2800,BARRANCA SANTA MARIA,MORELOS,18.84139,-98.92513,Rojo,2
OCBAL2802,"BURLINGTON YECAPIXTLA, S.A. DE C.V. (AGUAS ABAJO)",MORELOS,18.86388,-98.88626,Rojo,2
OCBAL2803,RIO CUAUTLA ARRIBA PTAR CUAUTLA,MORELOS,18.79919,-98.95959,Amarillo,2
OCBAL2804M1,RIO CUAUTLA ABAJO PTAR CUAUTLA,MORELOS,18.7966,-98.96709,Rojo,2
OCBAL2805M1,BARRANCA EL HOSPITAL,MORELOS,18.76577,-98.97451,Amarillo,2
OCBAL2806,RIO CUAUTLA - AYALA,MORELOS,18.778,-98.97562,Rojo,2
OCBAL2807,R3-C RIO APATLACO DESPUES DEL CARCAMO DE SAN ANTON,MORELOS,18.92373,-99.24483,Rojo,0
OCBAL2808,RIO CUAUTLA-PAPAYOS,MORELOS,18.70862,-98.9699,Amarillo,2
OCBAL2811,RIO CUAUTLA - SAN VICENTE,MORELOS,18.63652,-99.00811,Amarillo,2
OCBAL2812,RIO CUAUTLA -  CHINAMECA,MORELOS,18.57868,-99.04064,Amarillo,0
OCBAL2813,PUENTE TEMIXCO,MORELOS,18.84187,-99.21922,Amarillo,1
OCBAL2814,RIO YAUTEPEC- TLAQUILTENANGO,MORELOS,18.61007,-99.16399,Amarillo,1
OCBAL2815,RIO CUAUTLA-TLAQUITENANGO,MORELOS,18.54867,-99.10768,Rojo,0
OCBAL2816,RIO YAUTEPEC-PEDRO AMARO,MORELOS,18.59702,-99.17705,Amarillo,1
OCBAL2817,RIO APATLACO-TLATENCHI,MORELOS,18.60982,-99.18279,Rojo,1
OCBAL2818,RIO YAUTEPEC ABAJO PTAR JOJUTLA,MORELOS,18.59156,-99.18488,Amarillo,0
OCBAL2820,APATLACO ABAJO PTAR ZACATEPEC,MORELOS,18.63995,-99.19535,Rojo,1
OCBAL2821,R12C RIO APATLACO DESPUES BARRANCA POZA HONDA,MORELOS,18.65475,-99.19668,Amarillo,0
OCBAL2822,R12 RIO APATLACO ANTES DESCARGA  TETELPA,MORELOS,18.6674,-99.2002,Amarillo,1
OCBAL2823,APATLACO ABAJO PTAR CHIPITLAN,MORELOS,18.87086,-99.2273,Amarillo,1
OCBAL2825,RIO TETLAMA ANTES RIO APATLACO,MORELOS,18.70213,-99.24096,Amarillo,1
OCBAL2826,R10E RIO APATLACO DESPUES ARROYO PALO ESCRITO,MORELOS,18.76258,-99.23383,Rojo,1
OCBAL2827,R10D RIO APATLACO ANTES ARROYO PALO ESCRITO,MORELOS,18.76256,-99.23421,Rojo,0
OCBAL2828,RIO APATLACO-XOCHITEPEC,MORELOS,18.77504,-99.23494,Amarillo,1
OCBAL2829,R9B RIO APATLACO DESPUES DE LA CASCADA REAL DEL PUENTE,MORELOS,18.79025,-99.23372,Rojo,1
OCBAL2830M1,R9 RIO APATLACO  ANTES  DE LA CASCADA  REAL  DEL PUENTE,MORELOS,18.79288,-99.23095,Rojo,1
OCBAL2831M1,ARROYO PANOCHERAS AGUAS ARRIBA RIO APATLACO,MORELOS,18.80009,-99.22682,Amarillo,1
OCBAL2832,R8B RIO APATLACO ANTES ARROYO PANOCHERAS,MORELOS,18.80168,-99.22397,Amarillo,1
OCBAL2834,BARRANCA GACHUPINA ABAJO PTAR GACHUPINA,MORELOS,18.86542,-99.16504,Amarillo,1
OCBAL2835,LAGO DE TEQUESQUITENGO (ENTRADA NORTE),MORELOS,18.62961,-99.25697,Amarillo,0
OCBAL2836,TEQUESQUITENGO (AL CENTRO LAG),MORELOS,18.62645,-99.27157,Amarillo,0
OCBAL2837,LAGO DE TEQUESQUITENGO - 3,MORELOS,18.61261,-99.26207,Amarillo,0
OCBAL2838,LAGO DE TEQUESQUITENGO - 2,MORELOS,18.60272,-99.26086,Amarillo,0
OCBAL2839,LAGO DE TEQUESQUITENGO - SALIDA,MORELOS,18.61826,-99.28172,Amarillo,0
OCBAL2840,LAGO DE TEQUESQUITENGO - 1 (NW),MORELOS,18.63374,-99.27025,Amarillo,0
OCBAL2841,TEMBEMBE,MORELOS,18.63035,-99.32564,Amarillo,1
OCBAL2842,CHALMA,MORELOS,18.62011,-99.33324,Rojo,1
OCBAL2843,CHALMA-TEMBEMBE (EL COCO),MORELOS,18.59042,-99.31494,Rojo,0
OCBAL2844,BARRANCA PUENTE BLANCO ABAJO PTAR,MORELOS,18.765,-99.23193,Rojo,0
OCBAL2845,PUENTE LA FUNDICION,MORELOS,18.54599,-99.26756,Rojo,1
OCBAL2846,AMACUZAC,MORELOS,18.49248,-99.17645,Rojo,0
OCBAL2847,RIO CHALMA - TETECALA,MORELOS,18.70052,-99.37758,Rojo,0
OCBAL2848,TEMBEMBE - MAZATEPEC,MORELOS,18.64085,-99.32616,Amarillo,1
OCBAL2849,COATETELCO (AL CENTRO LAGUNA),MORELOS,18.74361,-99.33588,Rojo,0
OCBAL2850,PRESA EL RODEO-OBRA DE TOMA,MORELOS,18.76496,-99.32953,Amarillo,0
OCBAL2851,APATLACO ARRIBA PTAR CHIPITLAN,MORELOS,18.87183,-99.22705,Amarillo,1
OCBAL2853,RIO CHALMA COATLAN DEL RIO,MORELOS,18.73406,-99.42401,Rojo,0
OCBAL2856,RIO TLAXIACO ABAJO PTAR,OAXACA,17.23999,-97.69028,Amarillo,2
OCBAL2859,RIO SALADO-TEZOATLAN,OAXACA,17.66388,-97.78835,Rojo,0
OCBAL2860,PRESA YOSOCUTA 1 (CORTINA),OAXACA,17.72424,-97.82537,Amarillo,0
OCBAL2861,PRESA YOSOCUTA 3 (CENTRO),OAXACA,17.73132,-97.815,Amarillo,0
OCBAL2862,VASO PRESA YOSOCUTA OBRA DE TOMA,OAXACA,17.73188,-97.81091,Verde,0
OCBAL2863,PRESA YOSOCUTA 5 (S-E),OAXACA,17.74064,-97.81839,Rojo,0
OCBAL2864,PRESA YOSOCUTA 4 (INFLUENTE),OAXACA,17.73702,-97.81324,Amarillo,0
OCBAL2865,RIO MIXTECO (ABAJO PTAR),OAXACA,17.77557,-97.78693,Amarillo,2
OCBAL2867,RIO COYCOYAN-CALIHUALA,OAXACA,17.52425,-98.27802,Amarillo,0
OCBAL2869,RIO MIXTECO SAN FRANCISCO PAXTLAHUACA,OAXACA,17.58472,-98.01239,Rojo,0
OCBAL2870,RIO MIXTECO ABAJO PTAR TAMAZULAPAN,OAXACA,17.69014,-97.57397,Amarillo,2
OCBAL2871,PRESA CAYEHUACAN CORTINA,MORELOS,18.58528,-98.71334,Verde,0
OCBAL2872,PRESA LOS CARROS OBRA DE TOMA,PUEBLA,18.60751,-98.70934,Amarillo,0
OCBAL2873,PRESA ABREVADERO,MORELOS,18.64657,-98.7514,Verde,0
OCBAL2874,RIO MIXTECO HUAJOLOTITLAN,OAXACA,17.82461,-97.72923,Rojo,0
OCBAL2876,RIO MIXTECO - MARISCALA DE JUAREZ,OAXACA,17.86189,-98.14861,Rojo,0
OCBAL5548,AGUAS ARRIBA DE LA DESCARGA DEL RASTRO,OAXACA,17.78118,-97.78362,Amarillo,2
OCBAL5549,AGUAS DEBAJO DE LA DESCARGA DE LA PTAR.,OAXACA,17.7746,-97.78786,Amarillo,2
OCBAL5550,PTAR. SAPAHUA  ENTRADA,OAXACA,17.7751,-97.78668,Rojo,2
OCBAL5551,PTAR. SAPAHUA  SALIDA,OAXACA,17.77572,-97.78606,Rojo,2
OCCCN5211M1,SARDINAS,DURANGO,26.08415,-105.57036,Amarillo,1
OCCCN5212M1,PRESA LAZARO CARDENAS 1,DURANGO,25.70145,-105.10455,Verde,0
OCCCN5213M1,PRESA LAZARO CARDENAS 2,DURANGO,25.54661,-105.04381,Amarillo,0
OCCCN5214M1,PRESA LAZARO CARDENAS 3,DURANGO,25.61493,-105.05768,Amarillo,0
OCCCN5215M1,EL PALMITO,DURANGO,25.59233,-105.00235,Verde,1
OCCCN5216M1,RODEO,DURANGO,25.14719,-104.52392,Amarillo,1
OCCCN5223M1,AGUSTIN MELGAR,DURANGO,25.26358,-104.06635,Amarillo,1
OCCCN5227M1,PRESA FRANCISCO ZARCO 1,DURANGO,25.27378,-103.83652,Verde,0
OCCCN5228M1,PRESA FRANCISCO ZARCO 2,DURANGO,25.27459,-103.81319,Amarillo,0
OCCCN5234M1,PRESA FRANCISCO ZARCO 3,DURANGO,25.26567,-103.77764,Amarillo,0
OCCCN5235M1,PARQUE ESTATAL CAÑON DE FERNANDEZ 1,DURANGO,25.27506,-103.76833,Amarillo,1
OCCCN5236M1,PARQUE ESTATAL CAÑON DE FERNANDEZ 3,DURANGO,25.38702,-103.74252,Amarillo,1
OCCCN5237M1,PARQUE ESTATAL CAÑON DE FERNANDEZ 2,DURANGO,25.30185,-103.73193,Amarillo,1
OCCCN5281M1,LA FLOR,COAHUILA DE ZARAGOZA,25.06807,-103.28386,Amarillo,1
OCFSU2899,MARIA EUGENIA,CHIAPAS,16.71367,-92.63224,Rojo,0
OCFSU2900,ARROYO GRANDE BRASILITO,CHIAPAS,16.7535,-93.09101,Rojo,0
OCFSU2901,PARQUE DE ORIENTE,CHIAPAS,16.75878,-93.08889,Amarillo,0
OCFSU2902,PTAR PASO LIMON  AGUAS ABAJO,CHIAPAS,16.76496,-93.08186,Rojo,0
OCFSU2903,RIO CHACAMAX,CHIAPAS,17.48299,-91.97408,Rojo,0
OCFSU2904,RIO SABINAL A.M. EN LA DESCARGA 20 M. ADENTRO,CHIAPAS,16.77223,-93.0551,Amarillo,2
OCFSU2905,AGUAS ABAJO 100M DESPUES DE LA DESCARGA DEL RIO SABINAL,CHIAPAS,16.77475,-93.05511,Amarillo,0
OCFSU2906,AGUAS ARRIBA 100M ANTES DE LA DESCARGA DEL RIO SABINAL,CHIAPAS,16.77064,-93.05335,Amarillo,0
OCFSU2907,PTAR TUXTLAN AGUAS ABAJO,CHIAPAS,16.75975,-93.14589,Rojo,0
OCFSU2908,CIUDAD DEL AGUA,CHIAPAS,16.73989,-93.0339,Verde,0
OCFSU2909,P.M.E.G.B. AGUAS ABAJO 100 M DESPUES DE LA DESCARGA,CHIAPAS,16.72573,-93.02553,Amarillo,0
OCFSU2910,PTAR CHIAPA DE CORZO 100 M a.a. DESCARGA,CHIAPAS,16.71193,-93.02746,Verde,0
OCFSU2911,RIO GRIJALVA 22,CHIAPAS,16.6859,-93.01027,Verde,0
OCFSU2912,AGUAS ABAJO RIO STO. DOMINGO(FTE. TOMA AGUA POTABLE),CHIAPAS,16.68011,-93.0123,Amarillo,1
OCFSU2913,RIO GRIJALVA 21,CHIAPAS,16.68,-93.00546,Verde,0
OCFSU2915,"EMBOTELLADORA VALLE DE OAXACA, S.A. DE C.V. (AGUAS ABAJO)",CHIAPAS,16.66621,-93.01259,Amarillo,0
OCFSU2916,PUENTE SANTO DOMINGO,CHIAPAS,16.63054,-92.99618,Amarillo,0
OCFSU2917,AGUAS ARRIBADESC.P.PRODUC.DE MOSCAS PARA ERRAD. GUSANO,CHIAPAS,16.72191,-93.02751,Verde,0
OCFSU2919,RIO SUCHIAPA 3,CHIAPAS,16.59912,-93.04047,Verde,0
OCFSU2920,RIO SUCHIAPA 4,CHIAPAS,16.62636,-93.10686,Amarillo,0
OCFSU2921,RIO SUCHIAPA 1,CHIAPAS,16.60905,-93.08414,Amarillo,0
OCFSU2922,AGUAS ARRIBARIO STO.DOM.T.DE AGUA (1KM ANTES C.JULIAN G),CHIAPAS,16.4932,-92.97754,Amarillo,1
OCFSU2923,RIO GRIJALVA 3,CHIAPAS,16.5502,-92.81385,Verde,0
OCFSU2924,RIO GRIJALVA 20,CHIAPAS,16.55025,-92.79828,Rojo,0
OCFSU2925,AGUAS ABAJO FRENTE A LA CORTINA PRESA LA ANGOSTURA,CHIAPAS,16.41203,-92.76044,Rojo,0
OCFSU2926,PRESA LA ANGOSTURA 1,CHIAPAS,16.31672,-92.8685,Verde,0
OCFSU2927,A.M. DEL EMBALSE JERICO,CHIAPAS,16.27871,-92.84294,Verde,0
OCFSU2928,AGUAS ARRIBA DEL EMBALSE JERICO,CHIAPAS,16.21202,-92.97254,Verde,1
OCFSU2930,PRESA LA ANGOSTURA 5,CHIAPAS,16.15315,-92.59608,Rojo,0
OCFSU2931,RIO SAN VICENTE 5,CHIAPAS,16.2253,-92.5014,Rojo,0
OCFSU2933,"CIA. AZUCARERA LA FE, S.A. DE C.V. (AGUAS ARRIBA)",CHIAPAS,16.27981,-92.4584,Amarillo,0
OCFSU2934,"CIA. AZUCARERA LA FE, S.A. DE C.V. (AGUAS ABAJO)",CHIAPAS,16.26851,-92.44873,Amarillo,1
OCFSU2935,RIO BLANCO 10,CHIAPAS,16.36115,-92.4983,Amarillo,1
OCFSU2936,RIO BLANCO 9,CHIAPAS,16.30889,-92.48743,Amarillo,0
OCFSU2937,RIO BLANCO 7,CHIAPAS,16.38953,-92.50243,Amarillo,1
OCFSU2940,RIO SAN VICENTE 3,CHIAPAS,16.18342,-92.29367,Amarillo,0
OCFSU2941,RIO SAN VICENTE 2,CHIAPAS,16.19785,-92.20831,Rojo,0
OCFSU2942,RIO SAN VICENTE 1,CHIAPAS,16.2004,-92.19,Rojo,0
OCFSU2943,RIO SAN VICENTE 0,CHIAPAS,16.1952,-92.1953,Amarillo,0
OCFSU2948,RIO GRANDE,CHIAPAS,16.15124,-91.82552,Rojo,0
OCFSU2949,PARQUE NACIONAL LAGUNAS DE MONTEBELLO 8,CHIAPAS,16.1501,-91.7739,Rojo,0
OCFSU2951,PARQUE NACIONAL LAGUNAS DE MONTEBELLO 6,CHIAPAS,16.12924,-91.75844,Rojo,0
OCFSU2952,PARQUE NACIONAL LAGUNAS DE MONTEBELLO 7,CHIAPAS,16.12743,-91.73166,Verde,0
OCFSU2953,PARQUE NACIONAL LAGUNAS DE MONTEBELLO 5,CHIAPAS,16.12011,-91.72913,Verde,0
OCFSU2954,PARQUE NACIONAL LAGUNAS DE MONTEBELLO 3,CHIAPAS,16.10671,-91.7059,Rojo,0
OCFSU2955,PARQUE NACIONAL LAGUNAS DE MONTEBELLO 4,CHIAPAS,16.10183,-91.66891,Verde,0
OCFSU2956,PARQUE NACIONAL LAGUNAS DE MONTEBELLO 2,CHIAPAS,16.0853,-91.67519,Rojo,0
OCFSU2957,PARQUE NACIONAL LAGUNAS DE MONTEBELLO 1,CHIAPAS,16.08659,-91.66927,Rojo,0
OCFSU2958,RIO LAGARTERO,CHIAPAS,15.82521,-91.91038,Verde,0
OCFSU2961,RIO GRIJALVA 26,CHIAPAS,15.82156,-92.2042,Verde,0
OCFSU2962,PRESA LA ANGOSTURA 2,CHIAPAS,16.06046,-92.49302,Verde,0
OCFSU2963,PRESA LA ANGOSTURA 4,CHIAPAS,16.10099,-92.52356,Verde,0
OCFSU2964,PRESA LA ANGOSTURA 3,CHIAPAS,16.11814,-92.56103,Verde,0
OCFSU2965,RIO SAN VICENTE 4,CHIAPAS,16.21274,-92.45029,Rojo,0
OCFSU2966,SUMIDERO,CHIAPAS,16.71376,-92.64566,Rojo,0
OCFSU2967,RIO FOGOTICO,CHIAPAS,16.7338,-92.61464,Amarillo,0
OCFSU2968,HUMEDALES DE MONTAÑAS LA KISST 1,CHIAPAS,16.72978,-92.64893,Verde,0
OCFSU2969,HUMEDALES DE MONTAÑAS LA KISST 2,CHIAPAS,16.72885,-92.64697,Amarillo,0
OCFSU2970,RIO CHACAMAX 2,CHIAPAS,17.49416,-91.95372,Rojo,0
OCFSU2971,RIO FOGOTICO AGUAS ABAJO DEL RIO AMARILLO,CHIAPAS,16.72649,-92.64666,Rojo,0
OCFSU2972,RIO AMARILLO,CHIAPAS,16.74755,-92.61793,Amarillo,0
OCFSU2976M1,PUENTE ROSARIO-GUADALUPE,CHIAPAS,16.23385,-92.08452,Rojo,2
OCFSU2979M1,RIO HUEHUETAN 1,CHIAPAS,15.03358,-92.36121,Amarillo,0
OCFSU2981,PARQUE ECOLOGICO OSUMACINTA,CHIAPAS,16.93472,-93.09297,Verde,0
OCFSU2982,PRESA CHICOASEN 2,CHIAPAS,16.90213,-93.0919,Rojo,0
OCFSU2983,C.H. CHICOASEN AGUAS ARRIBA,CHIAPAS,16.92513,-93.09783,Verde,0
OCFSU2984,PARQUE ECOLOGICO AMIKUU,CHIAPAS,16.88565,-93.10415,Rojo,0
OCFSU2985,FALLA MUÑIZ,CHIAPAS,16.8903,-93.11468,Rojo,0
OCFSU2986,ARBOL DE NAVIDAD,CHIAPAS,16.87553,-93.10673,Verde,0
OCFSU2987,MIRADOR LA ATALAYA,CHIAPAS,16.83076,-93.09238,Verde,0
OCFSU2988,CAÑON DEL SUMIDERO ENTRADA,CHIAPAS,16.80066,-93.06881,Amarillo,0
OCFSU2990,PTAR TUXTLAN AGUAS ARRIBA,CHIAPAS,16.75929,-93.14946,Rojo,0
OCFSU2991,ARROYO SAN AGUSTIN A.A. DEL RIO SABINAL,CHIAPAS,16.75764,-93.15977,Rojo,0
OCFSU2995,C.H. CHICOASEN (FTE.  A LA CORTINA),CHIAPAS,16.93494,-93.09962,Rojo,0
OCFSU2996,RIO GRIJALVA AGUAS ABAJO CHIACOSEN,CHIAPAS,16.96432,-93.11525,Amarillo,1
OCFSU2997,DESCARGA RIO HONDO,CHIAPAS,16.89441,-93.05663,Verde,0
OCFSU2998,RIO GRIJALVA 9,CHIAPAS,17.03913,-93.3963,Verde,1
OCFSU3000,RIO GRIJALVA 7,CHIAPAS,17.01982,-93.39415,Verde,1
OCFSU3001,C.H. NETZAHUALCOYOTL A.A. APICPAC,CHIAPAS,17.0632,-93.45285,Amarillo,0
OCFSU3002,PRESA NEZAHUALCOYOTL 3,CHIAPAS,17.1227,-93.514,Amarillo,0
OCFSU3003,C.H.NETZAHUALCOYOTL A.M. A 12 KM DE CRIADERO DE PECES,CHIAPAS,17.1317,-93.53594,Verde,0
OCFSU3004,PRESA NEZAHUALCOYOTL 5,CHIAPAS,17.1791,-93.6162,Amarillo,0
OCFSU3005,C.H.NETZAHUALCOYOTL FTE. A LA CORTINA,CHIAPAS,17.1736,-93.6009,Verde,0
OCFSU3006,PUENTE RAUDALE DE MALPASO (65),CHIAPAS,17.18933,-93.59606,Verde,2
OCFSU3007,PRESA NEZAHUALCOYOTL 2,CHIAPAS,17.1584,-93.67608,Verde,0
OCFSU3008,PRESA NEZAHUALCOYOTL 1,CHIAPAS,17.04103,-93.80875,Verde,0
OCFSU3010,RIO LA VENTA 2,CHIAPAS,16.68715,-93.66954,Amarillo,0
OCFSU3011,RIO LA VENTA 1,CHIAPAS,16.69286,-93.56071,Amarillo,0
OCFSU3012,RIO LA VENTA 8,CHIAPAS,16.58544,-93.86855,Amarillo,1
OCFSU3013,RIO LA VENTA 5,CHIAPAS,16.51595,-93.96089,Amarillo,1
OCFSU3015,LAGUNA MAR MUERTO 6,CHIAPAS,16.0871,-93.91898,Verde,0
OCFSU3016,LAGUNA MAR MUERTO 5,CHIAPAS,16.07054,-93.88911,Verde,0
OCFSU3017,LAGUNA MAR MUERTO 1,CHIAPAS,16.0414,-93.8712,Verde,0
OCFSU3018,SISTEMA ESTUARINO PUERTO ARISTA 3,CHIAPAS,15.99433,-93.83118,Verde,0
OCFSU3019,"A 5KM DE PUERTO ARISTA SEG 68, 1 ISA10B",CHIAPAS,15.95302,-93.85148,Verde,0
OCFSU3020,"A 4.5 KM DE PUERTO ARISTA SEG 68, 2 ISA10B",CHIAPAS,15.95033,-93.84631,Verde,0
OCFSU3021,"PUERTO ARISTA SEG 68, 3 ISA10B",CHIAPAS,15.93082,-93.80973,Verde,0
OCFSU3022,"PUERTO ARISTA SEG 68, 4 ISA10B",CHIAPAS,15.92898,-93.80629,Verde,0
OCFSU3023,LAGUNA LA JOYA 5,CHIAPAS,15.93741,-93.77869,Verde,0
OCFSU3024,LAGUNA LA JOYA 6,CHIAPAS,15.94804,-93.75476,Verde,0
OCFSU3025,SISTEMA ESTUARINO PUERTO ARISTA 1,CHIAPAS,15.91829,-93.69314,Verde,0
OCFSU3026,LAGUNA LA JOYA 2,CHIAPAS,15.94969,-93.67158,Verde,0
OCFSU3027,SISTEMA ESTUARINO PUERTO ARISTA 2,CHIAPAS,15.9375,-93.64928,Verde,0
OCFSU3028,SISTEMA ESTUARINO BOCA DEL CIELO 3,CHIAPAS,15.87287,-93.66199,Verde,0
OCFSU3029,LAGUNA LA JOYA 9,CHIAPAS,15.86072,-93.68641,Verde,0
OCFSU3030W1,LAGUNA LA JOYA 8,CHIAPAS,15.83355,-93.58886,Verde,0
OCFSU3031W1,LAGUNA LA JOYA 7,CHIAPAS,15.81001,-93.57961,Verde,0
OCFSU3033W1,LAGUNA LA JOYA 1,CHIAPAS,15.7633,-93.5267,Verde,0
OCFSU3034W1,SISTEMA ESTUARINO BOCA DEL CIELO 2,CHIAPAS,15.76756,-93.50629,Verde,0
OCFSU3035W1,SISTEMA ESTUARINO BOCA DEL CIELO 1,CHIAPAS,15.74165,-93.51442,Verde,0
OCFSU3036W1,LAGUNA LA JOYA 3,CHIAPAS,15.773,-93.4191,Verde,0
OCFSU3037,"PLAYA JUNTO A EMBARCADERO LA CONQUISTA SEG69, 1 ISA7",CHIAPAS,15.65757,-93.41513,Verde,0
OCFSU3038,"PLAYA JUNTO A EMBARCADERO LA CONQUISTA SEG 69, 2 ISA7",CHIAPAS,15.6545,-93.41174,Verde,0
OCFSU3039,"SEGMENTO 69, 1 ISA7",CHIAPAS,15.60208,-93.34917,Verde,0
OCFSU3040,"SEGMENTO 69, 2 ISA7",CHIAPAS,15.5977,-93.3437,Verde,0
OCFSU3041W1,"DESEMBOCADURA DEL RIO URBINA SEG 69, 3 ISA7",CHIAPAS,15.58121,-93.32493,Verde,0
OCFSU3042W1,"DESEMBOCADURA DEL RIO URBINA SEG 69, 4 ISA7",CHIAPAS,15.57948,-93.31564,Verde,0
OCFSU3043,RESERVA DE LA BIOSFERA LA ENCRUCIJADA 6,CHIAPAS,15.55263,-93.23706,Rojo,2
OCFSU3044,RESERVA DE LA BIOSFERA LA ENCRUCIJADA 5,CHIAPAS,15.50796,-93.2233,Verde,0
OCFSU3045,RESERVA DE LA BIOSFERA LA ENCRUCIJADA 4,CHIAPAS,15.48348,-93.15173,Rojo,0
OCFSU3046,RIO PIJIJIAPAN 2,CHIAPAS,15.67258,-93.21907,Verde,0
OCFSU3047,RIO PIJIJIAPAN 1,CHIAPAS,15.6989,-93.21074,Verde,0
OCFSU3049,LOS AMATES,CHIAPAS,16.20966,-93.33557,Amarillo,0
OCFSU3050,R. SANTO DOMINGO (HERMENEGILDO GALEANA),CHIAPAS,16.27743,-93.20357,Verde,2
OCFSU3051,ABASTECIMIENTO RIO ZANATENCO,CHIAPAS,16.08672,-93.72305,Verde,0
OCFSU3053,LAGUNA MAR MUERTO 2,CHIAPAS,15.98996,-93.94292,Verde,0
OCFSU3054,LAGUNA MAR MUERTO 7,CHIAPAS,16.10613,-94.00607,Verde,0
OCFSU3055,LAGUNA MAR MUERTO 8,CHIAPAS,16.11778,-94.05579,Verde,0
OCFSU3056,SISTEMA ESTUARINO PUERTO ARISTA 4,CHIAPAS,16.12867,-94.09271,Verde,0
OCFSU3057,BOCA DEL CIELO 1,CHIAPAS,15.85314,-93.67914,Verde,0
OCFSU3058,BOCA DEL CIELO 2,CHIAPAS,15.85014,-93.67544,Verde,0
OCFSU3059,LAGUNA MAR MUERTO 14,OAXACA,16.15249,-94.14322,Verde,0
OCFSU3060,LAGUNA MAR MUERTO 9,OAXACA,16.19577,-94.19083,Verde,0
OCFSU3061,LAGUNA MAR MUERTO 11,OAXACA,16.20592,-94.2411,Verde,0
OCFSU3062,LAGUNA MAR MUERTO 10,OAXACA,16.19228,-94.3093,Verde,0
OCFSU3063,LAGUNA MAR MUERTO 4,OAXACA,16.27586,-94.3561,Verde,0
OCFSU3064,LAGUNA MAR MUERTO 3,OAXACA,16.25307,-94.41045,Verde,0
OCFSU3065,LAGUNA MAR MUERTO 12,OAXACA,16.22062,-94.12125,Verde,0
OCFSU3066,ROMULO CALZADA,CHIAPAS,17.34828,-93.55263,Amarillo,2
OCFSU3067,PRESA PEÑITAS 2,CHIAPAS,17.41315,-93.4324,Verde,0
OCFSU3068,AREA DE PROTECCION DE FLORA Y FAUNA NAHA Y METZABOK 3,CHIAPAS,17.11557,-91.62503,Verde,0
OCFSU3069,AREA DE PROTECCION DE FLORA Y FAUNA NAHA Y METZABOK 2,CHIAPAS,16.98292,-91.58878,Verde,0
OCFSU3070,AREA DE PROTECCION DE FLORA Y FAUNA NAHA Y METZABOK 1,CHIAPAS,16.9565,-91.59417,Verde,0
OCFSU3073,RIO USUMACINTA 9,CHIAPAS,16.51864,-90.64713,Amarillo,0
OCFSU3074,RIO GRIJALVA 1,CHIAPAS,15.43519,-92.11254,Verde,1
OCFSU3075,AGUA CALIENTE,CHIAPAS,15.43784,-92.11537,Verde,0
OCFSU3076,RIO BACANTON,CHIAPAS,15.39275,-92.17829,Verde,0
OCFSU3078,MOSCAFRUT AGUAS ARRIBA,CHIAPAS,14.83517,-92.19339,Amarillo,0
OCFSU3079,MOSCAFRUT AGUAS ABAJO,CHIAPAS,14.83115,-92.19713,Amarillo,0
OCFSU3080,RIO DESPOBLADO,CHIAPAS,15.13953,-92.5927,Amarillo,0
OCFSU3081W1,RESERVA DE LA BIOSFERA LA ENCRUCIJADA 1,CHIAPAS,15.14708,-92.74927,Verde,0
OCFSU3082,"BAHIA EL BALLENATO SEG 70, 1 ISA10B",CHIAPAS,15.15753,-92.8529,Verde,0
OCFSU3083,"BAHIA EL BALLENATO SEG 70, 2 ISA10B",CHIAPAS,15.16057,-92.85924,Verde,0
OCFSU3084W1,RESERVA DE LA BIOSFERA LA ENCRUCIJADA 3,CHIAPAS,15.19494,-92.87504,Verde,0
OCFSU3085,RESERVA DE LA BIOSFERA LA ENCRUCIJADA 2,CHIAPAS,15.19463,-92.88694,Verde,0
OCFSU3086,"DESEMBOCADURA RIO SAN NICOLAS SEG 70, 1 ISA10B",CHIAPAS,15.2558,-92.95532,Verde,0
OCFSU3087,"DESEMBOCADURA RIO SAN NICOLAS SEG 70, 2 ISA10B",CHIAPAS,15.25832,-92.95522,Verde,0
OCFSU3088,RIO CACALUTA,CHIAPAS,15.34726,-92.74882,Amarillo,0
OCFSU3089,"DESEMBOCADURA ESTERO SAN JOSE A BARRA DE SAN JOSE SEG 71, 1 ISA10B",CHIAPAS,14.93605,-92.63656,Verde,0
OCFSU3090W1,ESTERO SAN JOSE,CHIAPAS,14.92966,-92.61565,Verde,0
OCFSU3091,"BARRA SAN JOSE SEG 71, 2 ISA10B",CHIAPAS,14.93168,-92.64074,Verde,0
OCFSU3092,"BARRA DE SAN SIMON SEG 72, 1 ISA7",CHIAPAS,14.80442,-92.51757,Verde,0
OCFSU3093W1,ESTERO DE SAN SIMON,CHIAPAS,14.80194,-92.51032,Verde,0
OCFSU3094,"BARRA DE SAN SIMON SEG 72, 2 ISA7",CHIAPAS,14.79831,-92.51153,Verde,0
OCFSU3095,RIO COATAN 5,CHIAPAS,14.84995,-92.43366,Amarillo,0
OCFSU3096,RIO COATAN,CHIAPAS,14.86586,-92.42384,Rojo,0
OCFSU3098,RIO COATAN 7,CHIAPAS,14.90866,-92.38669,Amarillo,0
OCFSU3101,RIO TEXCUYUAPAN 2,CHIAPAS,14.93497,-92.25304,Amarillo,0
OCFSU3102,RIO COATAN 3,CHIAPAS,14.99242,-92.24168,Amarillo,0
OCFSU3103,RIO CAHOACAN 8,CHIAPAS,14.89393,-92.23864,Amarillo,0
OCFSU3104,RIO CAHOACAN 10,CHIAPAS,14.85507,-92.2526,Amarillo,0
OCFSU3105,RIO TEXCUYUAPAN,CHIAPAS,14.85485,-92.26092,Verde,0
OCFSU3106,RIO CAHOACAN 11,CHIAPAS,14.8052,-92.25491,Verde,0
OCFSU3108,RIO SUCHIATE 2,CHIAPAS,14.74302,-92.16895,Amarillo,1
OCFSU3110,RIO SUCHIATE 1,CHIAPAS,14.69897,-92.14768,Amarillo,1
OCFSU3111,RIO SUCHIATE 4,CHIAPAS,14.61337,-92.18057,Verde,1
OCFSU3113,RIO SUCHIATE,CHIAPAS,14.55447,-92.21704,Amarillo,1
OCFSU3114,"SEGMENTO 74, 1 ISA8",CHIAPAS,14.54128,-92.23977,Verde,0
OCFSU3115,"DESEMBOCADURA DEL RIO SUCHIATE SEG 74, 2 ISA8",CHIAPAS,14.53491,-92.2231,Amarillo,1
OCFSU3116,"BARRA CAHOACAN SEG 73, 1 ISA8",CHIAPAS,14.61567,-92.32058,Verde,0
OCFSU3117,RIO CAHOACAN 4,CHIAPAS,14.62189,-92.31748,Amarillo,0
OCFSU3118,"BARRA CAHOACAN SEG 73, 2 ISA8",CHIAPAS,14.61567,-92.32058,Rojo,0
OCFSU3119,"BARRA CAHOACAN SEG 73, 3 ISA8",CHIAPAS,14.62543,-92.32617,Verde,0
OCFSU3120,ZONA SUJETA A CONSERVACION ECOLOGICA EL GANCHO-MURILLO 1,CHIAPAS,14.64798,-92.33853,Verde,0
OCFSU3121,ZONA SUJETA A CONSERVACION ECOLOGICA EL GANCHO-MURILLO 2,CHIAPAS,14.64657,-92.34843,Verde,0
OCFSU3122,ZONA SUJETA A CONSERVACION ECOLOGICA EL GANCHO-MURILLO 3,CHIAPAS,14.65546,-92.35503,Verde,0
OCFSU3123,"PUERTO MADERO SEG 73, 1 ISA8",CHIAPAS,14.6982,-92.40968,Verde,0
OCFSU3124,"PUERTO MADERO SEG 73, 3 ISA8",CHIAPAS,14.69567,-92.41338,Verde,0
OCFSU3126W1,ZONA SUJETA A CONSERVACION ECOLOGICA CABILDO-AMATAL 1,CHIAPAS,14.74249,-92.4372,Rojo,0
OCFSU3127W1,ZONA SUJETA A CONSERVACION ECOLOGICA CABILDO-AMATAL 2,CHIAPAS,14.76096,-92.44908,Rojo,0
OCFSU3129,RIO SUCHIATE 3,CHIAPAS,14.96428,-92.1471,Amarillo,0
OCFSU3130,RIO CAHOACAN 6,CHIAPAS,14.99234,-92.18306,Verde,0
OCFSU3133,CACTUS (ENTRADA),CHIAPAS,17.90019,-93.17845,Rojo,0
OCFSU3134,CACTUS I,CHIAPAS,17.90261,-93.17662,Verde,0
OCFSU3135,CACTUS II,CHIAPAS,17.90174,-93.1715,Verde,0
OCFSU3137,EFLUENTE LAGUNA LIMON,CHIAPAS,17.90862,-93.13046,Amarillo,2
OCFSU3140,RIO GRIJALVA 24,CHIAPAS,17.6484,-93.38334,Rojo,0
OCFSU3141,RIO GRIJALVA 10,CHIAPAS,17.47053,-93.48041,Rojo,0
OCFSU3142,PRESA PEÑITAS 1,CHIAPAS,17.4269,-93.43682,Verde,0
OCFSU3143,PRESA PEÑITAS 3,CHIAPAS,17.43704,-93.42386,Verde,0
OCFSU3144M1,RIO ALMANDRO,CHIAPAS,17.35671,-92.7289,Amarillo,0
OCFSU3145,LAGUNA COLORADA 5,CHIAPAS,17.77308,-92.02444,Amarillo,0
OCFSU3146,LAGUNA COLORADA 4,CHIAPAS,17.74799,-92.01372,Verde,0
OCFSU3147,ZONA SUJETA A CONSERVACION ECOLOGICA SISTEMA LAGUNAR CATAZAJA 2,CHIAPAS,17.74549,-92.00019,Amarillo,0
OCFSU3148,LAGUNA COLORADA 3,CHIAPAS,17.72761,-92.01282,Amarillo,0
OCFSU3149,ZONA SUJETA A CONSERVACION ECOLOGICA SISTEMA LAGUNAR CATAZAJA 1,CHIAPAS,17.7362,-92.06119,Verde,0
OCFSU3150,ZONA SUJETA A CONSERVACION ECOLOGICA SISTEMA LAGUNAR CATAZAJA 3,CHIAPAS,17.79768,-92.0383,Verde,0
OCFSU3151,HUMEDALES LA LIBERTAD 3,CHIAPAS,17.70839,-91.77661,Verde,1
OCFSU3152,HUMEDALES LA LIBERTAD 2,CHIAPAS,17.66337,-91.68374,Amarillo,0
OCFSU3153,HUMEDALES LA LIBERTAD 1,CHIAPAS,17.62954,-91.67695,Amarillo,0
OCFSU3154,MISOLHA,CHIAPAS,17.3939,-92.00009,Rojo,0
OCFSU3155,AGUA AZUL 2,CHIAPAS,17.26355,-92.06195,Rojo,0
OCFSU3156,AGUA AZUL,CHIAPAS,17.25254,-92.11519,Amarillo,0
OCFSU6484,PUENTE MULUMI,CHIAPAS,16.63292,-93.12489,Verde,0
OCFSU6485,ARROYO SABINAL,CHIAPAS,16.65302,-93.1536,Amarillo,0
OCFSU6486,PUENTE,CHIAPAS,16.65121,-93.15611,Rojo,0
OCFSU6487,ARROYO SABINAL AGUAS ARRIBA,CHIAPAS,16.69732,-93.18471,Amarillo,0
OCFSU6488,RIO EL TABLON I,CHIAPAS,16.48387,-93.32256,Amarillo,2
OCFSU6489,RIO EL TABLON II,CHIAPAS,16.42186,-93.41977,Amarillo,2
OCFSU6490,RIO EL TABLON III,CHIAPAS,16.35121,-93.51566,Amarillo,2
OCFSU6491,PEÑITAS 4,CHIAPAS,17.44501,-93.44026,Verde,0
OCFSU6492,PEÑITAS 5,CHIAPAS,17.4353,-93.44807,Rojo,0
OCFSU6493,PEÑITAS 6,CHIAPAS,17.4285,-93.45856,Rojo,0
OCFSU6494,MALPASO 1,CHIAPAS,17.17468,-93.5994,Verde,0
OCFSU6495,MALPASO 2,CHIAPAS,17.17616,-93.60036,Verde,0
OCFSU6496,MALPASO 3,CHIAPAS,17.17653,-93.59855,Verde,0
OCFSU6497,MALPASO 4,CHIAPAS,17.17604,-93.59679,Verde,0
OCGCE3157,RIO COATZACOALCOS (SUCHILAPAN),VERACRUZ DE IGNACIO DE LA LLAVE,17.37848,-94.95054,Verde,0
OCGCE3158,RIO COATZACOALCOS (REF CHIQUITO),VERACRUZ DE IGNACIO DE LA LLAVE,17.69831,-94.70256,Amarillo,0
OCGCE3159,ARROYO GOPALAPA,VERACRUZ DE IGNACIO DE LA LLAVE,18.08997,-94.39708,Rojo,2
OCGCE3160,ARROYO TEAPA (REFERENCIA),VERACRUZ DE IGNACIO DE LA LLAVE,18.11105,-94.33204,Amarillo,2
OCGCE3161,RIO COATZACOALCOS (NANCHITAL),VERACRUZ DE IGNACIO DE LA LLAVE,18.07554,-94.4149,Verde,0
OCGCE3162,SAN ANTONIO II,VERACRUZ DE IGNACIO DE LA LLAVE,18.8331,-97.09081,Amarillo,2
OCGCE3163,BY PASS,VERACRUZ DE IGNACIO DE LA LLAVE,18.85721,-97.05433,Rojo,2
OCGCE3164M1,LAGUNA CABANA CENTRO,VERACRUZ DE IGNACIO DE LA LLAVE,19.4006,-96.325,Rojo,0
OCGCE3165,CAPILLA CARLOTA,VERACRUZ DE IGNACIO DE LA LLAVE,18.835,-97.0917,Amarillo,2
OCGCE3166,CD. MENDOZA,VERACRUZ DE IGNACIO DE LA LLAVE,18.78904,-97.19723,Amarillo,2
OCGCE3167,CAMPO CHICO,VERACRUZ DE IGNACIO DE LA LLAVE,18.83361,-97.02402,Amarillo,1
OCGCE3168,PRESA TUXPANGO 2,VERACRUZ DE IGNACIO DE LA LLAVE,18.84575,-97.03917,Amarillo,0
OCGCE3169,CUICHAPA AGUAS ARRIBA,VERACRUZ DE IGNACIO DE LA LLAVE,18.78,-96.89111,Amarillo,1
OCGCE3170,PUENTE CUAUHTEMOC-HUILOAPAN B,VERACRUZ DE IGNACIO DE LA LLAVE,18.8153,-97.1611,Amarillo,2
OCGCE3171,OMEALCA (PASO DE ROSARIO),VERACRUZ DE IGNACIO DE LA LLAVE,18.74456,-96.72707,Rojo,1
OCGCE3172,DESEMBOCADURA RIO CAZONES,VERACRUZ DE IGNACIO DE LA LLAVE,20.72439,-97.19924,Amarillo,0
OCGCE3173,LA TINAJA (PUENTE),VERACRUZ DE IGNACIO DE LA LLAVE,18.74163,-96.45603,Rojo,1
OCGCE3174M1,RIO MEDIO,VERACRUZ DE IGNACIO DE LA LLAVE,19.22803,-96.20357,Rojo,2
OCGCE3175,MARIA LIZAMBA 2,VERACRUZ DE IGNACIO DE LA LLAVE,18.5036,-95.99057,Rojo,0
OCGCE3176,MARIA LIZAMBA 4,VERACRUZ DE IGNACIO DE LA LLAVE,18.48211,-95.98472,Rojo,0
OCGCE3177,MARIA LIZAMBA 1,VERACRUZ DE IGNACIO DE LA LLAVE,18.49069,-96.01511,Rojo,0
OCGCE3178,SANTA URSULA (REF FAPATUX),OAXACA,18.0318,-96.1835,Amarillo,1
OCGCE3179,CHACALTIAGUIS,VERACRUZ DE IGNACIO DE LA LLAVE,18.29896,-95.8443,Amarillo,0
OCGCE3180,TUXTEPEC (FAPATUX),OAXACA,18.035,-96.17328,Amarillo,0
OCGCE3181,CARLOS A. CARRILLO,VERACRUZ DE IGNACIO DE LA LLAVE,18.36382,-95.73176,Amarillo,0
OCGCE3182,TESECHOACAN,VERACRUZ DE IGNACIO DE LA LLAVE,18.12549,-95.64896,Amarillo,1
OCGCE3183,VILLA AZUETA,VERACRUZ DE IGNACIO DE LA LLAVE,18.07374,-95.70105,Amarillo,1
OCGCE3184,LOMA BONITA,OAXACA,18.08786,-95.92351,Verde,0
OCGCE3185,TLACOJALPAN,VERACRUZ DE IGNACIO DE LA LLAVE,18.23123,-95.95449,Amarillo,0
OCGCE3186,PALOMARES,OAXACA,17.96649,-96.09643,Verde,0
OCGCE3187,TUXTEPEC (CERVECERA),OAXACA,18.07974,-96.13763,Amarillo,0
OCGCE3188,SAN JOSE CHILAPA,VERACRUZ DE IGNACIO DE LA LLAVE,17.79997,-95.86595,Amarillo,1
OCGCE3189,PLAYA VICENTE,VERACRUZ DE IGNACIO DE LA LLAVE,17.85,-95.78535,Amarillo,1
OCGCE3190M1,"COMPAÑIA INDUSTRIAL AZUCARERA, S.A DE C.V. (AGUAS ABAJO)",VERACRUZ DE IGNACIO DE LA LLAVE,18.15366,-95.19907,Rojo,2
OCGCE3191,"COMPAÑIA INDUSTRIAL AZUCARERA, S.A DE C.V. (AGUAS ARRIBA)",VERACRUZ DE IGNACIO DE LA LLAVE,18.16055,-95.18366,Amarillo,1
OCGCE3192,CATEMACO (PUENTE),VERACRUZ DE IGNACIO DE LA LLAVE,18.41616,-95.11869,Rojo,0
OCGCE3193,LAGUNA DE CATEMACO 1,VERACRUZ DE IGNACIO DE LA LLAVE,18.41595,-95.06958,Amarillo,0
OCGCE3194,LAGUNA DE CATEMACO 3,VERACRUZ DE IGNACIO DE LA LLAVE,18.3841,-95.11417,Rojo,0
OCGCE3195,LAGUNA EL MARQUES,VERACRUZ DE IGNACIO DE LA LLAVE,18.66557,-95.46394,Rojo,0
OCGCE3196,LOS PINOS (INGENIO),VERACRUZ DE IGNACIO DE LA LLAVE,18.65057,-95.55155,Amarillo,2
OCGCE3197,HUMEDALES DE LA LAGUNA LA POPOTERA 1,VERACRUZ DE IGNACIO DE LA LLAVE,18.65535,-95.54771,Rojo,2
OCGCE3198,LERDO DE TEJADA,VERACRUZ DE IGNACIO DE LA LLAVE,18.65561,-95.55255,Amarillo,2
OCGCE3201,PASO SALTABARRANCA,VERACRUZ DE IGNACIO DE LA LLAVE,18.58467,-95.54647,Amarillo,0
OCGCE3202,TLACOTALPAN II,VERACRUZ DE IGNACIO DE LA LLAVE,18.61354,-95.63833,Amarillo,0
OCGCE3203,TLACOTALPAN I,VERACRUZ DE IGNACIO DE LA LLAVE,18.61371,-95.67234,Amarillo,0
OCGCE3204,PUENTE TLACOTALPAN,VERACRUZ DE IGNACIO DE LA LLAVE,18.71248,-95.63918,Verde,0
OCGCE3206W1,SIST. LAGUNAR ALVARADO (PAPALOAPAN),VERACRUZ DE IGNACIO DE LA LLAVE,18.74584,-95.74853,Rojo,0
OCGCE3207W1,SIST. LAGUNAR ALVARADO (ALVARADO),VERACRUZ DE IGNACIO DE LA LLAVE,18.77312,-95.81856,Rojo,0
OCGCE3208,SIST. LAGUNAR ALVARADO (CAMARONERA),VERACRUZ DE IGNACIO DE LA LLAVE,18.83308,-95.89516,Verde,0
OCGCE3210,RIO COATZACOALCOS (EL TRIUNFO),VERACRUZ DE IGNACIO DE LA LLAVE,17.42458,-94.96707,Amarillo,1
OCGCE3211,LAS PERLAS,VERACRUZ DE IGNACIO DE LA LLAVE,17.41581,-94.91458,Amarillo,0
OCGCE3212,PROGRESO DE ZARAGOZA,VERACRUZ DE IGNACIO DE LA LLAVE,20.27275,-97.70474,Amarillo,0
OCGCE3213,TUXTEPEC (COL. V.B.A.),OAXACA,18.10179,-96.13129,Amarillo,0
OCGCE3214,PUENTE ENTABLADERO (ESPINAL),VERACRUZ DE IGNACIO DE LA LLAVE,20.26732,-97.55879,Amarillo,0
OCGCE3215,CERRO DE ORO (SUR),OAXACA,17.97104,-96.25887,Verde,0
OCGCE3216,PUENTE ESPINAL,VERACRUZ DE IGNACIO DE LA LLAVE,20.24127,-97.39753,Amarillo,0
OCGCE3217,PASO VALENCIA,VERACRUZ DE IGNACIO DE LA LLAVE,20.2731,-97.31859,Amarillo,1
OCGCE3218,PUENTE REMOLINO,VERACRUZ DE IGNACIO DE LA LLAVE,20.39775,-97.23894,Amarillo,0
OCGCE3219,PUENTE TECOLUTLA,VERACRUZ DE IGNACIO DE LA LLAVE,20.43678,-97.08289,Amarillo,2
OCGCE3220,CRUZ DE LOS ESTEROS,VERACRUZ DE IGNACIO DE LA LLAVE,20.46902,-97.01759,Amarillo,0
OCGCE3221,ESTERO LOS NARANJOS,VERACRUZ DE IGNACIO DE LA LLAVE,20.46572,-97.00859,Amarillo,1
OCGCE3222,BARRA DE TECOLUTLA,VERACRUZ DE IGNACIO DE LA LLAVE,20.47427,-97.00035,Rojo,0
OCGCE3223,PLAYA TECOLUTLA,VERACRUZ DE IGNACIO DE LA LLAVE,20.48045,-97.00723,Rojo,0
OCGCE3224,ESCAMELA (FIRIOB),VERACRUZ DE IGNACIO DE LA LLAVE,18.85185,-97.04185,Rojo,2
OCGCE3225,RIO CALZADAS I,VERACRUZ DE IGNACIO DE LA LLAVE,18.10983,-94.48667,Amarillo,2
OCGCE3226M1,PLAYA TORTUGUERO,VERACRUZ DE IGNACIO DE LA LLAVE,20.1528,-96.7032,Rojo,0
OCGCE3227M1,PLAYA CHACHALACAS,VERACRUZ DE IGNACIO DE LA LLAVE,19.42258,-96.32139,Amarillo,0
OCGCE3228M1,MONTE GORDO,VERACRUZ DE IGNACIO DE LA LLAVE,20.29344,-96.83583,Rojo,0
OCGCE3229M1,PLAYA CASITAS,VERACRUZ DE IGNACIO DE LA LLAVE,20.2553,-96.7967,Verde,0
OCGCE3230,PUENTE CASITAS,VERACRUZ DE IGNACIO DE LA LLAVE,20.24599,-96.79645,Verde,0
OCGCE3231,BARRA NAUTLA,VERACRUZ DE IGNACIO DE LA LLAVE,20.24276,-96.78797,Verde,0
OCGCE3232,PUENTE NAUTLA,VERACRUZ DE IGNACIO DE LA LLAVE,20.21126,-96.77969,Amarillo,0
OCGCE3233,EL RAUDAL,VERACRUZ DE IGNACIO DE LA LLAVE,20.15772,-96.7206,Rojo,0
OCGCE3234,COATZACOALCOS (PUNTA LA PIEDRA),VERACRUZ DE IGNACIO DE LA LLAVE,18.10693,-94.4245,Verde,0
OCGCE3235,PANGA JICALTEPEC,VERACRUZ DE IGNACIO DE LA LLAVE,20.17025,-96.85088,Amarillo,0
OCGCE3236,EL PITAL,VERACRUZ DE IGNACIO DE LA LLAVE,20.15212,-96.89745,Amarillo,1
OCGCE3237,PUNTILLA ALDAMA,VERACRUZ DE IGNACIO DE LA LLAVE,20.17439,-96.9134,Verde,0
OCGCE3238,TRES ENCINOS,VERACRUZ DE IGNACIO DE LA LLAVE,20.23582,-96.90388,Rojo,0
OCGCE3239,FELIPE CARRILLO PUERTO,VERACRUZ DE IGNACIO DE LA LLAVE,20.13239,-96.95467,Amarillo,1
OCGCE3240,MARTINEZ DE LA TORRE (CITROFRUT),VERACRUZ DE IGNACIO DE LA LLAVE,20.14386,-96.9304,Amarillo,0
OCGCE3241,MARTINEZ DE LA TORRE  (INGENIO),VERACRUZ DE IGNACIO DE LA LLAVE,20.06192,-97.04068,Amarillo,1
OCGCE3242,PUENTE MARTINEZ,VERACRUZ DE IGNACIO DE LA LLAVE,20.06032,-97.05258,Amarillo,1
OCGCE3243,MARTINEZ DE LA TORRE (Citrosol),VERACRUZ DE IGNACIO DE LA LLAVE,20.07838,-97.06351,Rojo,2
OCGCE3244,MARTINEZ DE LA TORRE,VERACRUZ DE IGNACIO DE LA LLAVE,20.04443,-97.0937,Amarillo,1
OCGCE3245,RIO BOBOS (EL FILO),VERACRUZ DE IGNACIO DE LA LLAVE,19.92772,-97.1641,Verde,1
OCGCE3246,PASO JARDIN,PUEBLA,20.12511,-97.46045,Amarillo,0
OCGCE3247,LAS MARGARITAS,OAXACA,18.25753,-96.28731,Amarillo,0
OCGCE3248,PUENTE ZACATE COLORADO,VERACRUZ DE IGNACIO DE LA LLAVE,20.50439,-97.49176,Verde,0
OCGCE3249,ARROYO COCINEROS II (REF. COMPLEJO),VERACRUZ DE IGNACIO DE LA LLAVE,20.4979,-97.48145,Rojo,2
OCGCE3251,PUENTE CAZONES,VERACRUZ DE IGNACIO DE LA LLAVE,20.54354,-97.47523,Amarillo,0
OCGCE3252,ARROYO SALSIPUEDES II,VERACRUZ DE IGNACIO DE LA LLAVE,20.55003,-97.4549,Rojo,2
OCGCE3253,ARROYO EL MAIZ Y MOLLEJON,VERACRUZ DE IGNACIO DE LA LLAVE,20.55764,-97.44984,Rojo,2
OCGCE3254,RIO CAZONES (INF. LAS GAVIOTAS),VERACRUZ DE IGNACIO DE LA LLAVE,20.56088,-97.44784,Amarillo,0
OCGCE3255,TOTOLAPAN,VERACRUZ DE IGNACIO DE LA LLAVE,20.54415,-97.55153,Amarillo,0
OCGCE3256,ARROYO TOTOLAPA II,VERACRUZ DE IGNACIO DE LA LLAVE,20.58648,-97.4475,Verde,0
OCGCE3257,ARROYO SALSIPUEDES I (REFERENCIA),VERACRUZ DE IGNACIO DE LA LLAVE,20.51224,-97.42682,Rojo,2
OCGCE3258,ARROYO COCINEROS (PUENTE COATZINTLA I),VERACRUZ DE IGNACIO DE LA LLAVE,20.47878,-97.45432,Rojo,2
OCGCE3262,RIO PIXQUIAC (RANCHO VIEJO),VERACRUZ DE IGNACIO DE LA LLAVE,19.52013,-96.97829,Verde,0
OCGCE3263,COLONIA LUZ DEL BARRIO,VERACRUZ DE IGNACIO DE LA LLAVE,19.54962,-96.94755,Rojo,2
OCGCE3264,COLONIA LOS PINOS,VERACRUZ DE IGNACIO DE LA LLAVE,19.54552,-96.94151,Amarillo,2
OCGCE3265,COLONIA VERACRUZ,VERACRUZ DE IGNACIO DE LA LLAVE,19.56285,-96.94079,Rojo,2
OCGCE3266,SEDEÑO (PUENTE CARRETERA XALAPA-BANDERILLA),VERACRUZ DE IGNACIO DE LA LLAVE,19.57801,-96.93164,Amarillo,0
OCGCE3267,SEDEÑO (U. H. LUCAS MARTIN),VERACRUZ DE IGNACIO DE LA LLAVE,19.5795,-96.92806,Amarillo,2
OCGCE3268,XALAPA-CASTILLO (PUENTE EL TRONCONAL),VERACRUZ DE IGNACIO DE LA LLAVE,19.5712,-96.89091,Amarillo,0
OCGCE3269,LA CONCHA,VERACRUZ DE IGNACIO DE LA LLAVE,19.60672,-96.89261,Amarillo,0
OCGCE3270,SEDEÑO (COL. 6 DE ENERO),VERACRUZ DE IGNACIO DE LA LLAVE,19.5796,-96.8295,Amarillo,0
OCGCE3271,ARROYO LIMPIO I,VERACRUZ DE IGNACIO DE LA LLAVE,19.51609,-96.83925,Rojo,2
OCGCE3272,ARROYO LIMPIO II,VERACRUZ DE IGNACIO DE LA LLAVE,19.51563,-96.83752,Rojo,2
OCGCE3273,EMILIANO ZAPATA (PTAR) AGUAS ABAJO,VERACRUZ DE IGNACIO DE LA LLAVE,19.48852,-96.86404,Rojo,2
OCGCE3274,EMILIANO ZAPATA (PTAR) AGUAS ARRIBA,VERACRUZ DE IGNACIO DE LA LLAVE,19.48916,-96.86584,Rojo,2
OCGCE3275,LA RESERVA,VERACRUZ DE IGNACIO DE LA LLAVE,19.49892,-96.87251,Rojo,2
OCGCE3276,LAS ANIMAS,VERACRUZ DE IGNACIO DE LA LLAVE,19.52018,-96.88496,Rojo,1
OCGCE3277,PTAR BANDERILLA,VERACRUZ DE IGNACIO DE LA LLAVE,19.57962,-96.92923,Amarillo,0
OCGCE3279,PACHO VIEJO,VERACRUZ DE IGNACIO DE LA LLAVE,19.48132,-96.92398,Amarillo,1
OCGCE3280,LA ORDUÑA I,VERACRUZ DE IGNACIO DE LA LLAVE,19.45928,-96.94471,Verde,1
OCGCE3282,LA ORDUÑA III (PUENTE),VERACRUZ DE IGNACIO DE LA LLAVE,19.4499,-96.93832,Amarillo,0
OCGCE3283,ZIMPIZAHUA,VERACRUZ DE IGNACIO DE LA LLAVE,19.43578,-96.95009,Amarillo,2
OCGCE3284,RIO COATZACOALCOS (API),VERACRUZ DE IGNACIO DE LA LLAVE,18.13351,-94.41321,Verde,0
OCGCE3285,CASCADA TEXOLO,VERACRUZ DE IGNACIO DE LA LLAVE,19.40213,-96.99237,Amarillo,0
OCGCE3286,"INGENIO MAHUIXTLAN, S.A. DE C.V. (AGUAS ARRIBA)",VERACRUZ DE IGNACIO DE LA LLAVE,19.409,-96.91931,Amarillo,2
OCGCE3287,"INGENIO MAHUIXTLAN, S.A. DE C.V. (AGUAS ABAJO)",VERACRUZ DE IGNACIO DE LA LLAVE,19.40642,-96.91528,Rojo,2
OCGCE3288,RIO PINTORES II,VERACRUZ DE IGNACIO DE LA LLAVE,19.39892,-96.91128,Amarillo,2
OCGCE3289,RIO PIXQUIAC  (SALIDA),VERACRUZ DE IGNACIO DE LA LLAVE,19.43502,-96.91181,Amarillo,2
OCGCE3290M2,ARROYO HUEYAPAN,VERACRUZ DE IGNACIO DE LA LLAVE,18.21503,-95.28064,Verde,0
OCGCE3291,PUENTE LOS PESCADOS,VERACRUZ DE IGNACIO DE LA LLAVE,19.36339,-96.82571,Amarillo,0
OCGCE3292M1,JALCOMULCO 2,VERACRUZ DE IGNACIO DE LA LLAVE,19.32011,-96.72043,Amarillo,0
OCGCE3293M1,COETZALA,VERACRUZ DE IGNACIO DE LA LLAVE,19.31362,-96.7014,Amarillo,0
OCGCE3294,CARRIZAL,VERACRUZ DE IGNACIO DE LA LLAVE,19.32233,-96.6283,Amarillo,0
OCGCE3295,PUENTE NACIONAL,VERACRUZ DE IGNACIO DE LA LLAVE,19.32413,-96.48217,Rojo,0
OCGCE3296,GUAYABAL,VERACRUZ DE IGNACIO DE LA LLAVE,19.34193,-96.42322,Rojo,0
OCGCE3297,PUENTE PAPALOAPAN,VERACRUZ DE IGNACIO DE LA LLAVE,18.16736,-96.09763,Rojo,0
OCGCE3298,PUENTE SALMORAL,VERACRUZ DE IGNACIO DE LA LLAVE,19.34792,-96.35872,Amarillo,0
OCGCE3299,ARROYO HEDIONDO (REFERENCIA),VERACRUZ DE IGNACIO DE LA LLAVE,19.38004,-96.34361,Amarillo,2
OCGCE3300,DESEMBOCADURA LAGUNA CABANA,VERACRUZ DE IGNACIO DE LA LLAVE,19.40604,-96.32676,Amarillo,0
OCGCE3301,ARROYO HEDIONDO II,VERACRUZ DE IGNACIO DE LA LLAVE,19.40814,-96.3243,Amarillo,2
OCGCE3302,DESEMBOCADURA RIO ACTOPAN,VERACRUZ DE IGNACIO DE LA LLAVE,19.41498,-96.32161,Rojo,0
OCGCE3303,PUENTE URSULO GALVAN,VERACRUZ DE IGNACIO DE LA LLAVE,19.40656,-96.35809,Amarillo,0
OCGCE3304,PUENTE NARANJILLO (ACTOPAN),VERACRUZ DE IGNACIO DE LA LLAVE,19.41172,-96.38036,Amarillo,0
OCGCE3305,EL LIMONCITO,VERACRUZ DE IGNACIO DE LA LLAVE,19.42217,-96.38533,Amarillo,1
OCGCE3306,ARROYO DE PIEDRA,VERACRUZ DE IGNACIO DE LA LLAVE,19.44856,-96.47524,Amarillo,1
OCGCE3307,LAGUNA LA MANCHA (SUR),VERACRUZ DE IGNACIO DE LA LLAVE,19.57186,-96.38767,Rojo,0
OCGCE3308,LAGUNA LA MANCHA (NORTE),VERACRUZ DE IGNACIO DE LA LLAVE,19.58905,-96.38729,Verde,0
OCGCE3309,LAGUNA DEL LLANO,VERACRUZ DE IGNACIO DE LA LLAVE,19.65883,-96.40462,Verde,0
OCGCE3310,SALIDA LAGUNA PAJARITOS,VERACRUZ DE IGNACIO DE LA LLAVE,18.13405,-94.40561,Verde,0
OCGCE3311,PUENTE MISANTLA,VERACRUZ DE IGNACIO DE LA LLAVE,19.92994,-96.84661,Amarillo,1
OCGCE3312,DESEMBOCADURA  RIO COLIPA,VERACRUZ DE IGNACIO DE LA LLAVE,20.04338,-96.60923,Amarillo,0
OCGCE3313,PLAYA LECHUGUILLAS,VERACRUZ DE IGNACIO DE LA LLAVE,20.0077,-96.57843,Rojo,0
OCGCE3314,PLAYA PALMA SOLA,VERACRUZ DE IGNACIO DE LA LLAVE,19.76909,-96.42015,Rojo,0
OCGCE3315,PUENTE LA ANTIGUA,VERACRUZ DE IGNACIO DE LA LLAVE,19.31458,-96.31008,Amarillo,0
OCGCE3316,DESEMBOCADURA RIO LA ANTIGUA,VERACRUZ DE IGNACIO DE LA LLAVE,19.31079,-96.28355,Rojo,0
OCGCE3317M1,PLAYON DE HORNOS,VERACRUZ DE IGNACIO DE LA LLAVE,19.18446,-96.12374,Verde,0
OCGCE3318M1,ARROYO EL CABLE AGUAS ARRIBA PTAR NORTE,VERACRUZ DE IGNACIO DE LA LLAVE,19.21121,-96.15937,Rojo,2
OCGCE3319,LAGUNA LAGARTOS SALIDA,VERACRUZ DE IGNACIO DE LA LLAVE,19.20932,-96.17719,Amarillo,0
OCGCE3320,LAGUNA LAGARTOS,VERACRUZ DE IGNACIO DE LA LLAVE,19.20483,-96.17693,Rojo,0
OCGCE3321,LAGUNA DOS CAMINOS,VERACRUZ DE IGNACIO DE LA LLAVE,19.16982,-96.1706,Amarillo,0
OCGCE3322,TEMBLADERAS (DREN G),VERACRUZ DE IGNACIO DE LA LLAVE,19.14006,-96.15878,Rojo,0
OCGCE3323,LAGUNA OLMECA (SIST. LAGUNAS INTERDUNARIAS),VERACRUZ DE IGNACIO DE LA LLAVE,19.145,-96.152,Rojo,0
OCGCE3327,PLAYA GAVIOTA II,VERACRUZ DE IGNACIO DE LA LLAVE,19.1421,-96.1005,Rojo,0
OCGCE3328,PLAYA ANTON LIZARDO,VERACRUZ DE IGNACIO DE LA LLAVE,19.06325,-95.99169,Rojo,0
OCGCE3329,PLAYA MOCAMBO,VERACRUZ DE IGNACIO DE LA LLAVE,19.13301,-96.10145,Rojo,0
OCGCE3330,PLAYA TUMBAO II,VERACRUZ DE IGNACIO DE LA LLAVE,19.12177,-96.10456,Rojo,0
OCGCE3331,RIO CALZADAS II,VERACRUZ DE IGNACIO DE LA LLAVE,18.0976,-94.43869,Amarillo,0
OCGCE3332,BOCA DEL RIO (BARRA),VERACRUZ DE IGNACIO DE LA LLAVE,19.10242,-96.0994,Rojo,0
OCGCE3333W1,SALIDA LAGUNA EL CONCHAL,VERACRUZ DE IGNACIO DE LA LLAVE,19.09149,-96.10212,Verde,0
OCGCE3334,ARROYO MORENO SALIDA (TEMBLADERAS),VERACRUZ DE IGNACIO DE LA LLAVE,19.10002,-96.11176,Amarillo,2
OCGCE3335,ARROYO MORENO - ZAMORANA (TEMBLADERAS),VERACRUZ DE IGNACIO DE LA LLAVE,19.11837,-96.12952,Amarillo,0
OCGCE3336,TERMOLECTRICA DOS BOCAS,VERACRUZ DE IGNACIO DE LA LLAVE,19.11202,-96.14143,Amarillo,0
OCGCE3337,DOS BOCAS (PTE MORENO),VERACRUZ DE IGNACIO DE LA LLAVE,19.10954,-96.14953,Amarillo,0
OCGCE3338,EL TEJAR II,VERACRUZ DE IGNACIO DE LA LLAVE,19.06779,-96.15913,Amarillo,1
OCGCE3339,PUENTE MEDELLIN- EL TEJAR,VERACRUZ DE IGNACIO DE LA LLAVE,19.05876,-96.17044,Amarillo,1
OCGCE3340,PUENTE COTAXTLA-PASO DEL TORO,VERACRUZ DE IGNACIO DE LA LLAVE,19.03797,-96.15295,Amarillo,0
OCGCE3342W1,LAGUNA MANDINGA II,VERACRUZ DE IGNACIO DE LA LLAVE,19.03489,-96.07034,Rojo,0
OCGCE3343W1,LAGUNA MANDINGA I,VERACRUZ DE IGNACIO DE LA LLAVE,18.99424,-96.05469,Rojo,0
OCGCE3345,ANTON LIZARDO (SISTEMA ARRECIFAL),VERACRUZ DE IGNACIO DE LA LLAVE,19.09093,-95.97912,Verde,0
OCGCE3346,PLAYA PELICANO I,VERACRUZ DE IGNACIO DE LA LLAVE,19.14752,-96.09476,Rojo,0
OCGCE3347,PLAYA PELICANO II,VERACRUZ DE IGNACIO DE LA LLAVE,19.1512,-96.09256,Verde,0
OCGCE3348,RIO COATZACOALCOS (ALLENDE),VERACRUZ DE IGNACIO DE LA LLAVE,18.1529,-94.40909,Amarillo,0
OCGCE3349,RIO COATZACOALCOS (LA VICTORIA),VERACRUZ DE IGNACIO DE LA LLAVE,17.86062,-94.65843,Amarillo,0
OCGCE3350,PLAYA LA BAMBA,VERACRUZ DE IGNACIO DE LA LLAVE,19.16319,-96.10305,Rojo,0
OCGCE3351,PLAYA MARTI,VERACRUZ DE IGNACIO DE LA LLAVE,19.17413,-96.11952,Rojo,0
OCGCE3352,PLAYA VILLA DEL MAR,VERACRUZ DE IGNACIO DE LA LLAVE,19.18225,-96.12347,Rojo,0
OCGCE3353,ARRECIFE LA GALLEGA (SAN JUAN DE ULUA),VERACRUZ DE IGNACIO DE LA LLAVE,19.2186,-96.12984,Verde,0
OCGCE3354,SACRIFICIOS (SISTEMA ARRECIFAL),VERACRUZ DE IGNACIO DE LA LLAVE,19.1725,-96.09129,Verde,0
OCGCE3355,"TUBOS DE ACERO DE MEXICO, S.A. (AGUAS ARRIBA)",VERACRUZ DE IGNACIO DE LA LLAVE,19.17323,-96.23387,Rojo,2
OCGCE3356,"TUBOS DE ACERO DE MEXICO, S.A. (AGUAS ABAJO)",VERACRUZ DE IGNACIO DE LA LLAVE,19.17999,-96.23099,Rojo,2
OCGCE3357,ARROYO ZAPOTE SALIDA,VERACRUZ DE IGNACIO DE LA LLAVE,19.19023,-96.22998,Rojo,2
OCGCE3358,JAMAPA,VERACRUZ DE IGNACIO DE LA LLAVE,19.04372,-96.24128,Amarillo,1
OCGCE3359,PUENTE SOLEDAD DE DOBLADO,VERACRUZ DE IGNACIO DE LA LLAVE,19.04265,-96.43598,Amarillo,1
OCGCE3360,COTAXTLA (PTE.),VERACRUZ DE IGNACIO DE LA LLAVE,18.83661,-96.39854,Verde,1
OCGCE3361,PLAYA SANTA ANA II,VERACRUZ DE IGNACIO DE LA LLAVE,19.10888,-96.10081,Rojo,0
OCGCE3362,MATATENATITOS,VERACRUZ DE IGNACIO DE LA LLAVE,18.74515,-96.63967,Amarillo,1
OCGCE3363,CUAJILOTE,VERACRUZ DE IGNACIO DE LA LLAVE,18.74592,-96.7235,Amarillo,1
OCGCE3364,TORTUGAS I,VERACRUZ DE IGNACIO DE LA LLAVE,19.15686,-96.09731,Rojo,0
OCGCE3365,ARROYO ZAPOTE (CUICHAPA),VERACRUZ DE IGNACIO DE LA LLAVE,18.76841,-96.77294,Amarillo,1
OCGCE3366,XUCHILES,VERACRUZ DE IGNACIO DE LA LLAVE,18.76343,-96.82523,Amarillo,1
OCGCE3367,RIO COATZACOALCOS UXPANAPAN,VERACRUZ DE IGNACIO DE LA LLAVE,17.96861,-94.48034,Amarillo,0
OCGCE3368,NARANJAL (AGUAS ABAJO DE LA CONFLUENCIA CON EL RIO METLAC),VERACRUZ DE IGNACIO DE LA LLAVE,18.81399,-96.96175,Amarillo,1
OCGCE3369,RIO NEGRO,VERACRUZ DE IGNACIO DE LA LLAVE,18.8196,-96.96024,Verde,1
OCGCE3370,ZAPOAPAN (ARRIBA CONFLUENCIA METLAC),VERACRUZ DE IGNACIO DE LA LLAVE,18.83137,-96.98145,Verde,1
OCGCE3371,RIO METLAC,VERACRUZ DE IGNACIO DE LA LLAVE,18.83789,-96.98333,Verde,1
OCGCE3372,PUENTE COYUTLA,VERACRUZ DE IGNACIO DE LA LLAVE,20.26458,-97.60134,Amarillo,0
OCGCE3373,ORIENTE DE MEDIO DIA,VERACRUZ DE IGNACIO DE LA LLAVE,20.27346,-97.48818,Amarillo,0
OCGCE3374M1,PLAYA NAVARRO,VERACRUZ DE IGNACIO DE LA LLAVE,20.05568,-96.61891,Rojo,0
OCGCE3375,PUENTE OTAPA,VERACRUZ DE IGNACIO DE LA LLAVE,17.88543,-94.56953,Amarillo,2
OCGCE3376M1,PLAYA NORAI,VERACRUZ DE IGNACIO DE LA LLAVE,20.31763,-96.86023,Rojo,0
OCGCE3379,ARROYO TOTOLITOS,VERACRUZ DE IGNACIO DE LA LLAVE,18.84383,-97.0764,Rojo,2
OCGCE3380,ARROYO CALIENTE,VERACRUZ DE IGNACIO DE LA LLAVE,18.84072,-97.07828,Rojo,2
OCGCE3381,LAGUNA DEL OSTION 1,VERACRUZ DE IGNACIO DE LA LLAVE,18.20082,-94.63434,Verde,0
OCGCE3382,TORTUGAS II,VERACRUZ DE IGNACIO DE LA LLAVE,19.16007,-96.0997,Rojo,0
OCGCE3383,PUENTE IXTAC VIEJO,VERACRUZ DE IGNACIO DE LA LLAVE,18.84347,-97.06026,Amarillo,2
OCGCE3384,PLAYA  EL RAUDAL,VERACRUZ DE IGNACIO DE LA LLAVE,20.16468,-96.71028,Amarillo,0
OCGCE3386,RIO BLANCO (COMPUERTA ARROYO LA CARBONERA),VERACRUZ DE IGNACIO DE LA LLAVE,18.83421,-97.14107,Amarillo,0
OCGCE3387,PUENTE MALINTZI EN SIVESA,VERACRUZ DE IGNACIO DE LA LLAVE,18.81841,-97.15738,Amarillo,2
OCGCE3388,ARROYO CHIQUITO (LAGUNA NOGALES),VERACRUZ DE IGNACIO DE LA LLAVE,18.82044,-97.16151,Amarillo,0
OCGCE3389,TENISTEPEC,VERACRUZ DE IGNACIO DE LA LLAVE,20.61307,-97.14735,Verde,0
OCGCE3390,RIO MALTRATA,VERACRUZ DE IGNACIO DE LA LLAVE,18.80556,-97.17528,Rojo,2
OCGCE3391,PLAYA SOL,VERACRUZ DE IGNACIO DE LA LLAVE,18.15097,-94.46488,Rojo,0
OCGCE3392,MANANTIAL RINCON DE LAS DONCELLAS,VERACRUZ DE IGNACIO DE LA LLAVE,18.79332,-97.19962,Verde,0
OCGCE3394,MANANTIAL RINCON DE LAS DONCELLAS (SALIDA),VERACRUZ DE IGNACIO DE LA LLAVE,18.79397,-97.19912,Verde,0
OCGCE3395,LA TAZA,VERACRUZ DE IGNACIO DE LA LLAVE,18.78089,-97.20704,Amarillo,0
OCGCE3396,RAFAEL DELGADO (RIO BLANCO),VERACRUZ DE IGNACIO DE LA LLAVE,18.83031,-97.0685,Amarillo,2
OCGCE3397,AUTOPISTA CORDOBA,VERACRUZ DE IGNACIO DE LA LLAVE,18.86216,-96.91422,Amarillo,0
OCGCE3398,ATOYAC (INGENIO),VERACRUZ DE IGNACIO DE LA LLAVE,18.91591,-96.77264,Amarillo,1
OCGCE3399,COSCOMATEPEC,VERACRUZ DE IGNACIO DE LA LLAVE,19.10006,-97.03405,Amarillo,1
OCGCE3400W1,LAGUNA TAMPAMACHOCO,VERACRUZ DE IGNACIO DE LA LLAVE,21.00025,-97.3521,Verde,0
OCGCE3401W1,PUENTE LAGUNA TAMPAMACHOCO,VERACRUZ DE IGNACIO DE LA LLAVE,20.96838,-97.32664,Rojo,0
OCGCE3402,PLAYA TUXPAN,VERACRUZ DE IGNACIO DE LA LLAVE,20.97848,-97.31035,Rojo,0
OCGCE3403,BARRA TUXPAN,VERACRUZ DE IGNACIO DE LA LLAVE,20.97159,-97.30105,Verde,0
OCGCE3404,PUENTE TUXPAN,VERACRUZ DE IGNACIO DE LA LLAVE,20.9479,-97.39919,Rojo,0
OCGCE3405,TENECHACO  2,VERACRUZ DE IGNACIO DE LA LLAVE,20.95345,-97.41283,Rojo,0
OCGCE3406W1,RIO TUXPAM (CHIJOLAR),VERACRUZ DE IGNACIO DE LA LLAVE,20.90945,-97.46937,Amarillo,1
OCGCE3407,EL SUCHILT,VERACRUZ DE IGNACIO DE LA LLAVE,20.91688,-97.5658,Amarillo,1
OCGCE3408,ALAMO (TEMAPACHE),VERACRUZ DE IGNACIO DE LA LLAVE,20.91927,-97.64194,Amarillo,1
OCGCE3409,PUENTE LOPEZ PORTILLO,VERACRUZ DE IGNACIO DE LA LLAVE,20.92819,-97.68047,Amarillo,0
OCGCE3410,ALAMO (CIUDAD),VERACRUZ DE IGNACIO DE LA LLAVE,20.91944,-97.6853,Amarillo,2
OCGCE3411,ALAMO (JUGUERAS),VERACRUZ DE IGNACIO DE LA LLAVE,20.91446,-97.70193,Rojo,2
OCGCE3412,PUENTE LAS FUENTES 5 POBLADOS,VERACRUZ DE IGNACIO DE LA LLAVE,20.92546,-97.71731,Amarillo,1
OCGCE3413,PUENTE CAZONES III,VERACRUZ DE IGNACIO DE LA LLAVE,20.63591,-97.39922,Amarillo,1
OCGCE3414,PUENTE LA UNION,VERACRUZ DE IGNACIO DE LA LLAVE,20.6929,-97.34049,Amarillo,0
OCGCE3415,PANGA CAZONES (LA CONCEPCION),VERACRUZ DE IGNACIO DE LA LLAVE,20.60263,-97.4338,Amarillo,0
OCGCE3416,CAZONES,VERACRUZ DE IGNACIO DE LA LLAVE,20.70998,-97.30006,Amarillo,0
OCGCE3419,RIO CHIQUITO II,VERACRUZ DE IGNACIO DE LA LLAVE,17.87277,-94.65352,Amarillo,0
OCGCE3420,MEXPAPE (LA CORTINA),VERACRUZ DE IGNACIO DE LA LLAVE,18.18571,-96.169,Amarillo,0
OCGCE3421,TEMASCAL (VERTEDOR),OAXACA,18.22981,-96.41302,Verde,0
OCGCE3422,RIO TANCOCHAPA (LAS CHOAPAS),VERACRUZ DE IGNACIO DE LA LLAVE,17.87146,-94.08379,Verde,2
OCGCE3423,LA CEIBILLA,VERACRUZ DE IGNACIO DE LA LLAVE,18.22993,-95.4447,Rojo,1
OCGCE3424,BARRA DEL RIO TONALA,TABASCO,18.2077,-94.13004,Amarillo,0
OCGCE3425,PRESA LA CANGREJERA,VERACRUZ DE IGNACIO DE LA LLAVE,18.1111,-94.33087,Amarillo,0
OCGCE3426,LAGUNA CASTILLO,VERACRUZ DE IGNACIO DE LA LLAVE,19.54011,-96.86014,Amarillo,0
OCGCE3428,PUENTE TEAPA I (ZONA INDUSTRIAL),VERACRUZ DE IGNACIO DE LA LLAVE,18.10592,-94.39853,Verde,0
OCGCE3429,PRESA TEMASCAL III,OAXACA,18.29683,-96.599,Verde,0
OCGCE3432,CERRO DE ORO (CENTRO),OAXACA,18.0136,-96.30434,Verde,0
OCGCE3433,AGUAS ABAJO DE LA CONFLUENCIA CON EL ARROYO CALIENTE,VERACRUZ DE IGNACIO DE LA LLAVE,18.84242,-97.07201,Rojo,2
OCGCE3434,PUENTE CALZADAS,VERACRUZ DE IGNACIO DE LA LLAVE,18.10664,-94.45354,Amarillo,2
OCGCE3435,CERRO DE ORO (NORTE),OAXACA,18.0775,-96.32602,Verde,0
OCGCE3436,PLAYA PARAISO,VERACRUZ DE IGNACIO DE LA LLAVE,18.15073,-94.47993,Rojo,0
OCGCE3437,PLAYA FORUM,VERACRUZ DE IGNACIO DE LA LLAVE,18.15114,-94.48991,Rojo,0
OCGCE3438,PLAYA GAVIOTA,VERACRUZ DE IGNACIO DE LA LLAVE,18.15271,-94.50277,Verde,0
OCGCE3439,RIO COATZACOALCOS (IXHUATEPEC),VERACRUZ DE IGNACIO DE LA LLAVE,17.88391,-94.61907,Amarillo,0
OCGCE3440,PLAYA PLAZA DE LA ARMADA,VERACRUZ DE IGNACIO DE LA LLAVE,18.153,-94.44547,Rojo,0
OCGCE3441,PLAYA PIRAMIDE,VERACRUZ DE IGNACIO DE LA LLAVE,18.15431,-94.43727,Rojo,0
OCGCE3442,PLAYA COATZACOALCOS (ASTA BANDERA),VERACRUZ DE IGNACIO DE LA LLAVE,18.15584,-94.42602,Verde,0
OCGCE3443,PLAYA ESCOYERA,VERACRUZ DE IGNACIO DE LA LLAVE,18.15789,-94.41623,Verde,0
OCGCE3444W1,BARRA COATZACOALCOS,VERACRUZ DE IGNACIO DE LA LLAVE,18.16651,-94.4136,Amarillo,0
OCGCE3445,PEÑA BLANCA,VERACRUZ DE IGNACIO DE LA LLAVE,17.63894,-94.75038,Amarillo,0
OCGCE3446,VADO BENITO JUAREZ,OAXACA,18.01295,-96.18631,Amarillo,1
OCGCE3447,MARIA LIZAMBA 3,VERACRUZ DE IGNACIO DE LA LLAVE,18.49977,-96.02932,Rojo,0
OCGCE3448M1,CALZADAS (HUAZUNTLAN),VERACRUZ DE IGNACIO DE LA LLAVE,18.13345,-94.52685,Amarillo,2
OCGCE3449,RIO PINTORES I (REFERENCIA),VERACRUZ DE IGNACIO DE LA LLAVE,19.45829,-96.97018,Amarillo,2
OCGCE3450W1,PUENTE COATZACOALCOS I,VERACRUZ DE IGNACIO DE LA LLAVE,18.11742,-94.41657,Amarillo,0
OCGCE3451,RIO COACHAPA,VERACRUZ DE IGNACIO DE LA LLAVE,17.9295,-94.55191,Amarillo,2
OCGCE3452,RIO SAN ANTONIO (DOVALI),VERACRUZ DE IGNACIO DE LA LLAVE,18.00932,-94.44534,Amarillo,2
OCGCE3453,PUENTE COATZACOALCOS II,VERACRUZ DE IGNACIO DE LA LLAVE,18.01432,-94.4481,Amarillo,0
OCGCE3454,ARROYO SAN FRANCISCO,VERACRUZ DE IGNACIO DE LA LLAVE,18.0141,-94.49221,Rojo,2
OCGCE3455,UXPANAPA,VERACRUZ DE IGNACIO DE LA LLAVE,17.9603,-94.477,Verde,0
OCGCE3456,RIO COATZACOALCOS (MINATITLAN),VERACRUZ DE IGNACIO DE LA LLAVE,17.97327,-94.55116,Verde,0
OCGCE3457,PRESA TEMASCAL II,OAXACA,18.19758,-96.4559,Verde,0
OCGCE3458,CERRO DE ORO (VERTEDOR),OAXACA,17.999,-96.2649,Verde,0
OCGCE3459,RIO COATZACOALCOS (ABAJO BOCA COACHAPA),VERACRUZ DE IGNACIO DE LA LLAVE,17.9344,-94.5537,Amarillo,0
OCGCE3460,PRESA TEMASCAL I,OAXACA,18.35185,-96.59272,Verde,0
OCGCE3461,RIO COATZACOALCOS (OTAPA),VERACRUZ DE IGNACIO DE LA LLAVE,17.89013,-94.56678,Amarillo,0
OCGCE3462,RIO COATZACOALCOS (ARRIBA BOCA COACHAPA),VERACRUZ DE IGNACIO DE LA LLAVE,17.9283,-94.5573,Amarillo,0
OCGCE3463W1,LAGUNA MANDINGA III,VERACRUZ DE IGNACIO DE LA LLAVE,19.04838,-96.09732,Rojo,0
OCGCE3464,COSAMALOAPAN,VERACRUZ DE IGNACIO DE LA LLAVE,18.32164,-95.79822,Rojo,0
OCGCE3465,LOS COCOS,VERACRUZ DE IGNACIO DE LA LLAVE,18.31387,-95.78576,Rojo,2
OCGCE3466,EL DESCABEZADERO,VERACRUZ DE IGNACIO DE LA LLAVE,19.53481,-96.69452,Amarillo,0
OCGCE3469,LAGUNA DE MEZCALAPA 3,VERACRUZ DE IGNACIO DE LA LLAVE,17.87208,-94.34178,Rojo,0
OCGCE3470,LAGUNA DE MEZCALAPA 2,VERACRUZ DE IGNACIO DE LA LLAVE,17.87817,-94.3253,Rojo,0
OCGCE3471,LAGUNA DE MEZCALAPA 1,VERACRUZ DE IGNACIO DE LA LLAVE,17.89339,-94.33279,Rojo,0
OCGCE3472,JICACAL,VERACRUZ DE IGNACIO DE LA LLAVE,18.20636,-94.6076,Verde,0
OCGCE3473,LAGUNA DE CATEMACO 2,VERACRUZ DE IGNACIO DE LA LLAVE,18.39428,-95.03553,Rojo,0
OCGCE3474,LAGUNA DE SONTECOMAPAN,VERACRUZ DE IGNACIO DE LA LLAVE,18.53774,-95.01038,Verde,0
OCGCE5527,RIO EL CEPILLO,VERACRUZ DE IGNACIO DE LA LLAVE,20.42158,-97.12712,Amarillo,0
OCGCE5528,RIO AMAPA,VERACRUZ DE IGNACIO DE LA LLAVE,18.51918,-96.42859,Verde,0
OCGCE5529,LAGUNA SAN JULIAN,VERACRUZ DE IGNACIO DE LA LLAVE,19.2559,-96.26201,Rojo,0
OCGCE5530,SUCHIL (BLANCO),VERACRUZ DE IGNACIO DE LA LLAVE,18.74399,-96.25962,Rojo,2
OCGCE6526,TRES VALLES ZAPOTE,OAXACA,18.18102,-96.19334,Rojo,2
OCGNO3475W1,AFLUENTE PRESA PEDRO JOSE MENDEZ 1,TAMAULIPAS,24.2235,-99.57051,Amarillo,0
OCGNO3476,PRESA PEDRO JOSE MENDEZ 3,TAMAULIPAS,24.23771,-99.5632,Verde,0
OCGNO3477,PRESA PEDRO JOSE MENDEZ 4,TAMAULIPAS,24.245,-99.56032,Verde,0
OCGNO3478,PRESA PEDRO JOSE MENDEZ 2,TAMAULIPAS,24.23678,-99.55451,Amarillo,0
OCGNO3479,RIO SAN ANTONIO HIDROMETRICA  TOMASEÑO,TAMAULIPAS,24.26381,-99.44401,Amarillo,1
OCGNO3480,PRESA LA ESCONDIDA,TAMAULIPAS,24.20878,-99.34648,Verde,0
OCGNO3482,"RIO BLANCO, BENITO JUAREZ",TAMAULIPAS,24.15178,-99.40624,Amarillo,0
OCGNO3489,PRESA MARIA SOTO LA MARINA,TAMAULIPAS,24.3991,-98.98997,Rojo,0
OCGNO3490,"PRESA LA LOBA, JIMENEZ",TAMAULIPAS,24.35927,-98.62031,Rojo,0
OCGNO3491,"RIO CONCHOS, PUENTE CARRETERO LIB.",TAMAULIPAS,24.78931,-98.15559,Amarillo,1
OCGNO3492,"RIO CONCHOS, SAN FERNANDO",TAMAULIPAS,24.86298,-98.1741,Rojo,0
OCGNO3493,VADO LAS ESCOBAS,TAMAULIPAS,24.98028,-98.31972,Rojo,0
OCGNO3494,LAGUNA MADRE HUMEDAL 3,TAMAULIPAS,24.97063,-97.88091,Amarillo,0
OCGNO3497,"RIO CONCHOS, ENTRADA A LA LAGUNA LA NACHA",TAMAULIPAS,24.84227,-97.88991,Amarillo,1
OCGNO3498,LAGUNA MADRE 5,TAMAULIPAS,24.85789,-97.64601,Verde,0
OCGNO3499,LAGUNA MADRE 7,TAMAULIPAS,25.01301,-97.54758,Verde,0
OCGNO3500,LAGUNA MADRE 6,TAMAULIPAS,25.04051,-97.69059,Verde,0
OCGNO3501,CANAL CUEZ,TAMAULIPAS,22.37683,-98.09639,Rojo,0
OCGNO3502M1,LAGUNA DE CHAMPAYAN BOCA TOMA 3 DE MAYO,TAMAULIPAS,22.40649,-98.02772,Rojo,0
OCGNO3503,PRESA ALBERTO CARRERA T. 3,TAMAULIPAS,24.56044,-99.46777,Rojo,0
OCGNO3504,PRESA ALBERTO CARRERA T. 1,TAMAULIPAS,24.5541,-99.46934,Rojo,0
OCGNO3505,"RIO CONCHOS, BURGOS",TAMAULIPAS,25.04475,-98.83002,Amarillo,0
OCGNO3506,LAGUNA LA HERRADURA,TAMAULIPAS,22.26665,-97.8827,Amarillo,0
OCGNO3507,"LAGUNA DEL CHAIREL, BOCATOMA COMAPA TAMPICO",TAMAULIPAS,22.23844,-97.8764,Amarillo,0
OCGNO3508W1,LAGUNA DEL CARPINTERO 1,TAMAULIPAS,22.23202,-97.85618,Amarillo,0
OCGNO3509W1,LAGUNA DEL CARPINTERO PUENTE MACALITO,TAMAULIPAS,22.22127,-97.85252,Amarillo,0
OCGNO3510,"RIO PANUCO, 6.8 KM AGUAS ARRIBA DE LA DESEMBOCADURA DE RIO PANUCO",VERACRUZ DE IGNACIO DE LA LLAVE,22.23015,-97.83778,Rojo,0
OCGNO3511,"RIO PANUCO, 4.5 KM AGUAS ARRIBA DE LA DESEMBOCADURA DE RIO PANUCO",VERACRUZ DE IGNACIO DE LA LLAVE,22.24554,-97.8228,Rojo,0
OCGNO3512,CANAL EL CHIJOL 1,VERACRUZ DE IGNACIO DE LA LLAVE,22.24237,-97.80809,Verde,0
OCGNO3513,TERMINAL MARITIMA MADERO,TAMAULIPAS,22.25405,-97.80638,Verde,0
OCGNO3514,PANUCO II,TAMAULIPAS,22.26307,-97.78355,Rojo,0
OCGNO3515,"GOLFO DE MEXICO MIRAMAR, PLAZA GOBERNADORES",TAMAULIPAS,22.28695,-97.80058,Verde,0
OCGNO3516,ESTERO TOPILA 2,VERACRUZ DE IGNACIO DE LA LLAVE,22.01453,-98.17352,Rojo,0
OCGNO3517,ARROYO EL OLMO 2,TAMAULIPAS,23.70536,-99.0755,Amarillo,1
OCGNO3518,PLAYA MIRAMAR,TAMAULIPAS,22.29744,-97.80714,Verde,0
OCGNO3519W1,MARISMAS ALTAMIRA SUR,TAMAULIPAS,22.35581,-97.8417,Rojo,0
OCGNO3520M1,"RIO TAMESI, BOCATOMA LOS TOMATES",TAMAULIPAS,22.46755,-98.19228,Verde,1
OCGNO3521,MARISMAS ALTAMIRA CENTRO,TAMAULIPAS,22.44184,-97.86002,Verde,0
OCGNO3522,LAGUNA DEL CHANGO,TAMAULIPAS,22.4031,-97.87835,Rojo,0
OCGNO3523W1,LAGUNA EL CONEJO SUR,TAMAULIPAS,22.4255,-97.88352,Rojo,0
OCGNO3524W1,LAGUNA EL CONEJO NORTE,TAMAULIPAS,22.42884,-97.88625,Rojo,0
OCGNO3525W1,"LAGUNA EL CONEJO, SALIDA",TAMAULIPAS,22.43139,-97.87712,Rojo,0
OCGNO3526W1,ESTERO GARRAPATAS,TAMAULIPAS,22.46571,-97.91795,Amarillo,0
OCGNO3527,GOLFO DE MEXICO (PUERTO ALTAMIRA),TAMAULIPAS,22.49814,-97.85373,Verde,0
OCGNO3528,"GOLFO DE MEXICO, 2 KM ADENTRO BOCA PUERTO ALTAMIRA",TAMAULIPAS,22.48552,-97.82185,Verde,0
OCGNO3529,RIO BARBERENA AQUILES SERDAN,TAMAULIPAS,22.57375,-97.90598,Rojo,1
OCGNO3530,DESCARGAS DE CAMARONICOLAS A LA LAGUNA DE SAN ANDRES,TAMAULIPAS,22.62991,-97.8946,Rojo,0
OCGNO3531,"LAGUNA DE SAN ANDRES, CENTRO",TAMAULIPAS,22.65355,-97.87115,Verde,0
OCGNO3532,GOLFO DE MEXICO LAGUNA DE SAN ANDRES,TAMAULIPAS,22.67397,-97.83596,Verde,0
OCGNO3533,BARRA DE CHAVARRIA,TAMAULIPAS,22.67424,-97.83849,Verde,0
OCGNO3534,"GOLFO DE MEXICO, 2 KM ADENTRO LAGUNA DE SAN ANDRES ALDAMA",TAMAULIPAS,22.66813,-97.82625,Verde,0
OCGNO3535W1,"RIO TIGRE, EJIDO EL MORON",TAMAULIPAS,22.71404,-97.85978,Verde,0
OCGNO3536W1,RIO TIGRE 2,TAMAULIPAS,22.73625,-97.89072,Verde,0
OCGNO3537W1,RIO TIGRE 1,TAMAULIPAS,22.78897,-97.9106,Verde,0
OCGNO3538W1,RIO TIGRE,TAMAULIPAS,22.8163,-97.92283,Rojo,0
OCGNO3541,RIO BLANCO AGUAS ABAJO DE LA POBL. DE ALDAMA,TAMAULIPAS,22.898,-98.06293,Amarillo,0
OCGNO3542,RIO BLANCO BOMBAS ALDAMA,TAMAULIPAS,22.92482,-98.08384,Amarillo,0
OCGNO3543,RIO SAN RAFAEL PUENTE CARRETERO,TAMAULIPAS,23.16543,-97.95312,Amarillo,0
OCGNO3544,PRESA REPUBLICA ESPAÑOLA 2,TAMAULIPAS,23.26083,-97.97685,Amarillo,0
OCGNO3545,PRESA REPUBLICA ESPAÑOLA 3,TAMAULIPAS,23.26193,-97.99277,Amarillo,0
OCGNO3546,PRESA REPUBLICA ESPAÑOLA 1,TAMAULIPAS,23.29091,-97.97943,Rojo,0
OCGNO3547,PRESA LAVADEROS,TAMAULIPAS,23.4697,-98.02822,Rojo,0
OCGNO3548,TEPEHUAJES,TAMAULIPAS,23.4989,-97.75864,Verde,0
OCGNO3549W1,LA PESCA,TAMAULIPAS,23.77292,-97.73766,Verde,0
OCGNO3550,PLAYA LA PESCA,TAMAULIPAS,23.77427,-97.73439,Verde,0
OCGNO3551,GOLFO DE MEXICO LA PESCA,TAMAULIPAS,23.79035,-97.73543,Verde,0
OCGNO3552,"RIO SOTO LA MARINA, AGUAS ARRIBA DE SOTO LA MARINA",TAMAULIPAS,23.79165,-98.20404,Verde,0
OCGNO3553,EJIDO TAMPIQUITO,TAMAULIPAS,23.83183,-98.20453,Verde,1
OCGNO3554,PUENTE CARRETERO (SLM),TAMAULIPAS,23.73723,-98.2063,Amarillo,1
OCGNO3555,RIO SOTO LA MARINA EL MOLINO,TAMAULIPAS,23.99821,-98.27045,Verde,1
OCGNO3556,"PRESA LA PATRIA ES PRIMERO, ABASOLO",TAMAULIPAS,23.96601,-98.52169,Verde,0
OCGNO3557,PRESA VICENTE GUERRERO (SAUCES 2),TAMAULIPAS,23.95941,-98.67295,Verde,0
OCGNO3558,PRESA VICENTE GUERRERO (SAUCES 3),TAMAULIPAS,23.90734,-98.72422,Verde,0
OCGNO3559,SAUCES,TAMAULIPAS,23.83669,-98.73517,Verde,0
OCGNO3560,PRESA VICENTE GUERRERO (SAUCES 1),TAMAULIPAS,23.93626,-98.80485,Rojo,0
OCGNO3561,PRESA VICENTE GUERRERO (SAUCES 4),TAMAULIPAS,23.9975,-98.76208,Amarillo,0
OCGNO3562,PRESA VICENTE GUERRERO (SAUCES 5),TAMAULIPAS,24.03287,-98.71744,Verde,0
OCGNO3563,PRESA VICENTE GUERRERO (SAUCES 6),TAMAULIPAS,24.05546,-98.73904,Rojo,0
OCGNO3566,NUEVO PADILLA,TAMAULIPAS,24.04242,-98.90372,Amarillo,0
OCGNO3567,HIDROMETRICA CORONA,TAMAULIPAS,23.937,-98.93626,Amarillo,0
OCGNO3575,ARROYO EL OLMO,TAMAULIPAS,23.70155,-99.08673,Amarillo,0
OCGNO3576,PRESA LA LAJILLA 1,TAMAULIPAS,23.66377,-98.73128,Rojo,0
OCGNO3577,GOLFO DE MEXICO 2,TAMAULIPAS,22.35,-97.81376,Verde,0
OCGNO3579,LA ENCANTADA,TAMAULIPAS,23.32086,-99.06965,Amarillo,0
OCGNO3581,RIO SABINAS HIDROMETRICA SABINAS,TAMAULIPAS,23.03145,-99.0933,Verde,1
OCGNO3585,EMILIO PORTEZ GIL (SAN LORENZO 2),TAMAULIPAS,22.97252,-98.79919,Amarillo,0
OCGNO3586,EMILIO PORTES GIL(SAN LORENZO 3),TAMAULIPAS,22.96455,-98.77925,Verde,0
OCGNO3587,EMILIO PORTES GIL (SAN LORENZO 1),TAMAULIPAS,22.95243,-98.81052,Verde,0
OCGNO3588,PRESA VENUSTIANO CARRANZA 3,TAMAULIPAS,22.91146,-98.72263,Verde,0
OCGNO3589,PRESA ATEMOZTLI,TAMAULIPAS,22.82929,-98.65476,Amarillo,0
OCGNO3590,"RIO GUAYALEJO HIDROMETRICA, MAGISCATZIN",TAMAULIPAS,22.79703,-98.71233,Amarillo,0
OCGNO3592,PRESA ESTUDIANTE RAMIRO CABALLERO DORANTES (ANIMAS 4),TAMAULIPAS,22.69454,-98.75703,Rojo,0
OCGNO3593,PRESA ESTUDIANTE RAMIRO CABALLERO DORANTES (ANIMAS) 3,TAMAULIPAS,22.64607,-98.72749,Verde,0
OCGNO3594,PRESA ESTUDIANTE RAMIRO CABALLERO DORANTES (ANIMAS) 2,TAMAULIPAS,22.61968,-98.7227,Amarillo,0
OCGNO3595,PRESA ESTUDIANTE RAMIRO CABALLERO DORANTES (ANIMAS) 1,TAMAULIPAS,22.59952,-98.69494,Verde,0
OCGNO3596M1,RIO CORONA 600 METROS  AGUAS ARRIBA DE LA CONFLUENCIA CON RIO SAN FELIPE,TAMAULIPAS,23.94727,-98.98079,Amarillo,0
OCGNO3597,RIO TAMESI HIDROMETRICA TAMESI,TAMAULIPAS,22.41368,-98.42213,Rojo,1
OCGNO3598,EL JOPOY,TAMAULIPAS,22.3913,-98.31764,Verde,1
OCGNO3599,SALSIPUEDES,VERACRUZ DE IGNACIO DE LA LLAVE,22.35219,-98.14647,Verde,0
OCGNO3600,"LAGUNA LA TORTUGA, BOMBAS",VERACRUZ DE IGNACIO DE LA LLAVE,22.29025,-98.09654,Amarillo,0
OCGNO3601,"LAGUNA MAYORAZGO, CAPTACION BOMBAS",VERACRUZ DE IGNACIO DE LA LLAVE,22.3175,-98.0416,Verde,0
OCGNO3602,BOCATOMA ALTAMIRA,TAMAULIPAS,22.38697,-97.93787,Rojo,0
OCGNO3603,LAGUNA DE CHAMPAYAN COMAPA DIMA,TAMAULIPAS,22.38576,-97.92736,Rojo,0
OCGNO3604,"LAGUNA DE LA PUERTA, BOCATOMA",TAMAULIPAS,22.31791,-97.90302,Amarillo,0
OCGNO3605,"LAGUNA DE CHAMPAYAN, COMAPA TANCOL",TAMAULIPAS,22.2985,-97.9037,Amarillo,0
OCGNO3606W1,EL MORALILLO,VERACRUZ DE IGNACIO DE LA LLAVE,22.2336,-97.90859,Verde,0
OCGNO3607,"RIO PANUCO, MORALILLO",VERACRUZ DE IGNACIO DE LA LLAVE,22.22282,-97.89606,Amarillo,0
OCGNO3608W1,"LAGUNA DE PUEBLO VIEJO, SALIDA A RIO PANUCO",VERACRUZ DE IGNACIO DE LA LLAVE,22.20197,-97.84585,Rojo,0
OCGNO3609,CANAL EL CHIJOL 2,VERACRUZ DE IGNACIO DE LA LLAVE,22.19685,-97.79969,Rojo,0
OCGNO3610,CUAUHTEMOC,VERACRUZ DE IGNACIO DE LA LLAVE,22.16809,-97.87614,Verde,0
OCGNO3611,"LAGUNA DE PUEBLO VIEJO , CENTRO",VERACRUZ DE IGNACIO DE LA LLAVE,22.12809,-97.8779,Verde,0
OCGNO3612W1,LAGUNA DE PUEBLO VIEJO AL SURESTE,VERACRUZ DE IGNACIO DE LA LLAVE,22.09815,-97.86045,Verde,0
OCGNO3613,LAGUNA  DE TAMIAHUA 5,VERACRUZ DE IGNACIO DE LA LLAVE,22.0823,-97.77049,Rojo,0
OCGNO3614,"LAGUNA  DE TAMIAHUA, NORTE",VERACRUZ DE IGNACIO DE LA LLAVE,21.94204,-97.70951,Rojo,0
OCGNO3615,LAGUNA DE TAMIAHUA 4,VERACRUZ DE IGNACIO DE LA LLAVE,21.81554,-97.64078,Rojo,0
OCGNO3616,"ARROYO CHICHIMECO, LA LAJA",VERACRUZ DE IGNACIO DE LA LLAVE,21.6834,-97.69545,Rojo,0
OCGNO3617,RIO CUCHARAS,VERACRUZ DE IGNACIO DE LA LLAVE,21.61438,-97.65846,Verde,0
OCGNO3618,RIO CARBAJAL,VERACRUZ DE IGNACIO DE LA LLAVE,21.52313,-97.60673,Verde,0
OCGNO3619,"RIO TANCOCHIN, DESEMBOCADURA",VERACRUZ DE IGNACIO DE LA LLAVE,21.474,-97.5145,Verde,0
OCGNO3620,LAGUNA DE TAMIAHUA 1,VERACRUZ DE IGNACIO DE LA LLAVE,21.41863,-97.4715,Verde,0
OCGNO3621,"LAGUNA DE TAMIAHUA, SUR",VERACRUZ DE IGNACIO DE LA LLAVE,21.31564,-97.44532,Verde,0
OCGNO3622,GOLFO DE MEXICO LAGUNA DE TAMIAHUA,VERACRUZ DE IGNACIO DE LA LLAVE,21.26109,-97.41914,Rojo,0
OCGNO3623,BOCA DE CORAZONES,VERACRUZ DE IGNACIO DE LA LLAVE,21.25964,-97.4222,Rojo,0
OCGNO3624,"RIO TANCOCHIN, AGUAS ABAJO NARANJOS",VERACRUZ DE IGNACIO DE LA LLAVE,21.3429,-97.6634,Amarillo,0
OCGNO3625,RIO TANCOCHIN AMATLAN,VERACRUZ DE IGNACIO DE LA LLAVE,21.3287,-97.75286,Amarillo,1
OCGNO3626,GOLFO DE MEXICO 1,TAMAULIPAS,22.3717,-97.83534,Verde,0
OCGNO3627,"RIO GRANDE, TAMALIN",VERACRUZ DE IGNACIO DE LA LLAVE,21.33524,-97.81242,Amarillo,1
OCGNO3628W1,"LAGUNA DE TAMIAHUA, CENTRO",VERACRUZ DE IGNACIO DE LA LLAVE,21.58988,-97.52312,Verde,0
OCGNO3629,LAGUNA DE TAMIAHUA 3,VERACRUZ DE IGNACIO DE LA LLAVE,21.65112,-97.50542,Verde,0
OCGNO3630,LAGUNA DE TAMIAHUA 2,VERACRUZ DE IGNACIO DE LA LLAVE,21.5379,-97.3899,Verde,0
OCGNO3631,"RIO LOS HULES, HIDROMETRICA LOS HULES",VERACRUZ DE IGNACIO DE LA LLAVE,21.19477,-98.28779,Verde,1
OCGNO3632,RIO TEMPOAL HIDROMETRICA PLATON SANCHEZ,VERACRUZ DE IGNACIO DE LA LLAVE,21.2972,-98.35633,Amarillo,1
OCGNO3633,RIO SAN PEDRO HIDROMETRICA EL CARDON,VERACRUZ DE IGNACIO DE LA LLAVE,21.39041,-98.47199,Verde,1
OCGNO3634,HIDROMETRICA TEMPOAL,VERACRUZ DE IGNACIO DE LA LLAVE,21.52083,-98.40001,Rojo,1
OCGNO3637,PRESA BERNARDO GUTIERREZ DE LARA,TAMAULIPAS,22.53206,-99.06952,Verde,0
OCGNO3638,RIO NACIMIENTO AHUALULCO,TAMAULIPAS,22.6988,-99.0455,Amarillo,0
OCGNO3639,RIO MANTE AGUAS ABAJO DE EL MANTE,TAMAULIPAS,22.786,-98.9698,Amarillo,0
OCGNO3640M1,RIO SAN FELIPE 100 METROS AGUAS ARRIBA DE LA CONFLUENCIA CON EL RIO CORONA,TAMAULIPAS,23.94401,-98.9773,Amarillo,0
OCGNO3641,"RIO GUAYALEJO, 100 METROS AGUAS ABAJO CONFLUENCIA CON EL RIO MANTE",TAMAULIPAS,22.8043,-98.9481,Amarillo,1
OCGNO3642,RIO GUAYALEJO COMUNIDAD TANCHIPA,TAMAULIPAS,22.82082,-98.96873,Amarillo,0
OCGNO3644,HIDROMETRICA RIO FRIO,TAMAULIPAS,22.84305,-99.0262,Amarillo,0
OCGNO3645,RIO COMANDANTE LA SERVILLETA,TAMAULIPAS,22.854,-99.1211,Verde,0
OCGNO3646,RIO GUAYALEJO DERIVADORA SACA DE AGUA,TAMAULIPAS,22.7835,-98.8704,Amarillo,1
OCGNO3647,PLAN DE GUADALUPE,TAMAULIPAS,22.8019,-98.83494,Amarillo,2
OCGNO3649,RIO GUAYALEJO DERIVADORA SAN GABRIEL,TAMAULIPAS,23.06224,-98.78972,Amarillo,0
OCGNO3653,ESTERO LA TUNA,TAMAULIPAS,22.50816,-98.14115,Verde,0
OCGNO3654,MATA DEL ABRA,TAMAULIPAS,22.43885,-98.12788,Rojo,0
OCGNO3655W1,RIO PANUCO FRENTE A LAGUNA DE CHILA,VERACRUZ DE IGNACIO DE LA LLAVE,22.18435,-98.01545,Verde,1
OCGNO3656W1,RIO PANUCO-MIRAVEGAS,VERACRUZ DE IGNACIO DE LA LLAVE,22.13061,-98.06084,Verde,1
OCGNO3657,EL ALAMO,VERACRUZ DE IGNACIO DE LA LLAVE,22.09096,-98.19308,Verde,1
OCGNO3658,RIO PANUCO HIDROMETRICA PANUCO,VERACRUZ DE IGNACIO DE LA LLAVE,22.05941,-98.17611,Verde,1
OCGNO3659,ESTERO TOPILA,VERACRUZ DE IGNACIO DE LA LLAVE,22.01264,-98.18236,Rojo,0
OCGNO3660,PASO DE PIEDRA (CHICAYAN) 4,VERACRUZ DE IGNACIO DE LA LLAVE,21.67156,-98.1427,Amarillo,0
OCGNO3662,PASO DE PIEDRA (CHICAYAN) 2,VERACRUZ DE IGNACIO DE LA LLAVE,21.71389,-98.17113,Verde,0
OCGNO3663,PASO DE PIEDRA (CHICAYAN) 1,VERACRUZ DE IGNACIO DE LA LLAVE,21.73654,-98.15676,Verde,0
OCGNO3664,RIO MOCTEZUMA HIDROMETRICA EL HIGO,VERACRUZ DE IGNACIO DE LA LLAVE,21.77064,-98.45665,Verde,0
OCGNO3665,HIDROMETRICA EL OLIVO,VERACRUZ DE IGNACIO DE LA LLAVE,21.8312,-98.50311,Verde,0
OCGNO3666,"GOLFO DE MEXICO, 4 KM ADENTRO BOCA RIO PANUCO MADERO",TAMAULIPAS,22.27321,-97.73496,Verde,0
OCGNO3667,GOLFO DE MEXICO BARRA DEL TORDO,TAMAULIPAS,23.02435,-97.76052,Verde,0
OCGNO3668,BARRA DEL TORDO,TAMAULIPAS,23.065,-97.8211,Verde,0
OCGNO3669,LAGUNA LA ESCONDIDA,TAMAULIPAS,22.30731,-97.92966,Amarillo,0
OCGNO3670,GOLFO DE MEXICO RANCHO NUEVO,TAMAULIPAS,23.1825,-97.76701,Verde,0
OCGNO3671,PLAYA TORTUGUERA RANCHO NUEVO 2,TAMAULIPAS,23.18544,-97.76939,Verde,0
OCGNO3672,PLAYA TORTUGUERA RANCHO NUEVO 3,TAMAULIPAS,23.22944,-97.76881,Verde,0
OCGNO3673,LAGUNA MADRE 1,TAMAULIPAS,24.27898,-97.71938,Verde,0
OCGNO3674,LAGUNA MADRE 2,TAMAULIPAS,24.44662,-97.82717,Verde,0
OCGNO3675,BOCA CATAN,TAMAULIPAS,24.47738,-97.68905,Amarillo,0
OCGNO3676,GOLFO DE MEXICO LAGUNA MADRE,TAMAULIPAS,24.475,-97.68056,Amarillo,0
OCGNO3677,LAGUNA MADRE HUMEDAL 1,TAMAULIPAS,24.67805,-97.68622,Verde,0
OCGNO3678,LAGUNA MADRE 4,TAMAULIPAS,24.73202,-97.66665,Verde,0
OCGNO5524,"CANAL DE LA CORTADURA, ZONA CENTRO DE TAMPICO",TAMAULIPAS,22.21661,-97.85164,Rojo,1
OCLSP3680M1,PRESA LAS PINTAS CENTRO,JALISCO,20.58021,-103.32639,Amarillo,0
OCLSP3681M1,PRESA LAS PINTAS  CORTINA,JALISCO,20.5772,-103.33043,Amarillo,0
OCLSP3691,LAGUNA CAJITITLAN ENTRADA,JALISCO,20.41996,-103.37029,Rojo,0
OCLSP3692,LAGUNA CAJITITLAN I,JALISCO,20.42298,-103.3427,Rojo,0
OCLSP3693,LAGUNA CAJITITLAN II,JALISCO,20.41404,-103.32117,Rojo,0
OCLSP3694,LAGUNA CAJITITLAN IV,JALISCO,20.42063,-103.30541,Rojo,0
OCLSP3695,LAGUNA CAJITITLAN III,JALISCO,20.40953,-103.30269,Rojo,0
OCLSP3696,LAGUNA CAJITITLAN CORTINA,JALISCO,20.43295,-103.31647,Rojo,0
OCLSP3700M1,ARROYO EL AHOGADO PUENTE CAMINO A PENWALT,JALISCO,20.49741,-103.22776,Rojo,2
OCLSP3701M1,ARROYO EL AHOGADO PUENTE CARRETERA A CHAPALA,JALISCO,20.53794,-103.29631,Rojo,2
OCLSP3703M1,RIO SANTIAGO PUENTE MATATLAN,JALISCO,20.66806,-103.1872,Rojo,1
OCLSP3705M1,RIO VERDE ACATIC,JALISCO,20.8286,-102.96199,Rojo,1
OCLSP3707M1,RIO SANTIAGO LAS JUNTAS,JALISCO,20.72349,-103.27983,Rojo,1
OCLSP3708M1,RIO SANTIAGO ANTES DE P.H. AGUA PRIETA,JALISCO,20.78201,-103.32039,Rojo,1
OCLSP3709M1,RIO BOLAÑOS ANTES DE LA POBLACION,JALISCO,21.84911,-103.77389,Rojo,1
OCLSP3710M1,PUENTE GUADALUPE,JALISCO,20.83915,-103.32898,Rojo,1
OCLSP3714M1,PRESA EL SALTO CORTINA,JALISCO,21.03976,-102.70457,Rojo,0
OCLSP3715M1,DESPUES DE ARROYO DEL AHOGADO,JALISCO,20.50837,-103.17433,Rojo,2
OCLSP3716M1,ARROYO EL AHOGADO ANTES DEL RIO SANTIAGO,JALISCO,20.49843,-103.21638,Rojo,2
OCLSP3717M1,RIO SANTIAGO PUENTE GRANDE,JALISCO,20.56956,-103.1477,Rojo,0
OCLSP3719M1,RIO AMECA PUENTE LA VEGA,JALISCO,20.57634,-103.85823,Rojo,0
OCLSP3721M1,PRESA ING. ELIAS GONZALEZ CHAVEZ CENTRO,JALISCO,20.68642,-102.94728,Verde,0
OCLSP3722M1,PRESA ING. ELIAS GONZALEZ CHAVEZ ENTRADA,JALISCO,20.69178,-102.91882,Verde,0
OCLSP3723M1,PRESA ING. ELIAS GONZALEZ CHAVEZ CORTINA,JALISCO,20.68059,-102.97246,Rojo,0
OCLSP3724M1,PRESA LA JOYA CORTINA,JALISCO,20.7029,-102.991,Rojo,0
OCLSP3725M1,PRESA LA JOYA CENTRO,JALISCO,20.70794,-102.98984,Rojo,0
OCLSP3732M1,RIO SAN MIGUEL PUENTE PASO LA LAJA,JALISCO,21.1175,-102.52135,Rojo,2
OCLSP3733M1,RIO LAGOS ANTES DE CONFLUENCIA RIO VERDE,JALISCO,21.29842,-102.53565,Amarillo,0
OCLSP3734M1,PUENTE SAN NICOLAS RIO VERDE,JALISCO,21.293,-102.55294,Rojo,1
OCLSP3735M1,RIO LAGOS SAN GASPAR,JALISCO,21.28495,-102.50949,Rojo,0
OCLSP3736M1,PRESA JALOSTOTITLAN CORTINA,JALISCO,21.1579,-102.45805,Rojo,0
OCLSP3737M1,PRESA EL SALTO (TEQUILERA),JALISCO,21.02953,-102.6917,Rojo,0
OCLSP3738M1,RIO LAGOS DESPUES DE SAN JUAN DE LOS LAGOS,JALISCO,21.26436,-102.35554,Rojo,0
OCLSP3739M1,RIO LAGOS ANTES DE SAN JUAN DE LOS LAGOS,JALISCO,21.22934,-102.31536,Rojo,1
OCLSP3740M1,RIO LAGOS PUENTE CARRETERA A ATOTONILCO,JALISCO,21.19224,-102.26466,Rojo,0
OCLSP3741M1,RIO LAGOS ANTES DEL ARROYO EL REMATE,JALISCO,21.19013,-102.25674,Rojo,1
OCLSP3742M1,RIO LAGOS PUENTE TLACUITAPA,JALISCO,21.19335,-102.113,Rojo,0
OCLSP3743M1,RIO LAGOS DESPUES DE ARROYO S/NOMBRE,JALISCO,21.25479,-102.03098,Rojo,2
OCLSP3744M2,RIO SAN MIGUEL AGUAS ABAJO DE LA POBLACION,JALISCO,21.04995,-102.43132,Rojo,2
OCLSP3745M1,RIO LAGOS ABAJO DE LA POBLACION,JALISCO,21.31277,-101.96371,Rojo,2
OCLSP3746M1,RIO LAGOS ABAJO PRESA EL CUARENTA,JALISCO,21.49803,-101.75193,Rojo,0
OCLSP3747M1,AGUAS ARRIBA DE LA POBLACION DE LAGOS,JALISCO,21.43852,-101.86295,Rojo,2
OCLSP3748M1,RIO SAN PEDRO PUENTE CARRETERA TEOCALTICHE,JALISCO,21.53859,-102.43325,Rojo,0
OCLSP3749M1,PRESA SAN IGNACIO CORTINA,JALISCO,21.6179,-102.62546,Verde,0
OCLSP3750M1,PRESA SAN IGNACIO CENTRO,JALISCO,21.6198,-102.628,Verde,0
OCLSP3751M1,RIO JUCHIPILA ANTES DEL RIO SANTIAGO,JALISCO,21.0484,-103.42616,Rojo,1
OCLSP3752M1,RIO SANTIAGO ANTES DE CONFLUENCIA JUCHIPILA,JALISCO,21.03833,-103.42601,Rojo,0
OCLSP3753M1,RIO SANTIAGO DESPUES DE CONFLUENCIA RIO JUCHIPILA,JALISCO,21.04487,-103.43114,Rojo,0
OCLSP3754M1,RIO SANTIAGO DESPUES DE SAN CRISTOBAL DE LA BARRANCA,JALISCO,21.04453,-103.4463,Rojo,0
OCLSP3755M1,RIO CUIXTLA ANTES DEL RIO SANTIAGO,JALISCO,21.0475,-103.43317,Amarillo,1
OCLSP3756M1,PRESA SANTA ROSA ENTRADA,JALISCO,20.92339,-103.64249,Amarillo,0
OCLSP3757M1,PRESA SANTA ROSA V,JALISCO,20.91686,-103.65022,Amarillo,0
OCLSP3758M1,PRESA SANTA ROSA IV,JALISCO,20.90336,-103.65561,Amarillo,0
OCLSP3759M1,PRESA SANTA ROSA III,JALISCO,20.89566,-103.6662,Verde,0
OCLSP3760M1,PRESA SANTA ROSA II,JALISCO,20.89908,-103.6815,Amarillo,0
OCLSP3761M1,PRESA SANTA ROSA CORTINA,JALISCO,20.9095,-103.70473,Amarillo,0
OCLSP3762M1,PRESA SANTA ROSA I,JALISCO,20.90531,-103.69628,Amarillo,0
OCLSP3763M1,ABAJO PRESA SANTA ROSA,JALISCO,20.91192,-103.71172,Rojo,0
OCLSP3764M1,RIO BOLAÑOS PUENTE EN SAN MARTIN DE BOLAÑOS,JALISCO,21.68051,-103.81025,Rojo,1
OCLSP3765M1,RIO SALADO LAS TORTUGAS,JALISCO,20.68677,-103.69375,Amarillo,1
OCLSP3766M1,ARROYO GAMBOA ANTES RIO SALADO,JALISCO,20.66598,-103.72263,Rojo,2
OCLSP3767M1,RIO SALADO ANTES DEL INGENIO DE TALA,JALISCO,20.67411,-103.72045,Amarillo,1
OCLSP3768M1,RIO SALADO ABAJO DEL INGENIO DE TALA,JALISCO,20.66375,-103.73636,Rojo,2
OCLSP3769M1W1,RIO SALADO ANTES DESEMBOCADURA LA PRESA LA VEGA,JALISCO,20.63961,-103.79155,Amarillo,0
OCLSP3770M1,RIO TONAYA ANTES DE TONAYA,JALISCO,19.80085,-103.96353,Amarillo,1
OCLSP3771M1,PRESA LA VEGA CORTINA,JALISCO,20.59729,-103.84513,Amarillo,0
OCLSP3772M1,PRESA LA VEGA CENTRO,JALISCO,20.63645,-103.85028,Rojo,0
OCLSP3773M1,PRESA LA VEGA FRENTE A TECUCHITLAN,JALISCO,20.66849,-103.85226,Rojo,0
OCLSP3774M1,RIO AMECA ARRIBA DE LA POBLACION,JALISCO,20.54313,-104.02412,Rojo,0
OCLSP3775M1,RIO AMECA PUENTE JAYAMITLA,JALISCO,20.58774,-104.17609,Rojo,0
OCLSP3776M1,RIO AMECA ABAJO DE LA POBLACION,JALISCO,20.5488,-104.07374,Rojo,0
OCLSP3777M1,PRESA OJO DE AGUA CORTINA,JALISCO,20.41916,-103.90109,Verde,0
OCLSP3778M1,PRESA OJO DE AGUA ENTRADA,JALISCO,20.41148,-103.9041,Verde,0
OCLSP3779M1,LAGUNA DE ATOTONILCO 3,JALISCO,20.4053,-103.67282,Rojo,0
OCLSP3780M1,LAGUNA DE ATOTONILCO 2,JALISCO,20.37954,-103.65213,Rojo,0
OCLSP3781M1W1,LAGUNA LA SABANITA 1,JALISCO,19.8806,-105.38899,Verde,0
OCLSP3783M1,ESTACION LITORAL F,JALISCO,20.28649,-103.35498,Verde,0
OCLSP3784,"LAGO DE CHAPALA, ESTACION LACUSTRE 01",JALISCO,20.27906,-103.39902,Amarillo,0
OCLSP3786,"LAGO DE CHAPALA, ESTACION LACUSTRE 08",JALISCO,20.27767,-103.34204,Amarillo,0
OCLSP3787M1,ESTACION LITORAL G,JALISCO,20.28698,-103.24847,Amarillo,0
OCLSP3788,"LAGO DE CHAPALA, ESTACION LACUSTRE 07",JALISCO,20.27583,-103.29833,Amarillo,0
OCLSP3789M1,PRESA EL SALTO ENTRADA,JALISCO,21.05071,-102.63777,Verde,0
OCLSP3790,"LAGO DE CHAPALA, ESTACION LACUSTRE 06",JALISCO,20.2722,-103.24358,Rojo,0
OCLSP3791M1,"LAGO DE CHAPALA, ESTACION LACUSTRE 05",JALISCO,20.21178,-103.23559,Verde,0
OCLSP3793M1,ESTACION LITORAL H,JALISCO,20.28306,-103.18832,Rojo,0
OCLSP3794M1,"LAGO DE CHAPALA, ESTACION LACUSTRE 10",JALISCO,20.28607,-103.17236,Amarillo,0
OCLSP3795M1,"LAGO DE CHAPALA, LITORAL I",JALISCO,20.30388,-103.13623,Amarillo,0
OCLSP3796M1,ACUEDUCTO CHAPALA GUADALAJARA,JALISCO,20.31339,-103.14373,Amarillo,0
OCLSP3797M1,"LAGO DE CHAPALA, ESTACION LACUSTRE 17",JALISCO,20.3079,-103.10422,Verde,0
OCLSP3798M1,"LAGO DE CHAPALA, ESTACION LACUSTRE 16",JALISCO,20.31895,-103.04676,Amarillo,0
OCLSP3800,"LAGO DE CHAPALA, ESTACION LACUSTRE 20",JALISCO,20.3,-102.95,Amarillo,0
OCLSP3801M1,"LAGO DE CHAPALA, ESTACION LACUSTRE 21",JALISCO,20.25137,-102.97385,Verde,0
OCLSP3802,"LAGO DE CHAPALA, ESTACION LACUSTRE 28",JALISCO,20.25016,-102.87219,Verde,0
OCLSP3803M1,"LAGO DE CHAPALA, ESTACION LACUSTRE 22",JALISCO,20.18656,-102.97456,Amarillo,0
OCLSP3804M1,ESTACION LITORAL B,MICHOACAN DE OCAMPO,20.1586,-102.7732,Amarillo,0
OCLSP3805M1,RIO ZULA EN SAN MARTIN DE ZULA,JALISCO,20.41594,-102.72869,Rojo,2
OCLSP3806M1,LAGO DE CHAPALA ESTACION LACUSTRE 24,MICHOACAN DE OCAMPO,20.17141,-102.80433,Amarillo,0
OCLSP3807M1,LAGO DE CHAPALA ESTACION LACUSTRE 25,JALISCO,20.2198,-102.78117,Amarillo,0
OCLSP3808M1,RIO LERMA EN MALTARAÑA,JALISCO,20.2295,-102.68716,Amarillo,2
OCLSP3809M1,RIO LERMA DESP. DE LA BARCA,MICHOACAN DE OCAMPO,20.26469,-102.57797,Rojo,0
OCLSP3810M1,RIO LERMA EN ZALAMEA,JALISCO,20.31396,-102.50697,Rojo,2
OCLSP3811M1,"RIO LERMA PTE, BRISEÑAS",JALISCO,20.27509,-102.5597,Amarillo,2
OCLSP3812M1,RIO LERMA EN GPE. DE LERMA,JALISCO,20.33742,-102.35774,Rojo,0
OCLSP3813M1,RIO COLORADO PUENTE CARR. A ZALAMEA,JALISCO,20.34437,-102.46117,Rojo,0
OCLSP3819M1,RIO LOS SABINOS DESPUES DE LA POBLACION DE ATOTONILCO,JALISCO,20.53399,-102.53288,Rojo,1
OCLSP3822M1,PRESA SAN ONOFRE CORTINA,JALISCO,20.51966,-102.36891,Amarillo,0
OCLSP3823M1,PRESA SAN ONOFRE CENTRO,JALISCO,20.52416,-102.37051,Amarillo,0
OCLSP3824M1,RIO COLORADO ANTES DE LA PRESA SAN ONOFRE,JALISCO,20.53495,-102.38664,Rojo,1
OCLSP3825M1,RIO COLORADO ANTES DE SANTA RITA,JALISCO,20.46377,-102.40804,Rojo,2
OCLSP3829M1,RIO ZULA PASO DE LA COMUNIDAD,JALISCO,20.36187,-102.74208,Rojo,2
OCLSP3830M1,RIO SANTIAGO ANTES DE NESTLE,JALISCO,20.35039,-102.7831,Rojo,2
OCLSP3831M1,RIO SANTIAGO DESPUES DE NESTLE,JALISCO,20.3564,-102.78625,Rojo,2
OCLSP3832M1,RIO SANTIAGO PUENTE OCOTLAN,JALISCO,20.34696,-102.77941,Rojo,2
OCLSP3833M1,RIO SANTIAGO EN CUITZEO,JALISCO,20.32358,-102.78582,Rojo,2
OCLSP3834M1,ESTACION LITORAL A,JALISCO,20.27663,-102.7272,Amarillo,0
OCLSP3835M1,LAGO DE CHAPALA ESTACION LACUSTRE 26,JALISCO,20.27235,-102.7523,Amarillo,0
OCLSP3836M1,"LAGO DE CHAPALA, ESTACION LACUSTRE 27",JALISCO,20.29715,-102.82366,Verde,0
OCLSP3837M1,PRESA PONCITLAN,JALISCO,20.38517,-102.92201,Amarillo,2
OCLSP3838M1,PRESA EL JIHUITE CORTINA,JALISCO,20.85392,-102.71486,Amarillo,0
OCLSP3839M1,PRESA EL JIHUITE CENTRO,JALISCO,20.85118,-102.70729,Verde,0
OCLSP3840M1,PRESA DERIVADORA CORONA,JALISCO,20.4001,-103.09157,Rojo,0
OCLSP3842M1,PRESA EL SALTO CENTRO,JALISCO,21.04903,-102.6828,Verde,0
OCLSP3843M1,"LAGO DE CHAPALA, ESTACION LACUSTRE 11",JALISCO,20.23,-103.18,Amarillo,0
OCLSP3844M1,"LAGO DE CHAPALA, ESTACION LACUSTRE 12",JALISCO,20.18809,-103.17791,Amarillo,0
OCLSP3845M1,ESTACION LITORAL C,JALISCO,20.19529,-103.03994,Amarillo,0
OCLSP3846,"LAGO DE CHAPALA, ESTACION LACUSTRE 13",JALISCO,20.18333,-103.12389,Amarillo,0
OCLSP3847M1,"LAGO DE CHAPALA, ESTACION LACUSTRE 23",MICHOACAN DE OCAMPO,20.1739,-102.8701,Amarillo,0
OCLSP3848M1,"LAGO DE CHAPALA, ESTACION LACUSTRE 14",JALISCO,20.2063,-103.05122,Amarillo,0
OCLSP3849M1,"LAGO DE CHAPALA, ESTACION LACUSTRE 15",JALISCO,20.2748,-103.04955,Verde,0
OCLSP3850M1,PRESA EL JIHUITE ENTRADA,JALISCO,20.85045,-102.69979,Amarillo,0
OCLSP3851M1,ESTACION LITORAL D,JALISCO,20.16016,-103.18211,Amarillo,0
OCLSP3852M1,"LAGO DE CHAPALA, ESTACION LACUSTRE 04",JALISCO,20.21223,-103.28883,Verde,0
OCLSP3853M1,ESTACION LITORAL E,JALISCO,20.20264,-103.30051,Amarillo,0
OCLSP3854M1,"LAGO DE CHAPALA, ESTACION LACUSTRE 03",JALISCO,20.23351,-103.35093,Rojo,0
OCLSP3855M1,"LAGO DE CHAPALA, ESTACION LACUSTRE 02",JALISCO,20.23835,-103.38992,Verde,0
OCLSP3858,PRESA HURTADO ENTRADA,JALISCO,20.49539,-103.63992,Rojo,0
OCLSP3859W1,LAGUNA SABANITA 2,JALISCO,19.87817,-105.39738,Verde,0
OCLSP3861,PRESA EL NOGAL II,JALISCO,19.91709,-103.77848,Verde,0
OCLSP3862,PRESA EL NOGAL I,JALISCO,19.90832,-103.78851,Verde,0
OCLSP3863,PRESA EL NOGAL CORTINA,JALISCO,19.9002,-103.78901,Verde,0
OCLSP3864,PRESA LAS PIEDRAS ENTRADA,JALISCO,19.94845,-104.02666,Verde,0
OCLSP3865,PRESA LAS PIEDRAS CENTRO,JALISCO,19.92502,-104.04719,Verde,0
OCLSP3866,PRESA LAS PIEDRAS CORTINA,JALISCO,19.91337,-104.05975,Verde,0
OCLSP3867M1,DESPUES DE LA POBLACION EL GRULLO,JALISCO,19.76749,-104.22824,Amarillo,0
OCLSP3868M1,RIO AYUQUILA PUENTE EJIDO PALO BLANCO,JALISCO,19.74191,-104.17794,Amarillo,2
OCLSP3869,PUENTE EL CORCOVADO,JALISCO,19.85089,-104.2834,Amarillo,0
OCLSP3870M1,PRESA TRIGOMIL CORTINA,JALISCO,19.97562,-104.36854,Amarillo,0
OCLSP3871M1,PRESA TACOTAN ENTRADA,JALISCO,20.0596,-104.31423,Amarillo,0
OCLSP3872M1,PRESA TRIGOMIL CENTRO,JALISCO,19.98527,-104.36499,Verde,0
OCLSP3873M1,PRESA TRIGOMIL ENTRADA,JALISCO,19.98811,-104.34454,Verde,0
OCLSP3874M1,PRESA TACOTAN CENTRO,JALISCO,20.03868,-104.30647,Amarillo,0
OCLSP3875M1,PRESA TACOTAN CORTINA,JALISCO,20.03691,-104.31958,Verde,0
OCLSP3876M1,"RIO TUXCACUESCO, PUENTE POBLACION",JALISCO,19.69955,-103.98794,Amarillo,1
OCLSP3877M1,RIO TONAYA ABAJO DE TONAYA,JALISCO,19.75356,-104.01253,Rojo,1
OCLSP3878M1,RIO TUXCACUESCO ABAJO DE TUXCACUESCO,JALISCO,19.68972,-103.97274,Amarillo,1
OCLSP3879M1,RIO TUXCACUESCO ANTES CONFLUENCIA RIO AYUQUILA,JALISCO,19.60717,-103.96457,Rojo,1
OCLSP3880M1,RIO AYUQUILA ANTES CONFLUENCIA  TUXCACUESCO,JALISCO,19.60031,-103.97108,Amarillo,1
OCLSP3881M1,RIO AYUQUILA DESPUES CONFLUENCIA TUXCACUESCO,JALISCO,19.59968,-103.95763,Amarillo,1
OCLSP3882M1,RIO AYUQUILA TOLIMAN,JALISCO,19.57402,-103.9133,Rojo,1
OCLSP3883M1,RIO CIHUATLAN-MARABASCO PRESA DERIVADORA,JALISCO,19.25095,-104.53825,Amarillo,0
OCLSP3884M1,PUENTE RIO CIHUATLAN,JALISCO,19.2366,-104.5548,Amarillo,1
OCLSP3885M1,RIO CIHUATLAN-MARABASCO ANTES PIEDRA PINTADA,JALISCO,19.25604,-104.45934,Rojo,0
OCLSP3886M1,RIO CIHUATLAN-MARABASCO ABAJO CIHUATLAN,JALISCO,19.18618,-104.59277,Amarillo,0
OCLSP3887M1,PRESA EL NARANJO AGUAS ARRIBA,JALISCO,19.27259,-104.43809,Rojo,0
OCLSP3888M1,LAGUNA BARRA DE NAVIDAD 2,JALISCO,19.19339,-104.66664,Verde,0
OCLSP3889M1,LAGUNA BARRA DE NAVIDAD 1,JALISCO,19.18639,-104.66586,Verde,0
OCLSP3890M1,LAGUNA BARRA DE NAVIDAD 3,JALISCO,19.19125,-104.67437,Verde,0
OCLSP3891M1,LAGUNA BARRA DE NAVIDAD 4,JALISCO,19.19769,-104.68384,Verde,0
OCLSP3892M1,BAHIA MELAQUE 2,JALISCO,19.21438,-104.69447,Verde,0
OCLSP3893M1W1,"BAHIA MELAQUE 1, FRENTE A DESEMBOCADURA DEL RIO PEDREGAL",JALISCO,19.21918,-104.71352,Verde,0
OCLSP3894,ESTERO LA MANZANILLA 1,JALISCO,19.28637,-104.78812,Rojo,0
OCLSP3895W1,ESTERO LA MANZANILLA 2,JALISCO,19.2915,-104.78896,Rojo,0
OCLSP3896M1W1,PUENTE PURIFICACION (AGUAS ARRIBA DESEMBOCADURA AL MAR),JALISCO,19.35209,-104.88951,Amarillo,1
OCLSP3897,DESEMBOCADURA RIO PURIFICACION A PLAYA BOCA TECUAN,JALISCO,19.29858,-104.90677,Amarillo,0
OCLSP3898M1,RIO CUIXMALA PUENTE CARRETERA A VALLARTA,JALISCO,19.40617,-104.96184,Amarillo,1
OCLSP3902M1,PLAYA PUNTA PERULA 1,JALISCO,19.58307,-105.11912,Verde,0
OCLSP3903M1W1,DESEMBOCADURA DE ARROYO S/NOMBRE A PLAYA PUNTA PERULA 2,JALISCO,19.58433,-105.13443,Verde,0
OCLSP3904M1,RIO SAN NICOLAS PUENTE CARRETERA A PUERTO VALLARTA,JALISCO,19.65203,-105.18233,Rojo,1
OCLSP3905,DESEMBOCADURA RIO SAN NICOLAS A BAHIA LA ALAMANDAS,JALISCO,19.63908,-105.20924,Rojo,0
OCLSP3906W1,LAGUNA CHALACATEPEC 1,JALISCO,19.6479,-105.21404,Amarillo,0
OCLSP3907,LAGUNA CHALACATEPEC 2,JALISCO,19.66639,-105.2085,Amarillo,0
OCLSP3908,LAGUNA CHALACATEPEC 3,JALISCO,19.6708,-105.23915,Verde,0
OCLSP3912,LAGUNA LARGO4,JALISCO,19.73204,-105.2813,Verde,0
OCLSP3913,LAGUNA LARGO3,JALISCO,19.72879,-105.2913,Verde,0
OCLSP3915W1,ESTERO MAJAHUAS 1,JALISCO,19.8289,-105.35995,Amarillo,0
OCLSP3916W1,ESTERO MAJAHUAS 2,JALISCO,19.83668,-105.35808,Amarillo,0
OCLSP3917M1,RIO TOMATLAN ANTES DESEMBOCADURA AL MAR,JALISCO,19.84155,-105.36994,Amarillo,0
OCLSP3918W1,ESTERO MAJAHUAS 3,JALISCO,19.83975,-105.37252,Amarillo,0
OCLSP3919W1,ESTERO MAJAHUAS 5,JALISCO,19.84531,-105.37691,Amarillo,0
OCLSP3921W1,ESTERO EL CHORRO 1,JALISCO,19.88262,-105.40586,Verde,0
OCLSP3922W1,ESTERO EL CHORRO 2,JALISCO,19.89571,-105.3973,Verde,0
OCLSP3923W1,ESTERO EL CHORRO 3,JALISCO,19.90862,-105.39148,Verde,0
OCLSP3924M1,RIO TOMATLAN PUENTE CARRETERA A PUERTO VALLARTA,JALISCO,19.87708,-105.33659,Amarillo,0
OCLSP3925M1,RIO TOMATLAN DESPUES DE LA POBLACION DE TOMATLAN,JALISCO,19.91674,-105.3049,Amarillo,0
OCLSP3926M1,RIO TOMATLAN POBLACION DE TOMATLAN,JALISCO,19.94691,-105.25951,Rojo,0
OCLSP3927M1,RIO TOMATLAN ANTES DE LA POBLACION DE TOMATLAN,JALISCO,19.93238,-105.2271,Rojo,1
OCLSP3928M1,RIO TOMATLAN ABAJO PRESA CAJON DE PEÑAS,JALISCO,19.97025,-105.16228,Amarillo,2
OCLSP3929M1,PRESA CAJON DE PEÑAS CORTINA,JALISCO,19.99715,-105.12685,Verde,0
OCLSP3930,PRESA CAJON DE PEÑAS 1,JALISCO,20.00724,-105.14166,Verde,0
OCLSP3931,PRESA CAJON DE PEÑAS 2,JALISCO,20.02698,-105.13967,Verde,0
OCLSP3932M1,PRESA CAJON DE PEÑAS 3,JALISCO,20.00335,-105.11249,Verde,0
OCLSP3933M1,PRESA CAJON DE PEÑAS 5,JALISCO,20.0112,-105.08454,Verde,0
OCLSP3934M1,PRESA CAJON DE PEÑAS 4,JALISCO,20.01578,-105.12767,Verde,0
OCLSP3935M1,RIO TOMATLAN ANTES PRESA CAJON DE PEÑAS,JALISCO,20.06879,-105.04647,Amarillo,1
OCLSP3936M1W1,LAGUNA COSTERA EL ERMITAÑO 1,JALISCO,19.9735,-105.4674,Verde,0
OCLSP3937M1W1,LAGUNA COSTERA EL ERMITAÑO 2,JALISCO,19.99013,-105.48976,Amarillo,0
OCLSP3938M1,LAGUNA AGUA DULCE 3,JALISCO,20.03341,-105.50796,Verde,0
OCLSP3939M1,LAGUNA AGUA DULCE 2,JALISCO,20.04731,-105.51604,Verde,0
OCLSP3940M1,LAGUNA AGUA DULCE 1,JALISCO,20.06689,-105.52985,Verde,0
OCLSP3941M1,RIO SAN NICOLAS ENTRADA JOSE MARIA MORELOS,JALISCO,19.69275,-105.16204,Amarillo,1
OCLSP3942,DESEMBOCADURA RIO MARABASCO,JALISCO,19.15313,-104.5873,Rojo,0
OCLSP3943M1,RIO TUXPAN PUENTE CAMINO BUEN PAIS,JALISCO,19.34811,-103.48437,Amarillo,1
OCLSP3944M1,LAGUNA DE ZAPOTLAN 4,JALISCO,19.75806,-103.48062,Rojo,0
OCLSP3945M1,LAGUNA DE ZAPOTLAN 3,JALISCO,19.74108,-103.48045,Amarillo,0
OCLSP3946M1,RIO TUXPAN DESPUES EL PLATANAR,JALISCO,19.45609,-103.46293,Amarillo,1
OCLSP3947M1,RIO TUXPAN ARRIBA EL PLATANAR,JALISCO,19.50912,-103.44153,Amarillo,1
OCLSP3948M1,RIO TUXPAN PUENTE SAN RAFAEL,JALISCO,19.59828,-103.31684,Rojo,0
OCLSP3949M1,RIO TUXPAN ANTES DE ATENQUIQUE,JALISCO,19.52977,-103.42814,Rojo,1
OCLSP3950M1,"RIO TUXPAN PUENTE, CARRETERA TUXPAN-TECALITLAN",JALISCO,19.50753,-103.41239,Amarillo,0
OCLSP3951M1,RIO TUXPAN POBLACION TUXPAN,JALISCO,19.56079,-103.35418,Rojo,0
OCLSP3952M1,RIO TAMAZULA PUENTE CALLE ZARAGOZA,JALISCO,19.67758,-103.2465,Amarillo,1
OCLSP3953M1,RIO TAMAZULA DESPUES DE LA POBLACION,JALISCO,19.67851,-103.30197,Amarillo,0
OCLSP3954M1,RIO TAMAZULA ANTES DE LA POBLACION,JALISCO,19.6957,-103.23077,Amarillo,1
OCLSP3955,PRESA VISTA HERMOSA CORTINA,JALISCO,19.79872,-103.33909,Verde,0
OCLSP3956,PRESA VISTA HERMOSA CENTRO,JALISCO,19.80654,-103.33736,Verde,0
OCLSP3957,PRESA VISTA HERMOSA ENTRADA,JALISCO,19.81552,-103.33922,Verde,0
OCLSP3958,LAGUNA DE ZAPOTLAN 1,JALISCO,19.76959,-103.48205,Amarillo,0
OCLSP3959,LAGUNA DE ZAPOTLAN 2,JALISCO,19.76349,-103.49005,Rojo,0
OCLSP3960M1,PRESA LA YESCA I,JALISCO,21.20031,-104.09846,Amarillo,0
OCLSP3961M1,PRESA LA YESCA III,JALISCO,21.2013,-104.0542,Amarillo,0
OCLSP3962M1,PRESA LA YESCA II,JALISCO,21.18014,-104.07268,Amarillo,0
OCLSP3963,RIO BOLAÑOS PUENTE CHIMALTITAN,JALISCO,21.77506,-103.78463,Rojo,1
OCLSP3964M1,DESEMBOCADURA RIO MISMALOYA,JALISCO,20.53273,-105.29272,Verde,0
OCLSP3965M1,DESEMBOCADURA RIO NOGALITO,JALISCO,20.56565,-105.25514,Verde,0
OCLSP3968M1,DESEMBOCADURA BOCA DE TOMATLAN,JALISCO,20.51275,-105.3174,Verde,0
OCLSP3969M1,BAHIA YELAPA,JALISCO,20.4893,-105.44547,Verde,0
OCLSP3971M1,DESEMBOCADURA ESTERO EL SALADO,JALISCO,20.66114,-105.24369,Rojo,0
OCLSP3972M1,PUERTO VALLARTA 1,JALISCO,20.65047,-105.24452,Verde,0
OCLSP3973M1,DESEMBOCADURA RIO PITILLAL,JALISCO,20.64226,-105.24212,Rojo,0
OCLSP3974,PUERTO VALLARTA 3,JALISCO,20.63659,-105.2345,Verde,0
OCLSP3975,DESEMBOCADURA RIO VENA DE SANTA MARTHA,JALISCO,20.62845,-105.23305,Verde,0
OCLSP3976,PUERTO VALLARTA 4,JALISCO,20.61884,-105.23261,Verde,0
OCLSP3977M1,RIO MASCOTA ANTES CONFLUENCIA A RIO AMECA,JALISCO,20.72408,-105.22796,Amarillo,1
OCLSP3978M1,SEAPAL NORTE II AGUAS ABAJO,JALISCO,20.70421,-105.24779,Amarillo,1
OCLSP3979M1,RIO CUALE LA AGUACATERA,JALISCO,20.59345,-105.21734,Amarillo,1
OCLSP3980,PUERTO VALLARTA 5 (CONCHAS CHINAS),JALISCO,20.59111,-105.2452,Verde,0
OCLSP3981M1,PLAYA LAS GLORIAS MARGEN IZQUIERDA,JALISCO,20.63464,-105.23373,Verde,0
OCLSP3982M1,PLAYA DE LOS MUERTOS,JALISCO,20.60365,-105.23904,Rojo,0
OCNOR3985,AGUA PRIETA DOUGLAS,SONORA,31.33398,-109.57592,Verde,0
OCNOR3988,SONORA 6,SONORA,30.9481,-110.19079,Verde,1
OCNOR3989,CANANEA,SONORA,30.99713,-110.28877,Rojo,0
OCNOR3990,AGUA CALIENTE DE ACONCHI,SONORA,29.84478,-110.27754,Verde,1
OCNOR3991,DERIVADORA DE HUASABAS,SONORA,29.94885,-109.2932,Verde,1
OCNOR3997,SANTA CRUZ,SONORA,31.17829,-110.60928,Verde,1
OCNOR4017,EL GAVILAN,SONORA,29.32107,-110.54156,Amarillo,1
OCNOR4019,RIO SONORA 3,SONORA,29.53502,-110.12087,Amarillo,1
OCNOR4020,BAVIACORA,SONORA,29.72369,-110.17441,Amarillo,1
OCNOR4022,RIO SONORA 4,SONORA,29.8244,-110.23701,Amarillo,1
OCNOR4026,RIO BACANUCHI,SONORA,30.36813,-110.15751,Verde,1
OCNOR4028,BACOACHI,SONORA,30.6348,-109.97,Amarillo,1
OCNOR4031,TERRENATE,SONORA,30.72614,-110.91647,Amarillo,1
OCNOR4043,EFLUENTE DE LA PRESA EL MOLINITO,SONORA,29.20995,-110.73151,Amarillo,0
OCNOR4044M1,PRESA EL MOLINITO FRENTE A CORTINA,SONORA,29.21483,-110.72537,Verde,0
OCNOR4046,SAHUARIPA,SONORA,29.04988,-109.2291,Amarillo,1
OCNOR4049,RIO YAQUI 7,SONORA,28.75234,-109.626,Amarillo,1
OCNOR4050,RIO YAQUI 8,SONORA,28.46285,-109.53622,Amarillo,1
OCNOR4051,NOVILLO,SONORA,28.94986,-109.63914,Amarillo,0
OCNOR4052W1,PRESA EL NOVILLO,SONORA,28.97992,-109.63042,Verde,0
OCNOR4053,RIO YAQUI 9,SONORA,28.6304,-109.60794,Amarillo,1
OCNOR4054,PRESA EL NOVILLO 5,SONORA,28.98886,-109.64823,Amarillo,0
OCNOR4055,PRESA EL NOVILLO 1,SONORA,29.00928,-109.66576,Amarillo,0
OCNOR4056,PRESA EL NOVILLO 4,SONORA,29.01551,-109.65536,Amarillo,0
OCNOR4057,PRESA EL NOVILLO 2,SONORA,29.02708,-109.6645,Amarillo,0
OCNOR4058,PRESA EL NOVILLO 3,SONORA,29.04688,-109.663,Amarillo,0
OCNOR4059,RIO YAQUI 10,SONORA,29.1877,-109.27959,Verde,1
OCNOR4060,SAHUARIPA VADO ONAPA,SONORA,28.82089,-109.17471,Verde,1
OCNOR4061,TONICHI RIO,SONORA,28.57261,-109.55334,Amarillo,1
OCNOR4064,JECORI,SONORA,29.9332,-109.73674,Amarillo,1
OCNOR4065,NACOZARI,SONORA,30.35128,-109.68685,Rojo,0
OCNOR4066,PRESA ANGOSTURA 3,SONORA,30.43956,-109.37946,Amarillo,0
OCNOR4067,PRESA ANGOSTURA 2,SONORA,30.45436,-109.37775,Amarillo,0
OCNOR4068,PRESA ANGOSTURA 5,SONORA,30.47824,-109.36581,Amarillo,0
OCNOR4069,PRESA ANGOSTURA 4,SONORA,30.54864,-109.36624,Amarillo,0
OCNOR4070,PRESA ANGOSTURA 1,SONORA,30.56758,-109.38124,Amarillo,0
OCNOR4073,"ESTERO LA CRUZ BAHIA DE KINO  SEG33, 4 ISA10B",SONORA,28.79942,-111.91142,Verde,0
OCNOR4074,"ESTERO DE LA CRUZ BAHIA DE KINO SEG33, 3 ISA10B",SONORA,28.79781,-111.9155,Verde,0
OCNOR4075,"ESTERO DE LA CRUZ BAHIA DE KINO  SEG33, 2 ISA10B",SONORA,28.79376,-111.89335,Verde,0
OCNOR4076,"ESTERO DE LA CRUZ BAHIA DE KINO SEG33, 1 ISA10B",SONORA,28.80502,-111.92408,Verde,0
OCNOR4079,ECOSISTEMA ARROYO VERDE APFF SIERRA DE ALAMOS RIO CUCHUJAQUI 2,SONORA,26.9418,-108.88502,Rojo,1
OCNOR4084,HUMEDALES DE YAVAROS-MORONCARIT 4,SONORA,26.71182,-109.44162,Verde,0
OCNOR4085,HUMEDALES DE YAVAROS-MORONCARIT 1,SONORA,26.68074,-109.43602,Verde,0
OCNOR4086,HUMEDALES DE YAVAROS-MORONCARIT 2,SONORA,26.68198,-109.49041,Verde,0
OCNOR4087,LAGUNA YAVAROS 2,SONORA,26.70578,-109.51184,Verde,0
OCNOR4088,LAGUNA YAVAROS 3,SONORA,26.69173,-109.53416,Verde,0
OCNOR4091W1,HUMEDALES DE YAVAROS-MORONCARIT 6,SONORA,26.72269,-109.598,Verde,0
OCNOR4092W1,CERO,SONORA,26.72631,-109.61345,Rojo,1
OCNOR4093W1,HUMEDALES DE YAVAROS-MORONCARIT 3,SONORA,26.70207,-109.57776,Verde,0
OCNOR4095,HUMEDALES DE YAVAROS-MORONCARIT 7,SONORA,26.73913,-109.48377,Amarillo,0
OCNOR4096,DREN YAVAROS,SONORA,26.81161,-109.53625,Rojo,0
OCNOR4097,HUATABAMPO,SONORA,26.80954,-109.65714,Rojo,0
OCNOR4098,RH9-1 SONORA SUR,SONORA,26.77875,-109.6817,Amarillo,0
OCNOR4099W1,RIO MAYO 1,SONORA,26.73923,-109.7828,Amarillo,0
OCNOR4100,DESEMBOCADURA RIO MAYO,SONORA,26.7314,-109.79384,Verde,0
OCNOR4104,SAUCOBE,SONORA,26.95206,-109.49747,Rojo,2
OCNOR4106,"PROVEEDORA DE SERVICIOS DEL PARQUE INDUSTRIAL DE NAVOJOA, S.A. DE C.V.  (AGUAS ABAJO)",SONORA,26.99014,-109.43083,Rojo,0
OCNOR4108,DREN AGRICOLA LAS ANIMAS,SONORA,27.02465,-109.43403,Rojo,2
OCNOR4111,CANAL PRINCIPAL MARGEN IZQUIERDA,SONORA,27.119,-109.39966,Amarillo,1
OCNOR4112,RIO MAYO 5,SONORA,27.17046,-109.36616,Amarillo,1
OCNOR4113,RIO MAYO 3,SONORA,27.0742,-109.50228,Amarillo,2
OCNOR4117,COLECTOR 1,SONORA,27.31769,-110.1579,Rojo,0
OCNOR4118,DREN COLECTOR NO. 3,SONORA,27.33625,-110.21566,Rojo,2
OCNOR4119,COLECTOR PRINCIPAL  No. 2,SONORA,27.40959,-110.34248,Amarillo,0
OCNOR4120,COMPLEJO LAGUNAR BAHIA GUASIMAS-ESTERO LOBOS 1,SONORA,27.2992,-110.42366,Amarillo,0
OCNOR4121,BAHIA DE LOBOS 2,SONORA,27.34069,-110.48183,Verde,0
OCNOR4122,BAHIA DE LOBOS 3,SONORA,27.30176,-110.52707,Verde,0
OCNOR4123,BAHIA DE LOBOS 4,SONORA,27.38147,-110.5514,Verde,0
OCNOR4124,BAHIA DE LOBOS 1,SONORA,27.42261,-110.58685,Amarillo,0
OCNOR4125,COMPLEJO LAGUNAR BAHIA GUASIMAS-ESTERO LOBOS 3,SONORA,27.52822,-110.57856,Verde,0
OCNOR4127,DESEMBOCADURA RIO YAQUI,SONORA,27.65078,-110.60887,Verde,0
OCNOR4128,RIO YAQUI 3,SONORA,27.64876,-110.61094,Verde,0
OCNOR4133,SUR (SONORA)  (A) AGUAS ABAJO,SONORA,27.42778,-109.97386,Rojo,2
OCNOR4134,NORTE (SONORA)  (A) AGUAS ARRIBA,SONORA,27.51783,-109.96913,Amarillo,0
OCNOR4135,NORTE (SONORA)  (A) AGUAS ABAJO,SONORA,27.51901,-109.97482,Rojo,0
OCNOR4138,CANAL PRINCIPAL BAJO,SONORA,27.56174,-109.92872,Amarillo,1
OCNOR4139,PUENTE CARRETERA INTERNACIONAL,SONORA,27.5951,-109.93034,Verde,0
OCNOR4140,CALLE 300,SONORA,27.46438,-109.91013,Rojo,2
OCNOR4142,"CERVECERIA MODELO DEL NOROESTE, S.A. DE C.V. (AGUAS ABAJO)",SONORA,27.45922,-109.89342,Amarillo,1
OCNOR4146,PRESA ALVARO OBREGON 4,SONORA,27.99348,-109.79037,Amarillo,0
OCNOR4147,PRESA ALVARO OBREGON 1,SONORA,27.93124,-109.90584,Verde,0
OCNOR4148,PRESA ALVARO OBREGON 3,SONORA,27.86251,-109.8773,Amarillo,0
OCNOR4149,PRESA ALVARO OBREGON 2,SONORA,27.82197,-109.8864,Amarillo,0
OCNOR4151,RIO YAQUI 4,SONORA,28.13824,-109.86339,Amarillo,1
OCNOR4152,PRESA PUNTA DE AGUA,SONORA,28.42906,-110.39733,Amarillo,0
OCNOR4157,"EMPALME GUAYMAS SEG 34, 2 ISA8A",SONORA,27.96562,-110.82939,Verde,0
OCNOR4158,"EMPALME GUAYMAS SEG 34, 3 ISA8A",SONORA,27.95772,-110.82995,Verde,0
OCNOR4159,"EMPALME GUAYMAS SEG 34, 4 ISA8A",SONORA,27.95027,-110.82397,Verde,0
OCNOR4160,"EMPALME GUAYMAS SEG 34, 1 ISA8A",SONORA,27.96257,-110.85173,Verde,0
OCNOR4161,GUAYMAS 1,SONORA,27.93885,-110.85942,Verde,0
OCNOR4162,GUAYMAS 2,SONORA,27.92073,-110.88846,Verde,0
OCNOR4163,GUAYMAS 3,SONORA,27.91478,-110.88957,Verde,0
OCNOR4164,GUAYMAS 4,SONORA,27.90161,-110.90126,Verde,0
OCNOR4166,"INDUSTRIAL PESQUERA HERAS, S.A. DE C.V. (AGUAS ARRIBA)",SONORA,27.87997,-110.86884,Amarillo,0
OCNOR4167,"INDUSTRIAL PESQUERA HERAS, S.A. DE C.V. (AGUAS ABAJO)",SONORA,27.8802,-110.86709,Verde,0
OCNOR4169,ESTERO EL SOLDADO 3,SONORA,27.97189,-110.97128,Amarillo,0
OCNOR4170W1,ESTERO DEL SOLDADO,SONORA,27.97831,-110.97222,Rojo,0
OCNOR4171W1,ESTERO EL SOLDADO 2,SONORA,27.9645,-110.97787,Verde,0
OCNOR4172,ESTERO EL SOLDADO 1,SONORA,27.95412,-110.9772,Verde,0
OCNOR4182,"LAS GUASIMAS SEG 35, 1 ISA9",SONORA,27.88698,-110.60576,Verde,0
OCNOR4183,"LAS GUASIMAS SEG35, 2 ISA9",SONORA,27.88197,-110.58248,Verde,0
OCNOR4184,"LAS GUASIMAS SEG 35, 3 ISA9",SONORA,27.84876,-110.52744,Amarillo,0
OCNOR4185,PRESA ADOLFO RUIZ CORTINES 1,SONORA,27.326,-109.14266,Verde,0
OCNOR4186,PRESA ADOLFO RUIZ CORTINES 2,SONORA,27.22594,-109.10395,Amarillo,0
OCNOR4187,PRESA ADOLFO RUIZ CORTINES 3,SONORA,27.20843,-109.03323,Amarillo,0
OCNOR4189,RIO MAYO 8,SONORA,27.351,-108.92372,Amarillo,1
OCNOR4190,RIO MAYO 9,SONORA,27.37488,-108.90729,Amarillo,1
OCNOR4191,RIO MAYO 7,SONORA,27.20406,-109.18935,Amarillo,1
OCNOR4195,SISTEMA LAGUNAR AGIABAMPO 6,SONORA,26.40326,-109.20165,Verde,0
OCNOR4196,SISTEMA LAGUNAR AGIABAMPO 5,SONORA,26.39273,-109.18453,Verde,0
OCNOR4197,SISTEMA LAGUNAR AGIABAMPO-BACREHUIS-RIO FUERTE ANTIGUO 2,SONORA,26.36729,-109.20431,Verde,0
OCNOR4198,SISTEMA LAGUNAR AGIABAMPO-BACREHUIS-RIO FUERTE ANTIGUO 4,SONORA,26.32015,-109.26033,Verde,0
OCNOR4199,SISTEMA LAGUNAR AGIABAMPO-BACREHUIS-RIO FUERTE ANTIGUO 1,SONORA,26.32886,-109.16325,Verde,0
OCNOR4201W1,SISTEMA LAGUNAR AGIABAMPO-BACREHUIS-RIO FUERTE ANTIGUO 5,SONORA,26.35449,-109.12273,Amarillo,0
OCNOR4202W1,SISTEMA LAGUNAR AGIABAMPO 4,SONORA,26.30426,-109.12356,Amarillo,0
OCNOR4204,HUMEDAL DE LA BAHIA DE ADAIR 3,SONORA,31.60139,-113.89639,Verde,0
OCNOR4206,"SEGMENTO 31, 1 ISA10D",SONORA,31.40611,-113.62256,Verde,0
OCNOR4207,"SEGMENTO 31, 2 ISA10D",SONORA,31.39348,-113.63483,Verde,0
OCNOR4208,HUMEDAL DE LA BAHIA ADAIR 1,SONORA,31.34243,-113.6112,Verde,0
OCNOR4209,PUERTO PEÑASCO 2,SONORA,31.30738,-113.54481,Verde,0
OCNOR4215,HUMEDALES DE BAHIA SAN JORGE 3,SONORA,31.18611,-113.11061,Verde,0
OCNOR4216,HUMEDALES DE BAHIA SAN JORGE 2,SONORA,31.14528,-113.09333,Verde,0
OCNOR4217,HUMEDALES DE BAHIA SAN JORGE 1,SONORA,31.05528,-113.11583,Verde,0
OCNOR6513,BOQUILLA OREGANO,SONORA,29.22709,-110.70955,Rojo,0
OCNOR6514,MOLINITO OBRA DE TOMA,SONORA,29.21414,-110.72617,Amarillo,0
OCNOR6515,HACIA EL ACUEDUCTO,SONORA,29.21265,-110.72855,Verde,1
OCPBC4232,RIO TIJUANA,BAJA CALIFORNIA,32.53856,-117.03222,Rojo,2
OCPBC4233,RIO TIJUANA 4,BAJA CALIFORNIA,32.51592,-116.97939,Rojo,2
OCPBC4234,ARROYO ALAMAR 3,BAJA CALIFORNIA,32.51514,-116.97033,Rojo,0
OCPBC4235,RIO TIJUANA 3,BAJA CALIFORNIA,32.51422,-116.96864,Rojo,2
OCPBC4236,RIO TIJUANA 2,BAJA CALIFORNIA,32.47398,-116.92799,Rojo,2
OCPBC4237,RIO TIJUANA 1,BAJA CALIFORNIA,32.45417,-116.90597,Rojo,2
OCPBC4238,PRESA ABELARDO L. RODRIGUEZ,BAJA CALIFORNIA,32.44389,-116.90911,Rojo,0
OCPBC4239,PRESA ABELARDO L. RODRIGUEZ 3,BAJA CALIFORNIA,32.43822,-116.91139,Rojo,0
OCPBC4240,PRESA ABELARDO L. RODRIGUEZ 1,BAJA CALIFORNIA,32.43858,-116.90575,Rojo,0
OCPBC4241,PRESA ABELARDO L. RODRIGUEZ 2,BAJA CALIFORNIA,32.43717,-116.89878,Rojo,0
OCPBC4242,ARROYO CONFLUENCIA CON ARROYO EL FLORIDO,BAJA CALIFORNIA,32.449,-116.87906,Rojo,1
OCPBC4243,DESCARGA DEL ACUEDUCTO RIO COLORADO TIJUANA-POTABILIZADORA EL FLORIDO,BAJA CALIFORNIA,32.46807,-116.82751,Verde,0
OCPBC4255,PRESA EL CARRIZO,BAJA CALIFORNIA,32.4799,-116.69721,Verde,0
OCPBC4256,PRESA EL CARRIZO 5,BAJA CALIFORNIA,32.47754,-116.68671,Verde,0
OCPBC4257,PRESA EL CARRIZO 4,BAJA CALIFORNIA,32.47748,-116.6762,Verde,0
OCPBC4258,PRESA EL CARRIZO 2,BAJA CALIFORNIA,32.4856,-116.67834,Verde,0
OCPBC4259,PRESA EL CARRIZO 3,BAJA CALIFORNIA,32.48828,-116.69085,Verde,0
OCPBC4260,RIO TECATE,BAJA CALIFORNIA,32.54669,-116.67386,Rojo,0
OCPBC4261,RIO TECATE 2,BAJA CALIFORNIA,32.55244,-116.65097,Rojo,0
OCPBC4265,ARROYO ALAMAR 1,BAJA CALIFORNIA,32.51555,-116.9258,Rojo,2
OCPBC4266M1,CANAL ALIMENTADOR DE LA LAGUNA SALADA,BAJA CALIFORNIA,31.97128,-115.21853,Rojo,0
OCPBC4268,ARROYO ROSARITO,BAJA CALIFORNIA,32.3701,-116.945,Rojo,2
OCPBC4269,PLAYA ROSARITO3,BAJA CALIFORNIA,32.33027,-117.05494,Verde,0
OCPBC4270,ROSARITO I,BAJA CALIFORNIA,32.33556,-117.05783,Verde,0
OCPBC4271,PLAYA ROSARITO2 DESEMBOCADURA RIO EL AGUAJITO,BAJA CALIFORNIA,32.34633,-117.06534,Verde,0
OCPBC4272,PLAYA FRENTE A PEMEX,BAJA CALIFORNIA,32.36836,-117.07834,Verde,0
OCPBC4273,DESEMBOCADURA ARROYO SECO 2- A  PLAYA ROSARITO,BAJA CALIFORNIA,32.37621,-117.07772,Verde,0
OCPBC4274,DESEMBOCADURA ARROYO SECO 1 - A PLAYA ROSARITO,BAJA CALIFORNIA,32.38137,-117.08115,Verde,0
OCPBC4275,TIJUANA III,BAJA CALIFORNIA,32.42058,-117.09717,Verde,0
OCPBC4276,PLAYA FRENTE A ARROYO SAN ANTONIO DE LOS BUENOS,BAJA CALIFORNIA,32.44614,-117.10789,Rojo,0
OCPBC4277,ARROYO SAN ANTONIO DE LOS BUENOS,BAJA CALIFORNIA,32.44673,-117.10715,Rojo,1
OCPBC4279,TIJUANA I,BAJA CALIFORNIA,32.53386,-117.12403,Verde,0
OCPBC4280,POPOTLA,BAJA CALIFORNIA,32.28156,-117.03378,Verde,0
OCPBC4282,FRENTE A DESCARGA ARROYO EL MORRO,BAJA CALIFORNIA,32.26133,-116.99074,Verde,0
OCPBC4283,PUERTO NUEVO,BAJA CALIFORNIA,32.24181,-116.93522,Verde,0
OCPBC4285,LA MISION,BAJA CALIFORNIA,32.09294,-116.88392,Verde,0
OCPBC4286W1,HUMEDALES ARROYO LA MISION 1,BAJA CALIFORNIA,32.0938,-116.87736,Verde,0
OCPBC4288,"SAL SI PUEDES, ENSENADA SEG2 ISA8A",BAJA CALIFORNIA,31.97804,-116.79167,Verde,0
OCPBC4289,CARRETERA ESCENICA RUMBO A ENSENADA SEG3 ISA8A,BAJA CALIFORNIA,31.95552,-116.75939,Verde,0
OCPBC4290,"PLAYA PARA ACAMPAR SEG3, 1 ISA8A",BAJA CALIFORNIA,31.92794,-116.75532,Verde,0
OCPBC4291,"DESEMBOCADURA RIO SAN ANTONIO SEG 3,2 ISA8A",BAJA CALIFORNIA,31.90145,-116.73183,Verde,0
OCPBC4292,FRENTE A DESCARGA ARROYO EL GALLO,BAJA CALIFORNIA,31.84275,-116.61433,Verde,0
OCPBC4294,PRESA EMILIO LOPEZ ZAMORA,BAJA CALIFORNIA,31.89064,-116.60248,Rojo,0
OCPBC4295,PRESA EMILIO LOPEZ ZAMORA 1,BAJA CALIFORNIA,31.89566,-116.59796,Rojo,0
OCPBC4296M1,PRESA DERIVADORA MORELOS,BAJA CALIFORNIA,32.7065,-114.72834,Verde,0
OCPBC4297,PTAR NOROESTE AGUAS ABAJO,BAJA CALIFORNIA,31.90947,-116.60351,Rojo,0
OCPBC4298W1,ARROYO EL DESCANSO,BAJA CALIFORNIA,32.20291,-116.91131,Verde,0
OCPBC4299,FRENTE A COSTA AZUL,BAJA CALIFORNIA,31.98592,-116.84742,Verde,0
OCPBC4300,"PLAYA ENSENADASEG 4, 2",BAJA CALIFORNIA,31.82489,-116.60944,Verde,0
OCPBC4301,HUMEDAL LA LAGUNITA,BAJA CALIFORNIA,31.81636,-116.60622,Rojo,0
OCPBC4303,"PLAYA ENSENADASEG 4, 4 ISA10A",BAJA CALIFORNIA,31.75622,-116.63133,Verde,0
OCPBC4306,"PLAYA ENSENADA SEG4, 5 ISA10A",BAJA CALIFORNIA,31.7355,-116.64228,Verde,0
OCPBC4312M1,LAS AURAS 1,BAJA CALIFORNIA,32.54239,-116.52691,Verde,0
OCPBC4313M1,LAS AURAS 2,BAJA CALIFORNIA,32.54418,-116.53257,Verde,0
OCPBC4319,"BAHIA SOLEDAD SEG5, 1 ISA10A",BAJA CALIFORNIA,31.58742,-116.65077,Verde,0
OCPBC4320,"JUNTO A BAHIA SOLEDAD  SEG5, 2 ISA 10A",BAJA CALIFORNIA,31.56969,-116.69014,Verde,0
OCPBC4321,PUNTA CHINA SEG 6 ISA8A,BAJA CALIFORNIA,31.51754,-116.64582,Verde,0
OCPBC4322,"PUNTA CABRAS SEG 7, 1 ISA8A",BAJA CALIFORNIA,31.33028,-116.45328,Verde,0
OCPBC4326,SEGMENTO 9 ISA8A,BAJA CALIFORNIA,30.96753,-116.33612,Verde,0
OCPBC4327,SEGMENTO 10 ISA8A,BAJA CALIFORNIA,30.87794,-116.19053,Verde,0
OCPBC4337,"BAHIA SAN QUINTIN SEG 13, 2 ISA10A",BAJA CALIFORNIA,30.46733,-115.96784,Verde,0
OCPBC4338,BAHIA DE SAN QUINTIN 3,BAJA CALIFORNIA,30.48682,-115.98071,Verde,0
OCPBC4339,"FRENTE A MUELLE SAN QUINTIN SEG13, 1 ISA10A",BAJA CALIFORNIA,30.49795,-115.99396,Verde,0
OCPBC4340,BAHIA DE SAN QUINTIN 2,BAJA CALIFORNIA,30.44502,-116.01625,Verde,0
OCPBC4341,BAHIA DE SAN QUINTIN SEG12 ISA8A,BAJA CALIFORNIA,30.4097,-116.014,Verde,0
OCPBC4342,BAHIA DE SAN QUINTIN 1,BAJA CALIFORNIA,30.39764,-115.99337,Verde,0
OCPBC4343,SEGMENTO 14 ISA8A,BAJA CALIFORNIA,29.75346,-115.69627,Verde,0
OCPBC4344,MARINA RESORTS,BAJA CALIFORNIA,30.98789,-114.82356,Verde,0
OCPBC4345,MALECON,BAJA CALIFORNIA,31.02247,-114.8325,Verde,0
OCPBC4346,CAMPO RUBEN´S,BAJA CALIFORNIA,31.03381,-114.82694,Rojo,0
OCPBC4347,ACUEDUCTO MORELOS-TANQUES MORELOS,BAJA CALIFORNIA,31.889,-116.63462,Verde,0
OCPBC4348,ARROYO ALAMAR 2,BAJA CALIFORNIA,32.52869,-116.89894,Rojo,2
OCPBC4349,BUROCRATAS,BAJA CALIFORNIA,31.16472,-114.89044,Verde,0
OCPBC4350M1,DREN RAMAL IZQUIERDO 7+100,BAJA CALIFORNIA,32.65861,-115.57589,Rojo,1
OCPBC4351,PRESA EL CARRIZO 1,BAJA CALIFORNIA,32.4811,-116.68552,Verde,0
OCPBC4352,"GOLFO DE SANTA CLARA SEG 30, 2 ISA10D",SONORA,31.67583,-114.49097,Verde,0
OCPBC4353,"GOLFO DE SANTA CLARA SEG30, 1 ISA10D",SONORA,31.68148,-114.4969,Verde,0
OCPBC4355,SISTEMA DE HUMEDALES REMANENTES DEL DELTA DEL RIO COLORADO 1,SONORA,31.94718,-114.74881,Verde,0
OCPBC4357,SISTEMA DE HUMEDALES REMANENTES DEL DELTA DEL RIO COLORADO 5,SONORA,32.03917,-114.89444,Verde,0
OCPBC4358,SISTEMA DE HUMEDALES REMANENTES DEL DELTA DEL RIO COLORADO 6,SONORA,32.03556,-114.89722,Verde,0
OCPBC4359,SISTEMA DE HUMEDALES REMANENTES DEL DELTA DEL RIO COLORADO 7,SONORA,32.03738,-114.90349,Verde,0
OCPBC4360,SISTEMA DE HUMEDALES REMANENTES DEL DELTA DEL RIO COLORADO 4,SONORA,32.05747,-114.89939,Verde,1
OCPBC4361,SISTEMA DE HUMEDALES REMANENTES DEL DELTA DEL RIO COLORADO 3,SONORA,32.11144,-114.95626,Verde,0
OCPBC4369,CANAL SANCHEZ MEJORADA,SONORA,32.4875,-114.79083,Verde,0
OCPBC4370,CANAL SANCHEZ TABOADA,SONORA,32.49333,-114.81194,Verde,1
OCPBC4373M1,RIO TIJUANA (LIMITE INTERNACIONAL),BAJA CALIFORNIA,32.54137,-117.03727,Rojo,2
OCPBC4375,PRESA DERIVADORA MORELOS,BAJA CALIFORNIA,32.70583,-114.73056,Verde,0
OCPBC4378,SISTEMA DE HUMEDALES REMANENTES DEL DELTA DEL RIO COLORADO 10,BAJA CALIFORNIA,32.2041,-115.10956,Verde,0
OCPBC4379,SISTEMA DE HUMEDALES REMANENTES DEL DELTA DEL RIO COLORADO 9,BAJA CALIFORNIA,32.22058,-115.05289,Verde,0
OCPBC4380,SISTEMA DE HUMEDALES REMANENTES DEL DELTA DEL RIO COLORADO 8,BAJA CALIFORNIA,32.23261,-115.05239,Verde,0
OCPBC4381,RIO COLORADO-YURIMURY,BAJA CALIFORNIA,32.03869,-115.20758,Rojo,0
OCPBC4382,DESCARGA RIO HARDY (RIO COLORADO),BAJA CALIFORNIA,32.155,-115.27875,Rojo,0
OCPBC4383,RIO COLORADO 12,BAJA CALIFORNIA,32.17919,-115.21861,Rojo,0
OCPBC4384,RIO COLORADO 14,BAJA CALIFORNIA,32.23919,-115.19603,Verde,1
OCPBC4385,RIO HARDY CRUCE CARRETERA CAMPO LA MARIANA,BAJA CALIFORNIA,32.22721,-115.28789,Rojo,1
OCPBC4393,RIO NUEVO 1,BAJA CALIFORNIA,32.53528,-115.45033,Amarillo,1
OCPBC4396,DREN COLECTOR DEL NORTE,BAJA CALIFORNIA,32.57353,-115.42747,Rojo,0
OCPBC4399W1,LAGUNA XOCHIMILCO,BAJA CALIFORNIA,32.60486,-115.4474,Rojo,0
OCPBC4400,DREN MEXICALI (RIO NUEVO),BAJA CALIFORNIA,32.60576,-115.44519,Rojo,0
OCPBC4407,SALIDA LAGUNA MEXICO,BAJA CALIFORNIA,32.59525,-115.46003,Amarillo,0
OCPBC4410,DREN XOCHIMILCO,BAJA CALIFORNIA,32.57276,-115.46024,Rojo,1
OCPBC4423,PUENTE MADERO (RIO NUEVO),BAJA CALIFORNIA,32.66399,-115.49845,Amarillo,2
OCPBC4424,DREN INTERNACIONAL RIO NUEVO,BAJA CALIFORNIA,32.6645,-115.50003,Rojo,0
OCPBC4425,RIO NUEVO (LIMITE INTERNACIONAL),BAJA CALIFORNIA,32.66608,-115.5031,Rojo,1
OCPBC4427,"ENERGIA DE BAJA CALIFORNIA, S. DE R. L. DE C.V. (AGUAS ARRIBA)",BAJA CALIFORNIA,32.60491,-115.6218,Rojo,0
OCPBC4428,"ENERGIA DE BAJA CALIFORNIA, S. DE R. L. DE C.V. (AGUAS ABAJO)",BAJA CALIFORNIA,32.60502,-115.62354,Rojo,0
OCPBC4430,"SUKARNE PRODUCCION, S.A. DE C.V. (AGUAS ARRIBA)",BAJA CALIFORNIA,32.60497,-115.64142,Rojo,0
OCPBC4431,"SUKARNE PRODUCCION, S.A. DE C.V. (AGUAS ABAJO)",BAJA CALIFORNIA,32.60506,-115.64236,Rojo,0
OCPBC4433,CANAL ALIMENTADOR DEL AC. RIO COLORADO-TIJUANA,BAJA CALIFORNIA,32.60491,-115.65023,Verde,1
OCPBC4436M1,SISTEMA DE HUMEDALES REMANENTES DEL DELTA DEL RIO COLORADO 11,BAJA CALIFORNIA,32.61508,-115.1996,Amarillo,0
OCPBC4437M1,SISTEMA DE HUMEDALES REMANENTES DEL DELTA RIO COLORADO 13,BAJA CALIFORNIA,32.40585,-115.32828,Rojo,0
OCPBC4438,EL SAUZAL,BAJA CALIFORNIA,31.8927,-116.7062,Verde,0
OCPBC4439,PLAYA NORTE,BAJA CALIFORNIA,32.35939,-117.06952,Verde,0
OCPBC4442,CORREDOR COSTERO LA ASAMBLEA - SAN FRANCISQUITO 3,BAJA CALIFORNIA,29.0106,-113.54514,Verde,0
OCPBC4443,CORREDOR COSTERO LA ASAMBLEA - SAN FRANCISQUITO 2,BAJA CALIFORNIA,28.91159,-113.50349,Verde,0
OCPBC4444,CORREDOR COSTERO LA ASAMBLEA - SAN FRANCISQUITO 4,BAJA CALIFORNIA,28.91827,-113.38628,Verde,0
OCPNO4445,CULIACAN NORTE  (A) AGUAS ARRIBA,SINALOA,24.82585,-107.50997,Amarillo,1
OCPNO4446,CULIACAN NORTE  (A) AGUAS ABAJO,SINALOA,24.8217,-107.52932,Rojo,2
OCPNO4448,PUENTE NEGRO,SINALOA,24.80935,-107.41251,Amarillo,1
OCPNO4449M1,RIO CULIACAN 5,SINALOA,24.8054,-107.40774,Amarillo,2
OCPNO4450,RIO TAMAZULA 1,SINALOA,24.81233,-107.40237,Amarillo,0
OCPNO4451,RIO TAMAZULA PUENTE MORELOS,SINALOA,24.81271,-107.391,Amarillo,0
OCPNO4452,RIO TAMAZULA PUENTE JUAREZ,SINALOA,24.81912,-107.38099,Amarillo,0
OCPNO4453,RIO TAMAZULA 2,SINALOA,24.81074,-107.32621,Amarillo,1
OCPNO4455,RIO CULIACAN PUENTE USE,SINALOA,24.79331,-107.44814,Verde,1
OCPNO4456,RIO CULIACAN 4,SINALOA,24.7901,-107.48228,Amarillo,1
OCPNO4457,PUENTE EL FERROCARRIL (CULIACANCITO),SINALOA,24.81976,-107.53582,Rojo,2
OCPNO4458,PUENTE EL PINOLE,SINALOA,24.82238,-107.564,Rojo,2
OCPNO4459,SAN PEDRO,SINALOA,24.78496,-107.55836,Amarillo,1
OCPNO4464M1,RIO CULIACAN LA PIPIMA,SINALOA,24.69182,-107.69964,Amarillo,0
OCPNO4466,PUENTE LIMONCITO,SINALOA,24.75625,-107.73146,Amarillo,0
OCPNO4467M1,RH10-2 SINALOA,SINALOA,24.62845,-107.6608,Verde,0
OCPNO4468,RIO CULIACAN 2,SINALOA,24.5316,-107.70863,Verde,0
OCPNO4469,RIO CULIACAN 1,SINALOA,24.49616,-107.73111,Verde,0
OCPNO4470,"BAHIA DE ALTATA SEG 37, 1 ISA10B",SINALOA,24.48918,-107.72367,Verde,0
OCPNO4471,ENSENADA PABELLONES 3,SINALOA,24.49664,-107.77221,Verde,0
OCPNO4472,BAHIA DE ALTATA SALIDA,SINALOA,24.52105,-107.8159,Verde,0
OCPNO4473,ENSENADA PABELLONES 2,SINALOA,24.46773,-107.62859,Verde,0
OCPNO4474,"NAVOLATO SEG 37, 2 ISA10B",SINALOA,24.49834,-107.59052,Verde,0
OCPNO4475,LAGUNA CAIMANERO,SINALOA,24.61106,-107.61197,Rojo,0
OCPNO4476,"KYARA, S.A. DE C.V. (AGUAS ARRIBA)",SINALOA,24.71012,-107.41465,Verde,1
OCPNO4477,"KYARA, S.A. DE C.V. (AGUAS ABAJO)",SINALOA,24.70513,-107.4192,Rojo,2
OCPNO4478,RIO TAMAZULA 3,SINALOA,24.85035,-107.29765,Amarillo,1
OCPNO4479,PRESA SANALONA 3,SINALOA,24.83191,-107.13645,Verde,0
OCPNO4480,PRESA SANALONA 4,SINALOA,24.82428,-107.12249,Verde,0
OCPNO4481,PRESA SANALONA 6,SINALOA,24.83925,-107.1078,Verde,0
OCPNO4482,PRESA SANALONA 7,SINALOA,24.8235,-107.11535,Rojo,0
OCPNO4483,PRESA SANALONA 1,SINALOA,24.82063,-107.13805,Verde,0
OCPNO4484,RIO HUMAYA,SINALOA,24.93979,-107.35484,Amarillo,1
OCPNO4485,RIO CULIACAN 7,SINALOA,25.01393,-107.38848,Verde,0
OCPNO4486,PRESA ADOLFO LOPEZ MATEOS 3,SINALOA,25.10275,-107.3889,Amarillo,0
OCPNO4487,PRESA ADOLFO LOPEZ MATEOS 2,SINALOA,25.16813,-107.39996,Verde,0
OCPNO4488,PRESA ADOLFO LOPEZ MATEOS 1,SINALOA,25.20128,-107.42565,Amarillo,0
OCPNO4489,PRESA ADOLFO LOPEZ MATEOS 4,SINALOA,25.1706,-107.39422,Amarillo,0
OCPNO4490,RIO BADIRAGUATO 2,SINALOA,25.3452,-107.5448,Amarillo,1
OCPNO4493,PRESA EUSTAQUIO BUELNA 5,SINALOA,25.4992,-108.04578,Amarillo,0
OCPNO4494,PRESA EUSTAQUIO BUELNA 3,SINALOA,25.5005,-108.06044,Amarillo,0
OCPNO4495,PRESA EUSTAQUIO BUELNA 2,SINALOA,25.48339,-108.06475,Amarillo,0
OCPNO4496,PRESA EUSTAQUIO BUELNA 4,SINALOA,25.51762,-108.05939,Verde,0
OCPNO4497,PRESA EUSTAQUIO BUELNA 6,SINALOA,25.5155,-108.03762,Verde,0
OCPNO4501,SALIDA DE LA PRESA EUSTAQUIO BUELNA,SINALOA,25.46953,-108.08997,Verde,1
OCPNO4503W1,RH10-1 SINALOA,SINALOA,25.32552,-108.45669,Amarillo,0
OCPNO4504,LA BRECHA,SINALOA,25.37127,-108.42355,Amarillo,0
OCPNO4505,RIO SINALOA 5,SINALOA,25.44581,-108.44489,Amarillo,0
OCPNO4506,RIO SINALOA 6,SINALOA,25.5491,-108.44778,Amarillo,0
OCPNO4507M1,PRESA LUIS DONALDO COLOSIO 1,SINALOA,26.89223,-108.36081,Verde,0
OCPNO4508,VADO DE GUASAVE,SINALOA,25.56385,-108.45573,Amarillo,0
OCPNO4511,PUENTE LIC. ROBERTO CAMACHO,SINALOA,25.5896,-108.45981,Amarillo,1
OCPNO4513,SISTEMA LAGUNAR SAN IGNACIO-NAVACHISTE-MACAPULE 1,SINALOA,25.37967,-108.66451,Verde,0
OCPNO4514,SISTEMA LAGUNAR SAN IGNACIO-NAVACHISTE-MACAPULE 2,SINALOA,25.4458,-108.80312,Verde,0
OCPNO4515,SISTEMA LAGUNAR SAN IGNACIO-NAVACHISTE-MACAPULE 4,SINALOA,25.56324,-108.8618,Verde,0
OCPNO4516,"BAHIA DE OUHIRA TOPOLOBAMPO SEG 36, 4 ISA8A",SINALOA,25.60889,-108.94457,Verde,0
OCPNO4517,"BAHIA DE OUHIRA TOPOLOBAMPO SEG 3,6 ISA8A",SINALOA,25.66135,-108.94641,Verde,0
OCPNO4518,LAGUNAS DE SANTA MARIA TOPOLOBAMPO-OHUIRA 2,SINALOA,25.65584,-108.99736,Verde,0
OCPNO4519,"FRENTE A PEMEX TOPOLOBAMPO SEG36, 1",SINALOA,25.61304,-109.03641,Verde,0
OCPNO4520,"FRENTE A PEMEX TOPO.SEG 36, 2 SA8A",SINALOA,25.60088,-109.03692,Verde,0
OCPNO4521,TOPOLOBAMPO MUELLE SEG36 3 ISA8A,SINALOA,25.59797,-109.04398,Verde,0
OCPNO4522,LAGUNAS DE SANTA MARIA TOPOLOBAMPO-OHUIRA 1,SINALOA,25.59692,-109.0983,Verde,0
OCPNO4523,SISTEMA LAGUNAR SAN IGNACIO-NAVACHISTE-MACAPULE 3,SINALOA,25.49535,-109.00735,Verde,0
OCPNO4524,DREN MOCHICAHUI,SINALOA,25.6853,-109.03733,Rojo,2
OCPNO4525W1,LOS MOCHIS  (A) AGUAS ABAJO,SINALOA,25.70244,-109.06683,Rojo,0
OCPNO4527,RIO FUERTE 1,SINALOA,25.93136,-109.13818,Amarillo,0
OCPNO4528,PUENTE SAN MIGUEL ZAPOTITLAN,SINALOA,25.95606,-109.05444,Amarillo,0
OCPNO4529,RIO FUERTE 2,SINALOA,25.95684,-108.94002,Amarillo,2
OCPNO4530,PRESA DERIVADORA SUFRAGIO 1,SINALOA,26.07131,-108.78381,Amarillo,0
OCPNO4533,PRESA JOSEFA ORTIZ DE DOMINGUEZ 2,SINALOA,26.46003,-108.70685,Verde,0
OCPNO4534,PRESA JOSEFA ORTIZ DE DOMINGUEZ 4,SINALOA,26.46285,-108.68713,Verde,0
OCPNO4535,PRESA JOSEFA ORTIZ DE DOMINGUEZ 5,SINALOA,26.45624,-108.67665,Verde,0
OCPNO4536,PUENTE BAROTEN (EL FUERTE),SINALOA,26.39287,-108.65543,Verde,0
OCPNO4537,RIO FUERTE 3,SINALOA,26.42439,-108.62204,Verde,0
OCPNO4538,RIO FUERTE 4,SINALOA,26.43445,-108.62314,Verde,2
OCPNO4539,PRESA MIGUEL HIDALGO Y COSTILLA 5,SINALOA,26.54078,-108.54667,Verde,0
OCPNO4540,PRESA MIGUEL HIDALGO Y COSTILLA 3,SINALOA,26.55989,-108.56567,Verde,0
OCPNO4541,PRESA MIGUEL HIDALGO Y COSTILLA 1,SINALOA,26.54325,-108.5768,Verde,0
OCPNO4542,PRESA MIGUEL HIDALGO Y COSTILLA 4,SINALOA,26.57691,-108.54863,Verde,0
OCPNO4543,PRESA LUIS DONALDO COLOSIO 2,SINALOA,26.8453,-108.36723,Verde,0
OCPNO4544,PRESA LUIS DONALDO COLOSIO 3,SINALOA,26.89038,-108.38062,Verde,0
OCPNO4545,PRESA LUIS DONALDO COLOSIO 4,SINALOA,26.91922,-108.3674,Verde,0
OCPNO4546,SISTEMA LAGUNAR AGIABAMPO-BACREHUIS-RIO FUERTE ANTIGUO 3,SONORA,26.36122,-109.15225,Rojo,0
OCPNO4547,SISTEMA LAGUNAR AGIABAMPO 3,SINALOA,26.27968,-109.13863,Verde,0
OCPNO4548,SISTEMA LAGUNAR AGIABAMPO 2,SINALOA,26.27107,-109.09144,Verde,0
OCPNO4549,SISTEMA LAGUNAR AGIABAMPO 1,SINALOA,26.21159,-109.10863,Verde,0
OCPNO4550,HIGUERA DE ZARAGOZA,SINALOA,25.94404,-109.26871,Amarillo,0
OCPNO4552W1,RH10-4 SINALOA,SINALOA,25.85551,-109.34818,Rojo,0
OCPNO4553,BAHIA EL COLORADO,SINALOA,25.76128,-109.35629,Verde,0
OCPNO4554,BAHIA DE SANTA M TOPOLOBAMPO-OHUIRA 3,SINALOA,25.76922,-109.30555,Verde,0
OCPNO4555W1,DESEMBOCADURA RIO SINALOA,SINALOA,25.28194,-108.49509,Verde,0
OCPNO4557,LAGUNA PLAYA COLORADA-SANTA MARIA LA REFORMA 1,SINALOA,24.80133,-108.02193,Rojo,0
OCPNO4558,PUENTE EL GUAMUCHILITO,SINALOA,24.83999,-107.72364,Rojo,2
OCPNO4559,PUENTE LA PALMA,SINALOA,24.83433,-107.65428,Rojo,1
OCPNO4560,PRESA DIQUE LA MARIQUITA 4,SINALOA,25.00748,-107.62775,Amarillo,0
OCPNO4561,PRESA DIQUE LA MARIQUITA 3,SINALOA,25.02358,-107.63698,Amarillo,0
OCPNO4562,PRESA DIQUE LA MARIQUITA 5,SINALOA,25.02704,-107.62794,Amarillo,0
OCPNO4563,PRESA DIQUE LA MARIQUITA 2,SINALOA,25.03546,-107.64051,Amarillo,0
OCPNO4564,BAHIA DE ALTATA2 ISA10B,SINALOA,24.37924,-107.55543,Verde,0
OCPNO4565,BAHIA ENSENADA PABELLONES 1,SINALOA,24.37731,-107.5288,Verde,0
OCPNO4566,BAHIA DE ALTATA3 ISA10B,SINALOA,24.37296,-107.54128,Verde,0
OCPNO4567,RIO SAN LORENZO 4,SINALOA,24.26821,-107.4015,Verde,0
OCPNO4568,DESEMBOCADURA RIO SAN LORENZO,SINALOA,24.25007,-107.4132,Verde,0
OCPNO4569,EL DORADO,SINALOA,24.31147,-107.35151,Rojo,1
OCPNO4570M1,RH10-3 SINALOA,SINALOA,24.29916,-107.36681,Verde,0
OCPNO4571,"INGENIO EL DORADO, S.A. DE C.V. SINALOA (AGUAS ARRIBA)",SINALOA,24.32001,-107.36934,Amarillo,1
OCPNO4573,RIO SAN LORENZO 5,SINALOA,24.35027,-107.3195,Verde,0
OCPNO4574,RIO SAN LORENZO 6,SINALOA,24.40696,-107.22522,Verde,0
OCPNO4576,PUENTE SAN LORENZO (PUENTE CARRETERA INTERNACIONAL),SINALOA,24.44614,-107.09562,Amarillo,1
OCPNO4578,RIO SAN LORENZO 7,SINALOA,24.44003,-107.00619,Amarillo,1
OCPNO4579,RIO SAN LORENZO 8,SINALOA,24.48826,-106.95173,Amarillo,1
OCPNO4585,RIO ELOTA 7,SINALOA,24.39827,-106.60582,Rojo,1
OCPNO4586,RIO ELOTA 6,SINALOA,24.33562,-106.6459,Rojo,1
OCPNO4587,RIO ELOTA SALIDA DE PRESA EL SALTO,SINALOA,24.11846,-106.68166,Amarillo,0
OCPNO4592,RIO ELOTA 3,SINALOA,23.96,-106.69908,Amarillo,0
OCPNO4593,PUENTE INTERNACIONAL. (PUENTE ELOTA),SINALOA,23.95843,-106.71391,Amarillo,0
OCPNO4594,RIO ELOTA 2,SINALOA,23.93017,-106.77063,Amarillo,0
OCPNO4597,RIO ELOTA 1,SINALOA,23.90708,-106.89177,Rojo,1
OCPNO4598,LA CRUZ,SINALOA,23.8989,-106.91743,Amarillo,1
OCPNO4607,DESEMBOCADURA RIO PIAXTLA,SINALOA,23.70954,-106.80186,Amarillo,1
OCPNO4609,RIO PIAXTLA CARRETERA INTERNACIONAL,SINALOA,23.88507,-106.62,Rojo,1
OCPNO4611,RIO PIAXTLA 2,SINALOA,23.9341,-106.4362,Amarillo,1
OCPNO4613,RIO PIAXTLA 4,SINALOA,23.94448,-106.4137,Rojo,1
OCPNO4615,RIO PRESIDIO 5,SINALOA,23.47734,-106.20435,Amarillo,1
OCPNO4616,RIO PRESIDIO 4,SINALOA,23.40973,-106.2065,Amarillo,1
OCPNO4617,RIO PRESIDIO 3,SINALOA,23.34692,-106.24526,Amarillo,1
OCPNO4620,RIO PRESIDIO 2,SINALOA,23.25677,-106.23394,Amarillo,0
OCPNO4622,RIO PRESIDIO 1,SINALOA,23.18233,-106.23032,Amarillo,1
OCPNO4623,PUENTE VILLA UNION,SINALOA,23.19095,-106.22384,Amarillo,1
OCPNO4624,EL WALAMO,SINALOA,23.14056,-106.25272,Amarillo,0
OCPNO4626,LAGUNA HUIZACHE-CAIMANERO 3,SINALOA,23.08092,-106.27328,Verde,0
OCPNO4630,LAGUNA HUIZACHE-CAIMANERO 2,SINALOA,23.06021,-106.22343,Verde,0
OCPNO4632,LAGUNA HUIZACHE 3,SINALOA,22.99297,-106.08501,Amarillo,0
OCPNO4633,LAGUNA HUIZACHE 2,SINALOA,22.98663,-106.05202,Verde,0
OCPNO4634,LAGUNA HUIZACHE 1,SINALOA,22.90899,-106.07588,Verde,0
OCPNO4635,BOCA SISTEMA LAGUNAR HUIZACHE-CAIMANERO,SINALOA,22.88119,-106.06549,Verde,0
OCPNO4636,LAGUNA HUIZACHE-CAIMANERO 1,SINALOA,22.8546,-106.02782,Verde,0
OCPNO4637M1,RIO BALUARTE 1,SINALOA,22.84368,-106.00972,Rojo,1
OCPNO4638,DESEMBOCADURA RIO BALUARTE,SINALOA,22.83593,-106.03548,Amarillo,1
OCPNO4639W1,MARISMAS NACIONALES 12,SINALOA,22.82893,-105.9792,Amarillo,0
OCPNO4641,MARISMAS NACIONALES 11,SINALOA,22.81926,-105.89326,Verde,0
OCPNO4642,MARISMAS NACIONALES 10,SINALOA,22.78511,-105.83021,Verde,0
OCPNO4643,MARISMAS NACIONALES 9,SINALOA,22.75372,-105.76131,Verde,0
OCPNO4644,LAGUNA AGUA GRANDE 8,SINALOA,22.73527,-105.70441,Verde,0
OCPNO4645,LAGUNA AGUA GRANDE 6,SINALOA,22.72438,-105.70355,Verde,0
OCPNO4646,LAGUNA AGUA GRANDE 3,SINALOA,22.71033,-105.73499,Verde,0
OCPNO4647,MARISMAS NACIONALES 8,SINALOA,22.68575,-105.74268,Verde,0
OCPNO4648,LAGUNA AGUA GRANDE 1,SINALOA,22.6605,-105.7132,Verde,0
OCPNO4649,LAGUNA AGUA GRANDE 7,SINALOA,22.70278,-105.70295,Verde,0
OCPNO4650,MARISMAS NACIONALES 7,SINALOA,22.58247,-105.68393,Verde,0
OCPNO4651,AGUAS DEBAJO DE LA DESCARGA DE LA CD. EL ROSARIO,SINALOA,22.97227,-105.86382,Rojo,1
OCPNO4652,BALUARTE (PUENTE EL ROSARIO),SINALOA,22.99768,-105.84722,Rojo,1
OCPNO4655,MAZATLAN1,SINALOA,23.17577,-106.34296,Verde,0
OCPNO4656,MAZATLAN2,SINALOA,23.20437,-106.37366,Verde,0
OCPNO4657,ENTRADA ESTERO LA SIRENA,SINALOA,23.21239,-106.3815,Verde,0
OCPNO4658,"MAZ INDUSTRIAL, S.A. DE C.V. (FRENTE A LA DESCARGA)",SINALOA,23.21271,-106.37751,Verde,0
OCPNO4659,"MAZ INDUSTRIAL, S.A. DE C.V. (AGUAS ABAJO)",SINALOA,23.21181,-106.37619,Amarillo,0
OCPNO4660,"MAZ INDUSTRIAL, S.A. DE C.V. (FRENTE AL MUELLE)",SINALOA,23.21281,-106.37955,Amarillo,0
OCPNO4661,ESTERO DE URIAS-PARQUE BONFIL,SINALOA,23.21197,-106.39478,Verde,0
OCPNO4662,ESTERO EL INFIERNILLO-PUENTE JUAREZ,SINALOA,23.21257,-106.40622,Verde,0
OCPNO4663,PUERTO DE MAZATLAN DOS,SINALOA,23.1999,-106.40986,Verde,0
OCPNO4664,EL CRESTON AGUAS ARRIBA,SINALOA,23.18011,-106.43525,Verde,0
OCPNO4665,PUERTO DE MAZATLAN TRES,SINALOA,23.20842,-106.39896,Verde,0
OCPNO4666,PUERTO DE MAZATLAN UNO,SINALOA,23.18532,-106.41615,Verde,0
OCPNO4667,EL VERDE CAMACHO 5,SINALOA,23.40365,-106.54012,Verde,0
OCPNO4668,PLAYA TORTUGUERA EL VERDE CAMACHO 1,SINALOA,23.4531,-106.59576,Verde,0
OCPNO4669,PLAYA TORTUGUERA VERDE CAMACHO 4,SINALOA,23.43313,-106.57177,Verde,0
OCPNO4670,PLAYA TORTUGUERA EL VERDE CAMACHO 2,SINALOA,23.42206,-106.55949,Verde,0
OCPNO4672,PRESA GUSTAVO DIAZ ORDAZ 3,SINALOA,25.89576,-107.85013,Verde,0
OCPNO4673,PRESA GUSTAVO DIAZ ORDAZ 4,SINALOA,25.95207,-107.83984,Verde,0
OCPNO4674,PRESA GUSTAVO DIAZ ORDAZ 2,SINALOA,25.95233,-107.86852,Verde,0
OCPNO4675,PRESA GUSTAVO DIAZ ORDAZ 1,SINALOA,25.85906,-107.91193,Verde,0
OCPNO4676,RIO SINALOA 2,SINALOA,25.92067,-108.08975,Amarillo,1
OCPNO4677,RIO SINALOA 1,SINALOA,25.92051,-108.09723,Amarillo,1
OCPNO4678,RIO SINALOA 7,SINALOA,25.70899,-108.34111,Amarillo,0
OCPNO4681,PRESA GUILLERMO BLAKE AGUILAR 1,SINALOA,26.11668,-108.32622,Rojo,0
OCPNO4682,PRESA GUILLERMO BLAKE AGUILAR 4,SINALOA,26.14994,-108.30394,Verde,0
OCPNO4683,PRESA GUILLERMO BLAKE AGUILAR 3,SINALOA,26.17238,-108.30403,Verde,0
OCPSU4684,PLAYA TORTUGUERA TIERRA COLORADA 3,OAXACA,16.31333,-98.55302,Verde,0
OCPSU4685,PLAYA TORTUGUERA TIERRA COLORADA 2,OAXACA,16.29614,-98.50232,Verde,0
OCPSU4686,PLAYA TORTUGUERA TIERRA COLORADA 1,OAXACA,16.279,-98.45899,Verde,0
OCPSU4687,RIO ATOYAC 9,OAXACA,17.06201,-96.73815,Amarillo,2
OCPSU4688,RIO ATOYAC 10,OAXACA,17.09297,-96.75567,Amarillo,2
OCPSU4689,RIO ATOYAC 11,OAXACA,17.1119,-96.76536,Amarillo,2
OCPSU4690,RIO ATOYAC 12,OAXACA,17.10109,-96.76006,Amarillo,2
OCPSU4691,RIO ATOYAC 13,OAXACA,17.11494,-96.77377,Amarillo,2
OCPSU4692,RIO ATOYAC 14,OAXACA,17.12465,-96.78243,Verde,2
OCPSU4694,RIO ATOYAC 15,OAXACA,17.16451,-96.80541,Verde,2
OCPSU4695,RIO ATOYAC 16,OAXACA,17.1712,-96.81377,Rojo,0
OCPSU4696M1,SAN ANTONIO DE LA CAL 1,OAXACA,17.05085,-96.70425,Rojo,2
OCPSU4697M1,EL ROSARIO,OAXACA,17.05436,-96.69349,Rojo,2
OCPSU4698,RIO ATOYAC 19,OAXACA,17.2149,-96.82968,Rojo,2
OCPSU4699,RIO ATOYAC 20,OAXACA,17.21658,-96.83096,Rojo,2
OCPSU4701,RIO ATOYAC HUITZO- PUENTE SERVILLETERO,OAXACA,17.28223,-96.90049,Rojo,0
OCPSU4702,RIO ATOYAC 8,OAXACA,17.03516,-96.72707,Rojo,2
OCPSU4703,RIO ATOYAC 7 AGUAS ABAJO DEL PUENTE,OAXACA,17.0153,-96.7138,Rojo,2
OCPSU4704,"ENVASADORA GUGAR, S.A. DE C.V. (AGUAS ABAJO)",OAXACA,17.05049,-96.65783,Amarillo,2
OCPSU4705,"ENVASADORA GUGAR, S.A. DE C.V. (AGUAS ARRIBA)",OAXACA,17.04866,-96.6535,Rojo,2
OCPSU4706,RIO ATOYAC 6,OAXACA,16.76617,-96.77966,Rojo,2
OCPSU4707,RIO ATOYAC 5,OAXACA,16.9907,-96.71943,Rojo,2
OCPSU4708,"CASA ARMANDO GUILLERMO PRIETO, S.A. DE C.V. (AGUAS ARRIBA)",OAXACA,16.9631,-96.5224,Rojo,2
OCPSU4709,"CASA ARMANDO GUILLERMO PRIETO, S.A. DE C.V. (AGUAS ABAJO)",OAXACA,16.9628,-96.5215,Rojo,0
OCPSU4711M1,RIO LAJE,OAXACA,15.83131,-96.32828,Amarillo,0
OCPSU4712,PUENTE TEQUISISTLAN (ANTES PUENTE MARILU),OAXACA,16.41495,-95.59847,Verde,0
OCPSU4714,PRESA BENITO JUAREZ CORTINA,OAXACA,16.4899,-95.4575,Verde,0
OCPSU4715,PRESA BENITO JUAREZ 3,OAXACA,16.4791,-95.4495,Verde,0
OCPSU4716,PRESA BENITO JUAREZ 4,OAXACA,16.4507,-95.4032,Verde,0
OCPSU4717,PRESA BENITO JUAREZ CORTINA,OAXACA,16.44455,-95.39909,Verde,0
OCPSU4718,RIO TEHUANTEPEC,OAXACA,16.4428,-95.39369,Verde,0
OCPSU4719M1,LOS PERROS XADANI,OAXACA,16.38278,-95.01183,Verde,0
OCPSU4720,RIO TEHUANTEPEC 5,OAXACA,16.37794,-95.28828,Verde,0
OCPSU4721,PUENTE TEHUANTEPEC,OAXACA,16.3297,-95.23468,Verde,0
OCPSU4722,RIO TEHUANTEPEC 3,OAXACA,16.31105,-95.21679,Verde,0
OCPSU4723,RIO TEHUANTEPEC PUENTE HUILOTEPEC,OAXACA,16.24019,-95.15659,Verde,0
OCPSU4724,RIO TEHUANTEPEC 4,OAXACA,16.1881,-95.14612,Verde,0
OCPSU4726,DESEMBOCADURA RIO TEHUANTEPEC 2,OAXACA,16.18783,-95.14723,Verde,0
OCPSU4727M1,BAHIA SANTA CRUZ BAMBA,OAXACA,16.00412,-95.40587,Verde,0
OCPSU4728M1,PLAYA DE SANTIAGO ASTATA,OAXACA,15.92928,-95.61524,Rojo,0
OCPSU4729,"BAHIA LA VENTOSA SEG 65, 2 ISA10B",OAXACA,16.18584,-95.15152,Verde,0
OCPSU4730,"AQUASISTEMA SALINA CRUZ, S.A. DE C.V. (AGUAS ARRIBA)",OAXACA,16.18148,-95.15674,Verde,0
OCPSU4731,"AQUASISTEMA SALINA CRUZ, S.A. DE C.V. (AGUAS ABAJO)",OAXACA,16.18339,-95.15385,Verde,0
OCPSU4732,"BAHIA LA VENTOSA SEG 65, 1 ISA10B",OAXACA,16.179,-95.15692,Verde,0
OCPSU4733,BAHIA SALINA CRUZ (DARSENA PUERTO INDUSTRIAL),OAXACA,16.16658,-95.1967,Rojo,0
OCPSU4736,"PLAYA SALINA CRUZ SEG 64, 1 ISA7",OAXACA,16.16718,-95.19079,Rojo,0
OCPSU4737,PUERTO DE SALINA CRUZ,OAXACA,16.16092,-95.19655,Rojo,0
OCPSU4738,"PLAYA SALINA CRUZ SEG 62, 2 ISA7",OAXACA,16.15503,-95.20407,Verde,0
OCPSU4739,"PLAYA SALINA CRUZ SEG 62, 1 ISA7",OAXACA,16.15774,-95.23179,Verde,0
OCPSU4740M1,PLAYA VENTANILLA,OAXACA,15.66731,-96.57643,Verde,0
OCPSU4741,LAGUNA SALINAS DEL MARQUEZ DESEMBOCADURA 1,OAXACA,16.14168,-95.25053,Rojo,0
OCPSU4743,PLAYA AZUL 2 SEG 61 ISA7,OAXACA,16.11686,-95.28034,Verde,0
OCPSU4745,"PLAYA CANGREJO SEG 60, 2 ISA6",OAXACA,16.06225,-95.3678,Verde,0
OCPSU4752,LAGUNA SUPERIOR 1,OAXACA,16.3282,-95.0257,Verde,0
OCPSU4753,PUENTE SALTILLO,OAXACA,16.4248,-95.0228,Rojo,0
OCPSU4754,PUENTE LOS PERROS,OAXACA,16.44012,-95.0257,Rojo,0
OCPSU4755,RIO LOS PERROS 4,OAXACA,16.5005,-95.0555,Rojo,1
OCPSU4756,RIO LOS PERROS 3,OAXACA,16.5237,-95.0687,Rojo,1
OCPSU4757,RIO LOS PERROS 2,OAXACA,16.61135,-95.17571,Verde,0
OCPSU4758,RIO LOS PERROS 5,OAXACA,16.62399,-95.23867,Verde,0
OCPSU4759,PRESA BENITO JUAREZ 2,OAXACA,16.5252,-95.4614,Verde,0
OCPSU4760M1,LAGUNA BOCA DEL RIO 1,OAXACA,16.19259,-95.16608,Verde,0
OCPSU4761M1,LAGUNA BOCA DEL RIO 2,OAXACA,16.18356,-95.15802,Verde,0
OCPSU4762,LAGUNA COLORADA 1,OAXACA,15.95661,-95.57586,Rojo,0
OCPSU4763,PLAYA FRENTE A LAGUNA COLORADA SEG 59 ISA 6,OAXACA,15.9531,-95.5782,Verde,0
OCPSU4766M1,SANTA MARIA XADANI,OAXACA,15.94397,-96.02631,Verde,0
OCPSU4767M1,BARRA DE COPALITA,OAXACA,15.82111,-96.06556,Verde,0
OCPSU4768,RIO AYUTA 1,OAXACA,15.91726,-95.85161,Verde,0
OCPSU4773,RIO ZIMATAN 2,OAXACA,15.8309,-95.9931,Verde,0
OCPSU4774,RIO ZIMATAN 1,OAXACA,15.8464,-95.998,Verde,0
OCPSU4775W1,RIO COPALITA 1,OAXACA,15.81,-96.0621,Amarillo,0
OCPSU4778W1,PLAYA LA BOCANA,OAXACA,15.7864,-96.0551,Rojo,0
OCPSU4780,BAHIA DE TANGOLUNDA SEG 55 2 ISA 8A,OAXACA,15.7685,-96.0989,Verde,0
OCPSU4781,BAHIA DE TANGOLUNDA SEG 55 3 ISA 8A,OAXACA,15.7665,-96.0998,Verde,0
OCPSU4782,HAUTULCO SEG 55 3 ISA 8A,OAXACA,15.76081,-96.12116,Verde,0
OCPSU4783,HUATULCO SEG 55 2 ISA 8A,OAXACA,15.76015,-96.12138,Verde,0
OCPSU4784,HUATULCO SEG 55 I ISA 8A,OAXACA,15.75795,-96.1238,Verde,0
OCPSU4785,BAHIA SANTA CRUZ HUATULCO,OAXACA,15.7517,-96.1286,Verde,0
OCPSU4786,PLAYA CHONITA SEG 54 2 ISA 9,OAXACA,15.74427,-96.12926,Rojo,0
OCPSU4787,PLAYA CHONITA SEG 54 1 ISA 9,OAXACA,15.74358,-96.12813,Verde,0
OCPSU4788,SANTA CRUZ HUATULCO,OAXACA,15.75262,-96.1313,Rojo,0
OCPSU4789W1,CUENCAS Y CORALES DE LA ZONA COSTERA DE HUATULCO 6,OAXACA,15.7332,-96.1588,Rojo,0
OCPSU4790M1,PUENTE RIO COYULA,OAXACA,15.75544,-96.29983,Amarillo,0
OCPSU4791,CUENCAS Y CORALES DE LA ZONA COSTERA DE HUATULCO 4,OAXACA,15.7337,-96.1497,Verde,0
OCPSU4792W1,CUENCAS Y CORALES DE LA ZONA COSTERA DE HUATULCO 3,OAXACA,15.7233,-96.1664,Verde,0
OCPSU4794,CUENCAS Y CORALES DE LA ZONA COSTERA DE HUATULCO 8,OAXACA,15.7321,-96.1521,Rojo,0
OCPSU4795,CUENCAS Y CORALES DE LA ZONA COSTERA DE HUATULCO 2,OAXACA,15.686,-96.3061,Rojo,0
OCPSU4797,PUNTA PUERTO ANGEL SEG 53 4 ISA 7,OAXACA,15.6681,-96.4822,Verde,0
OCPSU4798M1,PLAYA EL PANTEON,OAXACA,15.66456,-96.49562,Verde,0
OCPSU4799,BAHIA PUERTO ANGEL CENTRO,OAXACA,15.6644,-96.4914,Verde,0
OCPSU4800,PLAYA SAN AGUSTINILLO SEG 53 2 ISA 7,OAXACA,15.6648,-96.5406,Verde,0
OCPSU4801M1,PLAYA MAZUNTE,OAXACA,15.66465,-96.55366,Verde,0
OCPSU4802,DESEMBOCADURA RIO TONAMECA,OAXACA,15.6881,-96.6116,Verde,0
OCPSU4804,RIO TONAMECA,OAXACA,15.7166,-96.609,Verde,0
OCPSU4806,DESEMBOCADURA DEL RIO COZOALTEPEC AL MAR SEG 51 ISA 10B,OAXACA,15.72812,-96.76175,Amarillo,0
OCPSU4807M1,DESEMBOCADURA DEL RIO COZOALTEPEC A PLAYA LA ESCOBILLA,OAXACA,15.72873,-96.76846,Verde,0
OCPSU4808M1,SANTA CRUZ AMILPAS,OAXACA,17.05364,-96.6851,Rojo,2
OCPSU4810,RIO COZOALTEPEC 3,OAXACA,15.7327,-96.761,Amarillo,0
OCPSU4811,RIO COZOALTEPEC 2,OAXACA,15.7499,-96.7614,Amarillo,0
OCPSU4812,RIO  COZOALTEPEC 1,OAXACA,15.79466,-96.72652,Amarillo,0
OCPSU4813,PLAYA JUNTO AL RIO COLOTEPEC SEG 50 ISA 9,OAXACA,15.80544,-97.01873,Verde,0
OCPSU4814M1,PLAYA PUERTO ANGELITO,OAXACA,15.85762,-97.07446,Verde,0
OCPSU4815,PLAYA PUNTA  ZICATELA SEG 49 7 ISA 9,OAXACA,15.8345,-97.0462,Verde,0
OCPSU4816,PLAYA ZICATELA PUERTO ESCONDIDO SEG 49 5 ISA 9,OAXACA,15.8402,-97.05026,Verde,0
OCPSU4817,PLAYA ZICATELA PUERTO ESCONDIDO SEG 49  4 ISA 9,OAXACA,15.84556,-97.05419,Verde,0
OCPSU4818,PLAYA DE ZICATELA PUERTO ESCONDIDO 49 2 ISA 9,OAXACA,15.85093,-97.05696,Verde,0
OCPSU4819,PLAYA ZICATELA PTO ESCONDIDO SEG 49 ISA 9,OAXACA,15.85544,-97.05927,Verde,0
OCPSU4820,BAHIA PUERTO ESCONDIDO,OAXACA,15.85953,-97.06407,Verde,0
OCPSU4821M1,PLAYA CARRIZALILLO,OAXACA,15.85891,-97.07928,Verde,0
OCPSU4822,LAGUNA MANIALTEPEC 1,OAXACA,15.9368,-97.1602,Amarillo,0
OCPSU4823,LAGUNA (MANIALTEPEC) 3,OAXACA,15.9291,-97.1658,Verde,0
OCPSU4824,LAGUNA MANIALTEPEC CENTRO,OAXACA,15.9378,-97.1842,Verde,0
OCPSU4825,LAGUNA MANIALTEPEC 2,OAXACA,15.94961,-97.21349,Verde,0
OCPSU4826,BOCABARRA LAGUNA MANIALTEPEC,OAXACA,15.92912,-97.23565,Verde,0
OCPSU4827,PUENTE MANIALTEPEC,OAXACA,15.9596,-97.2506,Verde,0
OCPSU4829M1,PUENTE LAS ANIMAS NEJAPA,OAXACA,16.62229,-96.0362,Amarillo,0
OCPSU4830,RIO GRANDE 13,OAXACA,16.00499,-97.4468,Amarillo,0
OCPSU4831,RIO GRANDE 12,OAXACA,15.96893,-97.47018,Amarillo,0
OCPSU4832,DESEMBOCADURA DEL RIO GRANDE AL MAR1 SEG 47 ISA10B,OAXACA,15.95458,-97.47779,Amarillo,0
OCPSU4833,DESEMBODADURA DEL RIO GRANDE AL MAR2 SEG 47 ISA9,OAXACA,15.95149,-97.47464,Rojo,0
OCPSU4834,BOCA BARRA LAGUNA PASTORIA,OAXACA,15.96973,-97.53949,Verde,0
OCPSU4835,LAGUNA PASTORIA,OAXACA,15.9857,-97.57188,Verde,0
OCPSU4836M1,LAGUNA PASTORIA 2,OAXACA,15.98357,-97.55259,Verde,0
OCPSU4837M1,PLAYA PASTORIA2 SEG 46 ISA10B,OAXACA,15.96768,-97.53474,Verde,0
OCPSU4839,LAGUNA PASTORIA 3,OAXACA,15.98722,-97.63125,Verde,0
OCPSU4840,LAGUNA DE CHACAHUA 1,OAXACA,15.98773,-97.66087,Rojo,0
OCPSU4841,LAGUNA DE CHACAHUA 2,OAXACA,15.99115,-97.6853,Rojo,0
OCPSU4842,LAGUNA CHACAHUA CENTRO,OAXACA,15.98009,-97.6946,Rojo,0
OCPSU4843M1,LAGUNA DE CHACAHUA  3,OAXACA,15.97051,-97.68431,Verde,0
OCPSU4845,BOCA BARRA LAGUNA CHACAHUA,OAXACA,15.96614,-97.67709,Verde,0
OCPSU4847,DESEMBOCADURA RIO VERDE1,OAXACA,15.98629,-97.7868,Amarillo,0
OCPSU4848M1,SAN ANTONIO DE LA CAL 2,OAXACA,17.02857,-96.7105,Rojo,2
OCPSU4849M1,RIO QUIECHAPA,OAXACA,16.65528,-96.09964,Verde,0
OCPSU4850,CORTINA PRESA DERIVADORA (ANTES PUENTE CARRETERO),OAXACA,16.10805,-97.73271,Amarillo,0
OCPSU4851,PUENTE CARRETERO,OAXACA,16.16348,-97.73643,Verde,0
OCPSU4852M1,RIO VERDE 2 CHARCO REDONDO,OAXACA,16.03942,-97.75103,Amarillo,0
OCPSU4853,PUENTE SAN LORENZO-HUAXPALTEPEC,OAXACA,16.37979,-97.88041,Amarillo,0
OCPSU4854,PUENTE CARRETERO RIO DE LA ARENA,OAXACA,16.32931,-98.01303,Amarillo,0
OCPSU4855,COLLANTES,OAXACA,16.17656,-97.96816,Rojo,0
OCPSU4856,SANTA MARIA COLOTEPEC,OAXACA,15.89748,-96.94879,Amarillo,0
OCPSU4857,MALUCANO,OAXACA,15.85236,-97.02624,Amarillo,0
OCPSU4860M1,LAGUNA PASTORIA 1,OAXACA,16.0098,-97.60128,Verde,0
OCPSU4861,LAGUNA EL CORRALERO,OAXACA,16.23391,-98.18968,Verde,0
OCPSU4862,DESEMBOCADURA LAGUNA EL CORRALERO,OAXACA,16.2139,-98.18649,Verde,0
OCPSU4866,RIO ATOYAC 4,OAXACA,16.5456,-96.8062,Amarillo,2
OCPSU4867,RIO ATOYAC 3,OAXACA,16.5446,-96.8059,Amarillo,2
OCPSU4869,RIO ATOYAC 2,OAXACA,16.4633,-96.8036,Amarillo,2
OCPSU4870,RIO ATOYAC 1,OAXACA,16.4596,-96.8053,Amarillo,2
OCPSU4873,"SEGMENTO 67, 2 ISA6",OAXACA,16.00524,-94.00709,Verde,0
OCPSU4874,LAGUNA INFERIOR 6,OAXACA,16.31486,-94.59056,Verde,0
OCPSU4875,LAGUNA INFERIOR 9,OAXACA,16.34511,-94.61773,Verde,0
OCPSU4876,LAGUNA INFERIOR 1,OAXACA,16.35673,-94.64558,Verde,0
OCPSU4877,LAGUNA INFERIOR (GUAMUCHIL),OAXACA,16.36329,-94.66776,Verde,0
OCPSU4878,LAGUNA INFERIOR 4,OAXACA,16.27241,-94.62835,Verde,0
OCPSU4879,BOCABARRA LAGUNA,OAXACA,16.27418,-94.81146,Verde,0
OCPSU4880,BOCABARRA LAGUNA INFERIOR (GUAMUCHIL),OAXACA,16.23213,-94.74908,Verde,0
OCPSU4882,LAGUNA INFERIOR CENTRO,OAXACA,16.27569,-94.72657,Verde,0
OCPSU4883,LAGUNA SUPERIOR 7,OAXACA,16.31627,-94.91077,Verde,0
OCPSU4884,LAGUNA SUPERIOR 2,OAXACA,16.36563,-94.95731,Verde,0
OCPSU4885,LAGUNA SUPERIOR 11,OAXACA,16.41899,-94.91947,Verde,0
OCPSU4886,LAGUNA SUPERIOR 3,OAXACA,16.42114,-94.88163,Verde,0
OCPSU4887,LAGUNA SUPERIOR 10,OAXACA,16.40099,-94.82924,Verde,0
OCPSU4888,LAGUNA SUPERIOR (SAN DIONICIO DEL MAR),OAXACA,16.36416,-94.80738,Verde,0
OCPSU4889,LAGUNA SUPERIOR 8,OAXACA,16.33453,-94.77941,Verde,0
OCPSU6517,MAGDALENA OCOTLAN,OAXACA,16.69986,-96.70023,Amarillo,0
OCPYU4891,M1 MANATI,QUINTANA ROO,21.2175,-86.82464,Verde,0
OCPYU4892,M2 MANATI,QUINTANA ROO,21.22639,-86.82001,Verde,0
OCPYU4893,M3 MANATI,QUINTANA ROO,21.22944,-86.82599,Verde,0
OCPYU4894,M4 MANATI,QUINTANA ROO,21.22667,-86.82917,Verde,0
OCPYU4895,M5 MANATI,QUINTANA ROO,21.235,-86.83389,Verde,0
OCPYU4896,M7 MANATI,QUINTANA ROO,21.24167,-86.84,Verde,0
OCPYU4897,M6 MANATI,QUINTANA ROO,21.24806,-86.83917,Verde,0
OCPYU4898,L1 CHACMOCHUC,QUINTANA ROO,21.25833,-86.8375,Verde,0
OCPYU4899,L2 CHACMOCHUC,QUINTANA ROO,21.28417,-86.83722,Verde,0
OCPYU4900,L3 CHACMOCHUC,QUINTANA ROO,21.30083,-86.84861,Verde,0
OCPYU4901,L4 CHACMOCHUC,QUINTANA ROO,21.32,-86.82778,Verde,0
OCPYU4902,L5 CHACMOCHUC,QUINTANA ROO,21.33353,-86.85861,Verde,0
OCPYU4903,L7 CHACMOCHUC,QUINTANA ROO,21.35167,-86.83889,Verde,0
OCPYU4904,L6 CHACMOCHUC,QUINTANA ROO,21.3522,-86.81694,Verde,0
OCPYU4905,L8 CHACMOCHUC,QUINTANA ROO,21.38444,-86.825,Verde,0
OCPYU4906,L9 CHACMOCHUC,QUINTANA ROO,21.38444,-86.85278,Verde,0
OCPYU4907,HUMEDAL DE IMPORTANCIA ESPECIALMENTE PARA LA CONSERVACION DE AVES ACUATICAS RESERVA RIA LAGARTOS 1,QUINTANA ROO,21.47786,-87.48804,Verde,0
OCPYU4908,EL CUYO,YUCATAN,21.52011,-87.6774,Verde,0
OCPYU4909,HUMEDAL DE IMPORTANCIA ESPECIALMENTE PARA LA CONSERVACION DE AVES ACUATICAS RESERVA RIA LAGARTOS 2,YUCATAN,21.57138,-87.86494,Verde,0
OCPYU4910,HUMEDAL DE IMPORTANCIA ESPECIALMENTE PARA LA CONSERVACION DE AVES ACUATICAS RESERVA RIA LAGARTOS 3,YUCATAN,21.59196,-87.91356,Verde,0
OCPYU4911,COLORADAS,YUCATAN,21.61044,-88.00683,Verde,0
OCPYU4912W1,HUMEDAL DE IMPORTANCIA ESPECIALMENTE PARA LA CONSERVACION DE AVES ACUATICAS RESERVA RIA LAGARTOS 5,YUCATAN,21.59318,-88.05565,Verde,0
OCPYU4913,HUMEDAL DE IMPORTANCIA ESPECIALMENTE PARA LA CONSERVACION DE AVES ACUATICAS RESERVA RIA LAGARTOS 6,YUCATAN,21.60022,-88.14911,Verde,0
OCPYU4914,HUMEDAL DE IMPORTANCIA ESPECIALMENTE PARA LA CONSERVACION DE AVES ACUATICAS RESERVA RIA LAGARTOS 4,YUCATAN,21.57228,-88.22769,Verde,0
OCPYU4915,HUMEDAL DE IMPORTANCIA ESPECIALMENTE PARA LA CONSERVACION DE AVES ACUATICAS RESERVA RIA LAGARTOS 7,YUCATAN,21.5683,-88.23712,Verde,0
OCPYU4916,SAN FELIPE,YUCATAN,21.56851,-88.24193,Verde,0
OCPYU4935,PUENTE PROGRESO YUCALPETEN,YUCATAN,21.2678,-89.70145,Verde,0
OCPYU4936,DESEMBOCADURA DEL PUERTO DE ABRIGO DE PROGRESO,YUCATAN,21.28095,-89.70366,Verde,0
OCPYU4937,PROGRESO,YUCATAN,21.28721,-89.6677,Verde,0
OCPYU4938,PUERTO PROGRESO 2,YUCATAN,21.2977,-89.60728,Verde,0
OCPYU4939,PUERTO PROGRESO 1,YUCATAN,21.30405,-89.56637,Verde,0
OCPYU4940,TELCHAC,YUCATAN,21.3453,-89.26385,Verde,0
OCPYU4941,CHABIHAU,YUCATAN,21.35767,-89.1179,Verde,0
OCPYU4942,DZILAM DE BRAVO,YUCATAN,21.39256,-88.89789,Verde,0
OCPYU4949,PARQUE ESTATAL LAGUNAS DE YALAHAU 2,YUCATAN,20.65711,-89.21893,Rojo,0
OCPYU4967,SISAL,YUCATAN,21.16805,-90.03312,Verde,0
OCPYU4968,RESERVA DE LA BIOSFERA RIA CELESTUN 3,YUCATAN,20.9332,-90.34974,Verde,0
OCPYU4969,RESERVA DE LA BIOSFERA RIA CELESTUN 1,YUCATAN,20.91112,-90.35282,Verde,0
OCPYU4970,RESERVA DE LA BIOSFERA,YUCATAN,20.8883,-90.35449,Verde,0
OCPYU4971,RESERVA DE LA BIOSFERA RIA CELESTUN 2,YUCATAN,20.84683,-90.3815,Verde,0
OCPYU4972,RESERVA DE LA BIOSFERA CELESTUN,YUCATAN,20.8579,-90.38184,Verde,0
OCRBR4974M2,RIO PESQUERIA EN AVENIDA PARQUE INDUSTRIAL,NUEVO LEON,25.81193,-100.34495,Amarillo,1
OCRBR4975M2,RIO PESQUERIA AGUAS ABAJO PUENTE ALCALI,NUEVO LEON,25.7846,-100.53198,Rojo,2
OCRBR4976M2,RIO ALAMO POBLADO PALO ALTO,NUEVO LEON,26.49475,-99.75414,Amarillo,1
OCRBR4977M1,PUENTE CARRETERA A COLOMBIA AGUAS ARRIBA,NUEVO LEON,26.5059,-100.43459,Amarillo,1
OCRBR4978M1,CHARCO DEL LOBO,NUEVO LEON,26.49355,-100.21079,Amarillo,1
OCRBR4979M1,TOMA SANTA FE,NUEVO LEON,26.49718,-100.41916,Amarillo,1
OCRBR4981M1,RIO CANDELA FRENTE A EJIDO HORCONES,NUEVO LEON,27.1715,-100.41341,Amarillo,1
OCRBR4982M1,CAÑON RIO BUSTAMANTE,NUEVO LEON,26.54214,-100.5377,Amarillo,1
OCRBR4983M1,RIO CANDELA (PASO DE LAGUNA EN CARROZA AGUAS ARRIBA LAMPAZOS),NUEVO LEON,27.02373,-100.5369,Amarillo,1
OCRBR4984M1,RIO CANDELA (AGUAS ABAJO DE LAGUNAS DE OXIDACION DE LAMPAZOS),NUEVO LEON,27.04247,-100.53735,Amarillo,1
OCRBR4986M1,RIO SALADO AGUAS ARRIBA DE LA PTAR ANAHUAC,NUEVO LEON,27.23572,-100.14017,Amarillo,1
OCRBR4987M1,RIO SALADO (AGUAS DEBAJO DE PTAR ANAHUAC),NUEVO LEON,27.16863,-100.02195,Amarillo,1
OCRBR4988M1,RIO SALADO (PASO DE LAS MUJERES),NUEVO LEON,26.88765,-99.86941,Amarillo,1
OCRBR4991M1,RIO SALINAS AGUAS ARRIBA PTAR MINA,NUEVO LEON,25.98879,-100.51964,Amarillo,1
OCRBR4992M1,RIO SALINAS AGUAS ABAJO PTAR MINA,NUEVO LEON,25.98908,-100.51886,Amarillo,1
OCRBR4993M1,RIO SALINAS (AGUAS ARRIBA LAGUNA OX. HIDALGO),NUEVO LEON,25.97253,-100.43202,Amarillo,1
OCRBR4994M1,RIO SALINAS (AGUAS ARRIBA PTAR ABASOLO),NUEVO LEON,25.94284,-100.40315,Amarillo,1
OCRBR4995M1,RIO SALINAS (AGUAS ARRIBA PTAR EL CARMEN),NUEVO LEON,25.9294,-100.35395,Amarillo,1
OCRBR4996M1,RIO SALINAS (AGUAS ABAJO LAGUNAS DEL CARMEN),NUEVO LEON,25.94044,-100.3199,Amarillo,1
OCRBR4997M1,RIO SALINAS (AGUAS ABAJO PTAR SALINAS VICTORIA),NUEVO LEON,25.96954,-100.26706,Amarillo,1
OCRBR5000M1,CIENEGA DE FLORES,NUEVO LEON,25.95033,-100.17044,Amarillo,1
OCRBR5002M1,AGUAS ARRIBA DEL RASTRO TIF,NUEVO LEON,25.97531,-100.20316,Amarillo,1
OCRBR5003M1,RIO SALINAS (AGUAS ABAJO LAGUNAS OXIDACION CIENEGA DE FLORES),NUEVO LEON,25.92294,-100.15656,Rojo,2
OCRBR5004M1,REAL SAN PEDRO,NUEVO LEON,25.91999,-100.1415,Amarillo,0
OCRBR5005M1,RIO SALINAS (AGUAS ARRIBA LAGUNA OXIDACION ZUAZUA),NUEVO LEON,25.89146,-100.10119,Amarillo,1
OCRBR5006M1,RIO SALINAS (AGUAS ABAJO LAGUNA OXIDACION ZUAZUA),NUEVO LEON,25.87327,-100.07011,Amarillo,1
OCRBR5009M1,PARQUE NACATAZ,NUEVO LEON,25.79772,-100.64318,Amarillo,1
OCRBR5010M2,RIO SANTA CATARINA 300 METROS AGUAS DEBAJO DE CLINICA 33,NUEVO LEON,25.66951,-100.29364,Amarillo,1
OCRBR5011M1,RIO PESQUERIA PUENTE LINCOLN,NUEVO LEON,25.78735,-100.48716,Rojo,2
OCRBR5016M1,RIO PESQUERIA AGUAS ARRIBA PTAR NORTE,NUEVO LEON,25.80148,-100.29269,Amarillo,1
OCRBR5017M1,RIO PESQUERIA AGUAS ABAJO PTAR NORTE,NUEVO LEON,25.80205,-100.28059,Amarillo,0
OCRBR5018M1,ESCOBEDO,NUEVO LEON,25.80123,-100.27726,Rojo,1
OCRBR5021M1,TOPO CHICO,NUEVO LEON,25.75826,-100.25598,Amarillo,0
OCRBR5023M1,DESCARGA DE HYLSA,NUEVO LEON,25.75876,-100.23321,Amarillo,0
OCRBR5024M2,AGUAS ABAJO DE LAS DESCARGAS DE CERVECERIA E HYLSA,NUEVO LEON,25.77229,-100.21543,Amarillo,1
OCRBR5025M1,AGUAS ARRIBA DE LAS DESCARGAS DE CERVECERIA E  HYLSA,NUEVO LEON,25.75885,-100.23333,Amarillo,2
OCRBR5026M1,DESCARGA DE CERVECERIA,NUEVO LEON,25.75877,-100.2332,Amarillo,1
OCRBR5027M1,METALES REFINADOS AGUAS ABAJO,NUEVO LEON,25.80388,-100.26846,Rojo,1
OCRBR5028M1,PIELES Y GRASAS AGUAS ABAJO,NUEVO LEON,25.80433,-100.25893,Rojo,0
OCRBR5029M1,RIO PESQUERIA (AGUAS ARRIBA PTAR SANTA ROSA),NUEVO LEON,25.83095,-100.21237,Amarillo,0
OCRBR5030M1,RIO PESQUERIA (AGUAS ABAJO PTAR SANTA ROSA),NUEVO LEON,25.82832,-100.20026,Rojo,0
OCRBR5031M1,TOPO CHICO (AGUAS ARRIBA PTAR AGUA FRIA),NUEVO LEON,25.80907,-100.17176,Amarillo,1
OCRBR5032M1,TOPO CHICO (AGUAS ABAJO PTAR AGUA FRIA),NUEVO LEON,25.81936,-100.16419,Amarillo,0
OCRBR5035M2,RIO SALINAS AGUAS DEBAJO DE LA EMPRESA BACHOCO,NUEVO LEON,25.96266,-100.19223,Amarillo,1
OCRBR5036M1,ARROYO LA TALAVERNA AGUAS ARRIBA DULCES NOMBRES,NUEVO LEON,25.73069,-100.08078,Amarillo,0
OCRBR5037M1,ARROYO AYANCUAL VADO FRANCISCO VILLA,NUEVO LEON,25.7126,-99.99546,Amarillo,0
OCRBR5038M1,LA SILLA,NUEVO LEON,25.68245,-100.19099,Amarillo,1
OCRBR5039M1,LAS ADJUNTAS,NUEVO LEON,25.68486,-100.25318,Amarillo,1
OCRBR5040M1,RIO LA SILLA (PUENTE CHAPULTEPEC),NUEVO LEON,25.66364,-100.26195,Verde,1
OCRBR5041M1,MEDEROS,NUEVO LEON,25.59663,-100.26172,Amarillo,1
OCRBR5042M1,RIO PESQUERIA (PEÑITAS AGUAS ARRIBA PTAR PESQUERIA),NUEVO LEON,25.7816,-100.04244,Amarillo,1
OCRBR5043M1,RIO PESQUERIA (AGUAS ARRIBA PTAR DULCES NOMBRES),NUEVO LEON,25.7748,-100.02404,Amarillo,1
OCRBR5044M1,LA ARENA,NUEVO LEON,25.77117,-100.00865,Verde,1
OCRBR5045M1,RIO SALINAS AGUAS ARRIBA DE LA CONFLUENCIA CON EL RIO PESQUERIA,NUEVO LEON,25.7815,-99.989,Amarillo,1
OCRBR5048M1,AYANCUAL,NUEVO LEON,25.64618,-99.62854,Amarillo,1
OCRBR5049M1,LOS RAMONES,NUEVO LEON,25.69445,-99.62213,Amarillo,1
OCRBR5050M1,LOS RAMONES (AGUAS ABAJO DEL POBLADO),NUEVO LEON,25.70983,-99.60242,Amarillo,1
OCRBR5051M1,RIO PESQUERIA (TOMA HIGUERAS AGUAS ABAJO LAGUNA OX RAMONES),NUEVO LEON,25.71822,-99.59292,Amarillo,1
OCRBR5052M1,PRESA EL GOBIERNO 3,NUEVO LEON,25.96141,-99.45109,Verde,0
OCRBR5053M1,LOS HERRERA,NUEVO LEON,25.8994,-99.40034,Amarillo,1
OCRBR5054M2,RIO PESQUERIA (AGUAS ABAJO LAGUNA DE LOS HERRERAS),NUEVO LEON,25.9057,-99.36349,Rojo,1
OCRBR5055M1,LOS ALDAMAS,NUEVO LEON,26.02515,-99.19765,Amarillo,1
OCRBR5056M1,CHINA,NUEVO LEON,25.72044,-99.25404,Amarillo,1
OCRBR5057M1,CORTINA PRESA EL CUCHILLO,NUEVO LEON,25.71147,-99.27888,Verde,0
OCRBR5058M1,OBRA DE TOMA PRESA EL CUCHILLO,NUEVO LEON,25.72418,-99.31969,Amarillo,0
OCRBR5059M1,LAS ENRAMADAS,NUEVO LEON,25.50071,-99.51806,Amarillo,1
OCRBR5060M1,RIO SAN JUAN AGUAS ABAJO DEL ARROYO EL TRETO,NUEVO LEON,25.72915,-99.2224,Rojo,1
OCRBR5061M1,TEPEHUAJE,NUEVO LEON,25.49425,-99.76796,Amarillo,1
OCRBR5063M1,SAN JUAN (AGUAS ABAJO VIA FFCC),NUEVO LEON,25.5455,-99.832,Verde,1
OCRBR5064M1,RIO RAMOS VADO LAS TRANCAS,NUEVO LEON,25.50836,-99.90968,Amarillo,1
OCRBR5065M1,RIO SANTA CATARINA CONFLUENCIA RIO SAN JUAN,NUEVO LEON,25.52859,-99.89932,Amarillo,1
OCRBR5066M1,RIO SANTA CATARINA (AGUAS ABAJO CADEREYTA),NUEVO LEON,25.57766,-99.96238,Amarillo,1
OCRBR5067M1,CADEREYTA,NUEVO LEON,25.59625,-99.99256,Amarillo,1
OCRBR5068M1,EL CASTILLO,NUEVO LEON,25.5222,-100.009,Amarillo,1
OCRBR5070M1,LA BOCA RIO SAN JUAN AGUAS ABAJO PTAR,NUEVO LEON,25.42959,-100.12443,Amarillo,1
OCRBR5071M1,PRESA RODRIGO GOMEZ(LA BOCA),NUEVO LEON,25.42657,-100.1443,Amarillo,0
OCRBR5072M1,FRENTE A COMPUERTAS PRESA LA BOCA,NUEVO LEON,25.42739,-100.12761,Amarillo,0
OCRBR5073M1,PRESA RODRIGO GOMEZ (ENTRADA ARROYO LA CHUECA ),NUEVO LEON,25.44193,-100.14804,Amarillo,0
OCRBR5074M1,PRESA RODRIGO GOMEZ 3,NUEVO LEON,25.40774,-100.12728,Verde,0
OCRBR5075M1,ARROYO MIRELES(AGUAS ARRIBA PTAR. ALLENDE II),NUEVO LEON,25.28627,-99.98653,Amarillo,1
OCRBR5076M1,ARROYO MIRELES(AGUAS ABAJO PTAR. ALLENDE),NUEVO LEON,25.29295,-99.98301,Verde,0
OCRBR5077M1,RIO RAMOS,NUEVO LEON,25.25712,-100.01599,Verde,1
OCRBR5078M1,RIO BLANQUILLO,NUEVO LEON,25.22956,-99.94031,Amarillo,1
OCRBR5079M1,RIO BLANQUILLO (AGUAS ABAJO PTAR),NUEVO LEON,25.23353,-99.93725,Verde,1
OCRBR5080M1,RAYONES,NUEVO LEON,25.02495,-99.99419,Verde,1
OCRBR5082M1,RIO PILON,NUEVO LEON,25.17326,-99.86369,Verde,1
OCRBR5083M1,RIO PILON (AGUAS ABAJO DE PTAR MONTEMORELOS),NUEVO LEON,25.17079,-99.80042,Amarillo,1
OCRBR5084M1,RIO PILON (AGUAS ARRIBA PTAR. MONTEMORELOS),NUEVO LEON,25.17067,-99.81455,Amarillo,1
OCRBR5085M1,RIO PILON (AGUAS ARRIBA PTAR. MONTEMORELOS II),NUEVO LEON,25.21013,-99.73909,Amarillo,1
OCRBR5086M1,RIO PILON (AGUAS ABAJO PTAR. MONTEMORELOS II),NUEVO LEON,25.21835,-99.72607,Amarillo,1
OCRBR5088M2,RIO SALINAS CRUCE CON AUTOPISTA MONTERREY-LAREDO,NUEVO LEON,25.97686,-100.21294,Amarillo,1
OCRBR5090M1,PUENTE CABEZONES,NUEVO LEON,24.99036,-99.74575,Amarillo,0
OCRBR5091M1,AGUA ABAJO DE ESTACION HUERTAS,NUEVO LEON,24.99174,-99.58634,Verde,1
OCRBR5092M1,PABLILLO (LA PETACA),NUEVO LEON,24.85542,-99.55923,Amarillo,1
OCRBR5096M2,ARROYO CANOAS VADO COMUNIDAD CANOAS,NUEVO LEON,25.24166,-99.9555,Amarillo,1
OCRBR5097M1,OBRA DE TOMA PRESA CERRO PRIETO,NUEVO LEON,24.93919,-99.4003,Verde,0
OCRBR5099M1,EL POPOTE (O CAMACHO),NUEVO LEON,24.89845,-99.48854,Amarillo,1
OCRBR5103M1,RIO BLANCO (AGUAS ABAJO DE LA PTAR DE ARAMBERRI),NUEVO LEON,24.11633,-99.81487,Amarillo,1
OCRBR5104M1,AGUAS ARRIBA DE ZARAGOZA,NUEVO LEON,23.96856,-99.77038,Verde,0
OCRBR5110M1,CANAL ANZALDUAS (COLONIA AGRICOLA MARIO SOUZA),TAMAULIPAS,25.65157,-98.03159,Rojo,1
OCRBR5111M1,PUENTE INTERNACIONAL VIEJO MATAMOROS.,TAMAULIPAS,25.88574,-97.51863,Rojo,0
OCRBR5112M1,DESEMBOCADURA RIO BRAVO,TAMAULIPAS,25.95536,-97.14732,Verde,0
OCRBR5113M1,PLAYA BAGDAD 1,TAMAULIPAS,25.89678,-97.14467,Verde,0
OCRBR5114M1,PLAYA BAGDAD 2,TAMAULIPAS,25.82686,-97.151,Verde,0
OCRBR5115M1,PLAYA BAGDAD 3,TAMAULIPAS,25.76534,-97.16116,Verde,0
OCRBR5116M1,PLAYA BAGDAD 4,TAMAULIPAS,25.68453,-97.18031,Verde,0
OCRBR5117M1,LAGUNA MADRE HUMEDAL 4,TAMAULIPAS,25.27083,-97.60047,Verde,0
OCRBR5118M1,LAGUNA MADRE HUMEDAL 5,TAMAULIPAS,25.29823,-97.6513,Verde,0
OCRBR5119M1,LAGUNA MADRE HUMEDAL 6,TAMAULIPAS,25.33337,-97.46439,Verde,0
OCRBR5120M1,LAGUNA MADRE HUMEDAL 7,TAMAULIPAS,25.24516,-97.47659,Verde,0
OCRBR5121M1,DESEMBOCADURA LAGUNA MADRE,TAMAULIPAS,25.23443,-97.42351,Rojo,0
OCRBR5122M1,AGUAS ABAJO DE PUENTE INTERNACIONAL NUEVO PROGRESO,TAMAULIPAS,26.0548,-97.93943,Rojo,1
OCRBR5123M1W1,REPRESA EL RETAMAL,TAMAULIPAS,26.05301,-98.03412,Rojo,1
OCRBR5124M1,CANAL EL CULEBRON PUENTE CARRETERO,TAMAULIPAS,26.02665,-98.02763,Amarillo,1
OCRBR5125M1,DREN AGRICOLA RIO BRAVO,TAMAULIPAS,26.01246,-98.05768,Rojo,2
OCRBR5126M1,PUENTE CARRETERO-109 (BRECHA),TAMAULIPAS,25.98221,-98.11823,Amarillo,1
OCRBR5127M1,RIO BRAVO 1,TAMAULIPAS,26.06162,-98.12564,Rojo,1
OCRBR5128M1,CANAL GUILLERMO RODHE 1,TAMAULIPAS,26.02418,-98.24603,Rojo,0
OCRBR5129M1,RIO BRAVO 2,TAMAULIPAS,26.077,-98.22753,Rojo,1
OCRBR5130M1,CANAL DE SALIDA DE LA LAGUNA LA ESCONDIDA EN SU CRUCE CON LA AV.ZAPOTECA,TAMAULIPAS,26.05747,-98.26096,Rojo,1
OCRBR5131M1,AGUAS ABAJO DEL PUENTE INTERNACIONAL REYNOSA,TAMAULIPAS,26.08537,-98.26489,Amarillo,0
OCRBR5132M1,RIO BRAVO AGUAS ARRIBA PUENTE INTERNACIONAL REYNOSA,TAMAULIPAS,26.10243,-98.28634,Amarillo,0
OCRBR5133M1,CANAL ANZALDUAS PUENTE PALO BLANCO,TAMAULIPAS,26.00388,-98.1651,Amarillo,1
OCRBR5134M1,RIO BRAVO 3,TAMAULIPAS,26.13132,-98.3315,Amarillo,1
OCRBR5136M1,RIO BRAVO 4 (AL NORESTE DE GUSTAVO DIAZ ORDAZ),TAMAULIPAS,26.23933,-98.56545,Rojo,1
OCRBR5137M2,DREN REYNOSA PONIENTE (LAS MUJERES) ANTES DE LA CONFLUENCIA CON CANAL ANZALDUAS,TAMAULIPAS,26.08911,-98.29289,Rojo,2
OCRBR5138M1,PUENTE RIO SAN JUAN,TAMAULIPAS,26.30753,-98.84023,Rojo,1
OCRBR5140M1,RIO BRAVO (AGUAS ABAJO DREN RANCHERIAS),TAMAULIPAS,26.35357,-98.895,Amarillo,1
OCRBR5141M1,DREN RANCHERIAS,TAMAULIPAS,26.35335,-98.93944,Rojo,1
OCRBR5142M1,RIO BRAVO 6 (FRENTE AL POBLADO LOS ANGELES),TAMAULIPAS,26.39261,-99.00192,Amarillo,1
OCRBR5145M2,ARCABUZ - 1,NUEVO LEON,26.06504,-99.18913,Rojo,1
OCRBR5148M2,RIO RAMOS AGUAS ARRIBA DEL EJIDO EL FRAILE,NUEVO LEON,25.33803,-99.94429,Amarillo,1
OCRBR5149M2,LAGUNA LA ESCONDIDA (ENTRADA),TAMAULIPAS,26.04574,-98.28476,Rojo,0
OCRBR5183M1,"SITIO 1, CANAL DE LLAMADA TOMA NORTE MUESTRA SUPERFICIAL",TAMAULIPAS,26.28583,-98.95864,Verde,0
OCRBR5191M1,"SITIO 5, CANAL DE LLAMADA TOMA SUR MUESTRA SUPERFICIAL",TAMAULIPAS,26.19254,-98.92999,Rojo,0
OCRBR5193M1,PUENTE INTERNACIONAL MIGUEL ALEMAN,TAMAULIPAS,26.40354,-99.01942,Amarillo,1
OCRBR5194M2,LAGUNA LA ESCONDIDA AL NORTE DEL CENTRO CULTURAL REYNOSA,TAMAULIPAS,26.05497,-98.27113,Rojo,0
OCRBR5195M1,RIO ALAMO PUENTE CARRETERO,TAMAULIPAS,26.4512,-99.15277,Amarillo,1
OCRBR5196M1,100 M AGUAS ABAJO DE LA PRESA FALCON,TAMAULIPAS,26.55448,-99.17006,Amarillo,0
OCRBR5202M1,PRESA INTERNACIONAL FALCON 6,TAMAULIPAS,26.61445,-99.24931,Verde,0
OCRBR5205M1,PRESA INTERNACIONAL FALCON 9,TAMAULIPAS,26.56869,-99.19033,Verde,0
OCRBR5206M1,RIO SALADO PUENTE CARRETERO,TAMAULIPAS,26.78971,-99.42142,Amarillo,0
OCRBR5207M1,EL LAGUITO,TAMAULIPAS,27.43714,-99.53064,Rojo,0
OCRBR5208M1,PUENTE INTERNACIONAL I NUEVO LAREDO,TAMAULIPAS,27.49901,-99.50727,Rojo,0
OCRBR5209M1,RIO BRAVO FRENTE A COMAPA,TAMAULIPAS,27.49631,-99.52221,Amarillo,0
OCRBR5210M1,RIO BRAVO 8 (PASO DE LOS INDIOS),TAMAULIPAS,27.51697,-99.52572,Amarillo,1
